contest,candidate,reporting_unit,votes,county,ctv,municipality
PRESIDENT/VICE PRESIDENT 0,PRESIDENT/VICE PRESIDENT 0,TOWN OF ALMA,NA,BUFFALO,T,ALMA
PRESIDENT/VICE PRESIDENT 0,PRESIDENT/VICE PRESIDENT 0,TOWN OF BELVIDERE,NA,BUFFALO,T,BELVIDERE
PRESIDENT/VICE PRESIDENT 0,PRESIDENT/VICE PRESIDENT 0,TOWN OF BUFFALO,NA,BUFFALO,T,BUFFALO
PRESIDENT/VICE PRESIDENT 0,PRESIDENT/VICE PRESIDENT 0,TOWN OF CANTON,NA,BUFFALO,T,CANTON
PRESIDENT/VICE PRESIDENT 0,PRESIDENT/VICE PRESIDENT 0,TOWN OF CROSS,NA,BUFFALO,T,CROSS
PRESIDENT/VICE PRESIDENT 0,PRESIDENT/VICE PRESIDENT 0,TOWN OF DOVER,NA,BUFFALO,T,DOVER
PRESIDENT/VICE PRESIDENT 0,PRESIDENT/VICE PRESIDENT 0,TOWN OF GILMANTON,NA,BUFFALO,T,GILMANTON
PRESIDENT/VICE PRESIDENT 0,PRESIDENT/VICE PRESIDENT 0,TOWN OF GLENCOE,NA,BUFFALO,T,GLENCOE
PRESIDENT/VICE PRESIDENT 0,PRESIDENT/VICE PRESIDENT 0,TOWN OF LINCOLN,NA,BUFFALO,T,LINCOLN
PRESIDENT/VICE PRESIDENT 0,PRESIDENT/VICE PRESIDENT 0,TOWN OF MAXVILLE,NA,BUFFALO,T,MAXVILLE
PRESIDENT/VICE PRESIDENT 0,PRESIDENT/VICE PRESIDENT 0,TOWN OF MILTON,NA,BUFFALO,T,MILTON
PRESIDENT/VICE PRESIDENT 0,PRESIDENT/VICE PRESIDENT 0,TOWN OF MODENA,NA,BUFFALO,T,MODENA
PRESIDENT/VICE PRESIDENT 0,PRESIDENT/VICE PRESIDENT 0,TOWN OF MONDOVI,NA,BUFFALO,T,MONDOVI
PRESIDENT/VICE PRESIDENT 0,PRESIDENT/VICE PRESIDENT 0,TOWN OF MONTANA,NA,BUFFALO,T,MONTANA
PRESIDENT/VICE PRESIDENT 0,PRESIDENT/VICE PRESIDENT 0,TOWN OF NAPLES,NA,BUFFALO,T,NAPLES
PRESIDENT/VICE PRESIDENT 0,PRESIDENT/VICE PRESIDENT 0,TOWN OF NELSON,NA,BUFFALO,T,NELSON
PRESIDENT/VICE PRESIDENT 0,PRESIDENT/VICE PRESIDENT 0,TOWN OF WAUMANDEE,NA,BUFFALO,T,WAUMANDEE
PRESIDENT/VICE PRESIDENT 0,PRESIDENT/VICE PRESIDENT 0,VILLAGE OF COCHRANE,NA,BUFFALO,V,COCHRANE
PRESIDENT/VICE PRESIDENT 0,PRESIDENT/VICE PRESIDENT 0,VILLAGE OF NELSON,NA,BUFFALO,V,NELSON
PRESIDENT/VICE PRESIDENT 0,PRESIDENT/VICE PRESIDENT 0,CITY OF ALMA W1&2,NA,BUFFALO,C,ALMA
PRESIDENT/VICE PRESIDENT 0,PRESIDENT/VICE PRESIDENT 0,CITY OF BUFFALO CITY,NA,BUFFALO,C,BUFFALO CITY
PRESIDENT/VICE PRESIDENT 0,PRESIDENT/VICE PRESIDENT 0,CITY OF FOUNTAIN CITY W1&2,NA,BUFFALO,C,FOUNTAIN CITY
PRESIDENT/VICE PRESIDENT 0,PRESIDENT/VICE PRESIDENT 0,CITY OF MONDOVI W13,NA,BUFFALO,C,MONDOVI
PRESIDENT/VICE PRESIDENT 0,KAMALA D. HARRIS / TIM WALZ,TOWN OF ALMA,NA,BUFFALO,T,ALMA
PRESIDENT/VICE PRESIDENT 0,KAMALA D. HARRIS / TIM WALZ,TOWN OF BELVIDERE,NA,BUFFALO,T,BELVIDERE
PRESIDENT/VICE PRESIDENT 0,KAMALA D. HARRIS / TIM WALZ,TOWN OF BUFFALO,NA,BUFFALO,T,BUFFALO
PRESIDENT/VICE PRESIDENT 0,KAMALA D. HARRIS / TIM WALZ,TOWN OF CANTON,NA,BUFFALO,T,CANTON
PRESIDENT/VICE PRESIDENT 0,KAMALA D. HARRIS / TIM WALZ,TOWN OF CROSS,NA,BUFFALO,T,CROSS
PRESIDENT/VICE PRESIDENT 0,KAMALA D. HARRIS / TIM WALZ,TOWN OF DOVER,NA,BUFFALO,T,DOVER
PRESIDENT/VICE PRESIDENT 0,KAMALA D. HARRIS / TIM WALZ,TOWN OF GILMANTON,NA,BUFFALO,T,GILMANTON
PRESIDENT/VICE PRESIDENT 0,KAMALA D. HARRIS / TIM WALZ,TOWN OF GLENCOE,NA,BUFFALO,T,GLENCOE
PRESIDENT/VICE PRESIDENT 0,KAMALA D. HARRIS / TIM WALZ,TOWN OF LINCOLN,NA,BUFFALO,T,LINCOLN
PRESIDENT/VICE PRESIDENT 0,KAMALA D. HARRIS / TIM WALZ,TOWN OF MAXVILLE,NA,BUFFALO,T,MAXVILLE
PRESIDENT/VICE PRESIDENT 0,KAMALA D. HARRIS / TIM WALZ,TOWN OF MILTON,NA,BUFFALO,T,MILTON
PRESIDENT/VICE PRESIDENT 0,KAMALA D. HARRIS / TIM WALZ,TOWN OF MODENA,NA,BUFFALO,T,MODENA
PRESIDENT/VICE PRESIDENT 0,KAMALA D. HARRIS / TIM WALZ,TOWN OF MONDOVI,NA,BUFFALO,T,MONDOVI
PRESIDENT/VICE PRESIDENT 0,KAMALA D. HARRIS / TIM WALZ,TOWN OF MONTANA,NA,BUFFALO,T,MONTANA
PRESIDENT/VICE PRESIDENT 0,KAMALA D. HARRIS / TIM WALZ,TOWN OF NAPLES,NA,BUFFALO,T,NAPLES
PRESIDENT/VICE PRESIDENT 0,KAMALA D. HARRIS / TIM WALZ,TOWN OF NELSON,NA,BUFFALO,T,NELSON
PRESIDENT/VICE PRESIDENT 0,KAMALA D. HARRIS / TIM WALZ,TOWN OF WAUMANDEE,NA,BUFFALO,T,WAUMANDEE
PRESIDENT/VICE PRESIDENT 0,KAMALA D. HARRIS / TIM WALZ,VILLAGE OF COCHRANE,NA,BUFFALO,V,COCHRANE
PRESIDENT/VICE PRESIDENT 0,KAMALA D. HARRIS / TIM WALZ,VILLAGE OF NELSON,NA,BUFFALO,V,NELSON
PRESIDENT/VICE PRESIDENT 0,KAMALA D. HARRIS / TIM WALZ,CITY OF ALMA W1&2,NA,BUFFALO,C,ALMA
PRESIDENT/VICE PRESIDENT 0,KAMALA D. HARRIS / TIM WALZ,CITY OF BUFFALO CITY,NA,BUFFALO,C,BUFFALO CITY
PRESIDENT/VICE PRESIDENT 0,KAMALA D. HARRIS / TIM WALZ,CITY OF FOUNTAIN CITY W1&2,NA,BUFFALO,C,FOUNTAIN CITY
PRESIDENT/VICE PRESIDENT 0,KAMALA D. HARRIS / TIM WALZ,CITY OF MONDOVI W13,NA,BUFFALO,C,MONDOVI
PRESIDENT/VICE PRESIDENT 0,DONALD J. TRUMP / JD VANCE,TOWN OF ALMA,NA,BUFFALO,T,ALMA
PRESIDENT/VICE PRESIDENT 0,DONALD J. TRUMP / JD VANCE,TOWN OF BELVIDERE,NA,BUFFALO,T,BELVIDERE
PRESIDENT/VICE PRESIDENT 0,DONALD J. TRUMP / JD VANCE,TOWN OF BUFFALO,NA,BUFFALO,T,BUFFALO
PRESIDENT/VICE PRESIDENT 0,DONALD J. TRUMP / JD VANCE,TOWN OF CANTON,NA,BUFFALO,T,CANTON
PRESIDENT/VICE PRESIDENT 0,DONALD J. TRUMP / JD VANCE,TOWN OF CROSS,NA,BUFFALO,T,CROSS
PRESIDENT/VICE PRESIDENT 0,DONALD J. TRUMP / JD VANCE,TOWN OF DOVER,NA,BUFFALO,T,DOVER
PRESIDENT/VICE PRESIDENT 0,DONALD J. TRUMP / JD VANCE,TOWN OF GILMANTON,NA,BUFFALO,T,GILMANTON
PRESIDENT/VICE PRESIDENT 0,DONALD J. TRUMP / JD VANCE,TOWN OF GLENCOE,NA,BUFFALO,T,GLENCOE
PRESIDENT/VICE PRESIDENT 0,DONALD J. TRUMP / JD VANCE,TOWN OF LINCOLN,NA,BUFFALO,T,LINCOLN
PRESIDENT/VICE PRESIDENT 0,DONALD J. TRUMP / JD VANCE,TOWN OF MAXVILLE,NA,BUFFALO,T,MAXVILLE
PRESIDENT/VICE PRESIDENT 0,DONALD J. TRUMP / JD VANCE,TOWN OF MILTON,NA,BUFFALO,T,MILTON
PRESIDENT/VICE PRESIDENT 0,DONALD J. TRUMP / JD VANCE,TOWN OF MODENA,NA,BUFFALO,T,MODENA
PRESIDENT/VICE PRESIDENT 0,DONALD J. TRUMP / JD VANCE,TOWN OF MONDOVI,NA,BUFFALO,T,MONDOVI
PRESIDENT/VICE PRESIDENT 0,DONALD J. TRUMP / JD VANCE,TOWN OF MONTANA,NA,BUFFALO,T,MONTANA
PRESIDENT/VICE PRESIDENT 0,DONALD J. TRUMP / JD VANCE,TOWN OF NAPLES,NA,BUFFALO,T,NAPLES
PRESIDENT/VICE PRESIDENT 0,DONALD J. TRUMP / JD VANCE,TOWN OF NELSON,NA,BUFFALO,T,NELSON
PRESIDENT/VICE PRESIDENT 0,DONALD J. TRUMP / JD VANCE,TOWN OF WAUMANDEE,NA,BUFFALO,T,WAUMANDEE
PRESIDENT/VICE PRESIDENT 0,DONALD J. TRUMP / JD VANCE,VILLAGE OF COCHRANE,NA,BUFFALO,V,COCHRANE
PRESIDENT/VICE PRESIDENT 0,DONALD J. TRUMP / JD VANCE,VILLAGE OF NELSON,NA,BUFFALO,V,NELSON
PRESIDENT/VICE PRESIDENT 0,DONALD J. TRUMP / JD VANCE,CITY OF ALMA W1&2,NA,BUFFALO,C,ALMA
PRESIDENT/VICE PRESIDENT 0,DONALD J. TRUMP / JD VANCE,CITY OF BUFFALO CITY,NA,BUFFALO,C,BUFFALO CITY
PRESIDENT/VICE PRESIDENT 0,DONALD J. TRUMP / JD VANCE,CITY OF FOUNTAIN CITY W1&2,NA,BUFFALO,C,FOUNTAIN CITY
PRESIDENT/VICE PRESIDENT 0,DONALD J. TRUMP / JD VANCE,CITY OF MONDOVI W13,NA,BUFFALO,C,MONDOVI
PRESIDENT/VICE PRESIDENT 0,RANDALL TERRY / STEPHEN BRODEN,TOWN OF ALMA,NA,BUFFALO,T,ALMA
PRESIDENT/VICE PRESIDENT 0,RANDALL TERRY / STEPHEN BRODEN,TOWN OF BELVIDERE,NA,BUFFALO,T,BELVIDERE
PRESIDENT/VICE PRESIDENT 0,RANDALL TERRY / STEPHEN BRODEN,TOWN OF BUFFALO,NA,BUFFALO,T,BUFFALO
PRESIDENT/VICE PRESIDENT 0,RANDALL TERRY / STEPHEN BRODEN,TOWN OF CANTON,NA,BUFFALO,T,CANTON
PRESIDENT/VICE PRESIDENT 0,RANDALL TERRY / STEPHEN BRODEN,TOWN OF CROSS,NA,BUFFALO,T,CROSS
PRESIDENT/VICE PRESIDENT 0,RANDALL TERRY / STEPHEN BRODEN,TOWN OF DOVER,NA,BUFFALO,T,DOVER
PRESIDENT/VICE PRESIDENT 0,RANDALL TERRY / STEPHEN BRODEN,TOWN OF GILMANTON,NA,BUFFALO,T,GILMANTON
PRESIDENT/VICE PRESIDENT 0,RANDALL TERRY / STEPHEN BRODEN,TOWN OF GLENCOE,NA,BUFFALO,T,GLENCOE
PRESIDENT/VICE PRESIDENT 0,RANDALL TERRY / STEPHEN BRODEN,TOWN OF LINCOLN,NA,BUFFALO,T,LINCOLN
PRESIDENT/VICE PRESIDENT 0,RANDALL TERRY / STEPHEN BRODEN,TOWN OF MAXVILLE,NA,BUFFALO,T,MAXVILLE
PRESIDENT/VICE PRESIDENT 0,RANDALL TERRY / STEPHEN BRODEN,TOWN OF MILTON,NA,BUFFALO,T,MILTON
PRESIDENT/VICE PRESIDENT 0,RANDALL TERRY / STEPHEN BRODEN,TOWN OF MODENA,NA,BUFFALO,T,MODENA
PRESIDENT/VICE PRESIDENT 0,RANDALL TERRY / STEPHEN BRODEN,TOWN OF MONDOVI,NA,BUFFALO,T,MONDOVI
PRESIDENT/VICE PRESIDENT 0,RANDALL TERRY / STEPHEN BRODEN,TOWN OF MONTANA,NA,BUFFALO,T,MONTANA
PRESIDENT/VICE PRESIDENT 0,RANDALL TERRY / STEPHEN BRODEN,TOWN OF NAPLES,NA,BUFFALO,T,NAPLES
PRESIDENT/VICE PRESIDENT 0,RANDALL TERRY / STEPHEN BRODEN,TOWN OF NELSON,NA,BUFFALO,T,NELSON
PRESIDENT/VICE PRESIDENT 0,RANDALL TERRY / STEPHEN BRODEN,TOWN OF WAUMANDEE,NA,BUFFALO,T,WAUMANDEE
PRESIDENT/VICE PRESIDENT 0,RANDALL TERRY / STEPHEN BRODEN,VILLAGE OF COCHRANE,NA,BUFFALO,V,COCHRANE
PRESIDENT/VICE PRESIDENT 0,RANDALL TERRY / STEPHEN BRODEN,VILLAGE OF NELSON,NA,BUFFALO,V,NELSON
PRESIDENT/VICE PRESIDENT 0,RANDALL TERRY / STEPHEN BRODEN,CITY OF ALMA W1&2,NA,BUFFALO,C,ALMA
PRESIDENT/VICE PRESIDENT 0,RANDALL TERRY / STEPHEN BRODEN,CITY OF BUFFALO CITY,NA,BUFFALO,C,BUFFALO CITY
PRESIDENT/VICE PRESIDENT 0,RANDALL TERRY / STEPHEN BRODEN,CITY OF FOUNTAIN CITY W1&2,NA,BUFFALO,C,FOUNTAIN CITY
PRESIDENT/VICE PRESIDENT 0,RANDALL TERRY / STEPHEN BRODEN,CITY OF MONDOVI W13,NA,BUFFALO,C,MONDOVI
PRESIDENT/VICE PRESIDENT 0,CHASE RUSSELL OLIVER / MIKE TER MAAT,TOWN OF ALMA,NA,BUFFALO,T,ALMA
PRESIDENT/VICE PRESIDENT 0,CHASE RUSSELL OLIVER / MIKE TER MAAT,TOWN OF BELVIDERE,NA,BUFFALO,T,BELVIDERE
PRESIDENT/VICE PRESIDENT 0,CHASE RUSSELL OLIVER / MIKE TER MAAT,TOWN OF BUFFALO,NA,BUFFALO,T,BUFFALO
PRESIDENT/VICE PRESIDENT 0,CHASE RUSSELL OLIVER / MIKE TER MAAT,TOWN OF CANTON,NA,BUFFALO,T,CANTON
PRESIDENT/VICE PRESIDENT 0,CHASE RUSSELL OLIVER / MIKE TER MAAT,TOWN OF CROSS,NA,BUFFALO,T,CROSS
PRESIDENT/VICE PRESIDENT 0,CHASE RUSSELL OLIVER / MIKE TER MAAT,TOWN OF DOVER,NA,BUFFALO,T,DOVER
PRESIDENT/VICE PRESIDENT 0,CHASE RUSSELL OLIVER / MIKE TER MAAT,TOWN OF GILMANTON,NA,BUFFALO,T,GILMANTON
PRESIDENT/VICE PRESIDENT 0,CHASE RUSSELL OLIVER / MIKE TER MAAT,TOWN OF GLENCOE,NA,BUFFALO,T,GLENCOE
PRESIDENT/VICE PRESIDENT 0,CHASE RUSSELL OLIVER / MIKE TER MAAT,TOWN OF LINCOLN,NA,BUFFALO,T,LINCOLN
PRESIDENT/VICE PRESIDENT 0,CHASE RUSSELL OLIVER / MIKE TER MAAT,TOWN OF MAXVILLE,NA,BUFFALO,T,MAXVILLE
PRESIDENT/VICE PRESIDENT 0,CHASE RUSSELL OLIVER / MIKE TER MAAT,TOWN OF MILTON,NA,BUFFALO,T,MILTON
PRESIDENT/VICE PRESIDENT 0,CHASE RUSSELL OLIVER / MIKE TER MAAT,TOWN OF MODENA,NA,BUFFALO,T,MODENA
PRESIDENT/VICE PRESIDENT 0,CHASE RUSSELL OLIVER / MIKE TER MAAT,TOWN OF MONDOVI,NA,BUFFALO,T,MONDOVI
PRESIDENT/VICE PRESIDENT 0,CHASE RUSSELL OLIVER / MIKE TER MAAT,TOWN OF MONTANA,NA,BUFFALO,T,MONTANA
PRESIDENT/VICE PRESIDENT 0,CHASE RUSSELL OLIVER / MIKE TER MAAT,TOWN OF NAPLES,NA,BUFFALO,T,NAPLES
PRESIDENT/VICE PRESIDENT 0,CHASE RUSSELL OLIVER / MIKE TER MAAT,TOWN OF NELSON,NA,BUFFALO,T,NELSON
PRESIDENT/VICE PRESIDENT 0,CHASE RUSSELL OLIVER / MIKE TER MAAT,TOWN OF WAUMANDEE,NA,BUFFALO,T,WAUMANDEE
PRESIDENT/VICE PRESIDENT 0,CHASE RUSSELL OLIVER / MIKE TER MAAT,VILLAGE OF COCHRANE,NA,BUFFALO,V,COCHRANE
PRESIDENT/VICE PRESIDENT 0,CHASE RUSSELL OLIVER / MIKE TER MAAT,VILLAGE OF NELSON,NA,BUFFALO,V,NELSON
PRESIDENT/VICE PRESIDENT 0,CHASE RUSSELL OLIVER / MIKE TER MAAT,CITY OF ALMA W1&2,NA,BUFFALO,C,ALMA
PRESIDENT/VICE PRESIDENT 0,CHASE RUSSELL OLIVER / MIKE TER MAAT,CITY OF BUFFALO CITY,NA,BUFFALO,C,BUFFALO CITY
PRESIDENT/VICE PRESIDENT 0,CHASE RUSSELL OLIVER / MIKE TER MAAT,CITY OF FOUNTAIN CITY W1&2,NA,BUFFALO,C,FOUNTAIN CITY
PRESIDENT/VICE PRESIDENT 0,CHASE RUSSELL OLIVER / MIKE TER MAAT,CITY OF MONDOVI W13,NA,BUFFALO,C,MONDOVI
PRESIDENT/VICE PRESIDENT 0,JILL STEIN / RUDOLPH WARE,TOWN OF ALMA,NA,BUFFALO,T,ALMA
PRESIDENT/VICE PRESIDENT 0,JILL STEIN / RUDOLPH WARE,TOWN OF BELVIDERE,NA,BUFFALO,T,BELVIDERE
PRESIDENT/VICE PRESIDENT 0,JILL STEIN / RUDOLPH WARE,TOWN OF BUFFALO,NA,BUFFALO,T,BUFFALO
PRESIDENT/VICE PRESIDENT 0,JILL STEIN / RUDOLPH WARE,TOWN OF CANTON,NA,BUFFALO,T,CANTON
PRESIDENT/VICE PRESIDENT 0,JILL STEIN / RUDOLPH WARE,TOWN OF CROSS,NA,BUFFALO,T,CROSS
PRESIDENT/VICE PRESIDENT 0,JILL STEIN / RUDOLPH WARE,TOWN OF DOVER,NA,BUFFALO,T,DOVER
PRESIDENT/VICE PRESIDENT 0,JILL STEIN / RUDOLPH WARE,TOWN OF GILMANTON,NA,BUFFALO,T,GILMANTON
PRESIDENT/VICE PRESIDENT 0,JILL STEIN / RUDOLPH WARE,TOWN OF GLENCOE,NA,BUFFALO,T,GLENCOE
PRESIDENT/VICE PRESIDENT 0,JILL STEIN / RUDOLPH WARE,TOWN OF LINCOLN,NA,BUFFALO,T,LINCOLN
PRESIDENT/VICE PRESIDENT 0,JILL STEIN / RUDOLPH WARE,TOWN OF MAXVILLE,NA,BUFFALO,T,MAXVILLE
PRESIDENT/VICE PRESIDENT 0,JILL STEIN / RUDOLPH WARE,TOWN OF MILTON,NA,BUFFALO,T,MILTON
PRESIDENT/VICE PRESIDENT 0,JILL STEIN / RUDOLPH WARE,TOWN OF MODENA,NA,BUFFALO,T,MODENA
PRESIDENT/VICE PRESIDENT 0,JILL STEIN / RUDOLPH WARE,TOWN OF MONDOVI,NA,BUFFALO,T,MONDOVI
PRESIDENT/VICE PRESIDENT 0,JILL STEIN / RUDOLPH WARE,TOWN OF MONTANA,NA,BUFFALO,T,MONTANA
PRESIDENT/VICE PRESIDENT 0,JILL STEIN / RUDOLPH WARE,TOWN OF NAPLES,NA,BUFFALO,T,NAPLES
PRESIDENT/VICE PRESIDENT 0,JILL STEIN / RUDOLPH WARE,TOWN OF NELSON,NA,BUFFALO,T,NELSON
PRESIDENT/VICE PRESIDENT 0,JILL STEIN / RUDOLPH WARE,TOWN OF WAUMANDEE,NA,BUFFALO,T,WAUMANDEE
PRESIDENT/VICE PRESIDENT 0,JILL STEIN / RUDOLPH WARE,VILLAGE OF COCHRANE,NA,BUFFALO,V,COCHRANE
PRESIDENT/VICE PRESIDENT 0,JILL STEIN / RUDOLPH WARE,VILLAGE OF NELSON,NA,BUFFALO,V,NELSON
PRESIDENT/VICE PRESIDENT 0,JILL STEIN / RUDOLPH WARE,CITY OF ALMA W1&2,NA,BUFFALO,C,ALMA
PRESIDENT/VICE PRESIDENT 0,JILL STEIN / RUDOLPH WARE,CITY OF BUFFALO CITY,NA,BUFFALO,C,BUFFALO CITY
PRESIDENT/VICE PRESIDENT 0,JILL STEIN / RUDOLPH WARE,CITY OF FOUNTAIN CITY W1&2,NA,BUFFALO,C,FOUNTAIN CITY
PRESIDENT/VICE PRESIDENT 0,JILL STEIN / RUDOLPH WARE,CITY OF MONDOVI W13,NA,BUFFALO,C,MONDOVI
PRESIDENT/VICE PRESIDENT 0,CLAUDIA DE LA CRUZ / KARINA GARCIA,TOWN OF ALMA,NA,BUFFALO,T,ALMA
PRESIDENT/VICE PRESIDENT 0,CLAUDIA DE LA CRUZ / KARINA GARCIA,TOWN OF BELVIDERE,NA,BUFFALO,T,BELVIDERE
PRESIDENT/VICE PRESIDENT 0,CLAUDIA DE LA CRUZ / KARINA GARCIA,TOWN OF BUFFALO,NA,BUFFALO,T,BUFFALO
PRESIDENT/VICE PRESIDENT 0,CLAUDIA DE LA CRUZ / KARINA GARCIA,TOWN OF CANTON,NA,BUFFALO,T,CANTON
PRESIDENT/VICE PRESIDENT 0,CLAUDIA DE LA CRUZ / KARINA GARCIA,TOWN OF CROSS,NA,BUFFALO,T,CROSS
PRESIDENT/VICE PRESIDENT 0,CLAUDIA DE LA CRUZ / KARINA GARCIA,TOWN OF DOVER,NA,BUFFALO,T,DOVER
PRESIDENT/VICE PRESIDENT 0,CLAUDIA DE LA CRUZ / KARINA GARCIA,TOWN OF GILMANTON,NA,BUFFALO,T,GILMANTON
PRESIDENT/VICE PRESIDENT 0,CLAUDIA DE LA CRUZ / KARINA GARCIA,TOWN OF GLENCOE,NA,BUFFALO,T,GLENCOE
PRESIDENT/VICE PRESIDENT 0,CLAUDIA DE LA CRUZ / KARINA GARCIA,TOWN OF LINCOLN,NA,BUFFALO,T,LINCOLN
PRESIDENT/VICE PRESIDENT 0,CLAUDIA DE LA CRUZ / KARINA GARCIA,TOWN OF MAXVILLE,NA,BUFFALO,T,MAXVILLE
PRESIDENT/VICE PRESIDENT 0,CLAUDIA DE LA CRUZ / KARINA GARCIA,TOWN OF MILTON,NA,BUFFALO,T,MILTON
PRESIDENT/VICE PRESIDENT 0,CLAUDIA DE LA CRUZ / KARINA GARCIA,TOWN OF MODENA,NA,BUFFALO,T,MODENA
PRESIDENT/VICE PRESIDENT 0,CLAUDIA DE LA CRUZ / KARINA GARCIA,TOWN OF MONDOVI,NA,BUFFALO,T,MONDOVI
PRESIDENT/VICE PRESIDENT 0,CLAUDIA DE LA CRUZ / KARINA GARCIA,TOWN OF MONTANA,NA,BUFFALO,T,MONTANA
PRESIDENT/VICE PRESIDENT 0,CLAUDIA DE LA CRUZ / KARINA GARCIA,TOWN OF NAPLES,NA,BUFFALO,T,NAPLES
PRESIDENT/VICE PRESIDENT 0,CLAUDIA DE LA CRUZ / KARINA GARCIA,TOWN OF NELSON,NA,BUFFALO,T,NELSON
PRESIDENT/VICE PRESIDENT 0,CLAUDIA DE LA CRUZ / KARINA GARCIA,TOWN OF WAUMANDEE,NA,BUFFALO,T,WAUMANDEE
PRESIDENT/VICE PRESIDENT 0,CLAUDIA DE LA CRUZ / KARINA GARCIA,VILLAGE OF COCHRANE,NA,BUFFALO,V,COCHRANE
PRESIDENT/VICE PRESIDENT 0,CLAUDIA DE LA CRUZ / KARINA GARCIA,VILLAGE OF NELSON,NA,BUFFALO,V,NELSON
PRESIDENT/VICE PRESIDENT 0,CLAUDIA DE LA CRUZ / KARINA GARCIA,CITY OF ALMA W1&2,NA,BUFFALO,C,ALMA
PRESIDENT/VICE PRESIDENT 0,CLAUDIA DE LA CRUZ / KARINA GARCIA,CITY OF BUFFALO CITY,NA,BUFFALO,C,BUFFALO CITY
PRESIDENT/VICE PRESIDENT 0,CLAUDIA DE LA CRUZ / KARINA GARCIA,CITY OF FOUNTAIN CITY W1&2,NA,BUFFALO,C,FOUNTAIN CITY
PRESIDENT/VICE PRESIDENT 0,CLAUDIA DE LA CRUZ / KARINA GARCIA,CITY OF MONDOVI W13,NA,BUFFALO,C,MONDOVI
PRESIDENT/VICE PRESIDENT 0,CORNEL WEST / MELINA ABDULLAH,TOWN OF ALMA,NA,BUFFALO,T,ALMA
PRESIDENT/VICE PRESIDENT 0,CORNEL WEST / MELINA ABDULLAH,TOWN OF BELVIDERE,NA,BUFFALO,T,BELVIDERE
PRESIDENT/VICE PRESIDENT 0,CORNEL WEST / MELINA ABDULLAH,TOWN OF BUFFALO,NA,BUFFALO,T,BUFFALO
PRESIDENT/VICE PRESIDENT 0,CORNEL WEST / MELINA ABDULLAH,TOWN OF CANTON,NA,BUFFALO,T,CANTON
PRESIDENT/VICE PRESIDENT 0,CORNEL WEST / MELINA ABDULLAH,TOWN OF CROSS,NA,BUFFALO,T,CROSS
PRESIDENT/VICE PRESIDENT 0,CORNEL WEST / MELINA ABDULLAH,TOWN OF DOVER,NA,BUFFALO,T,DOVER
PRESIDENT/VICE PRESIDENT 0,CORNEL WEST / MELINA ABDULLAH,TOWN OF GILMANTON,NA,BUFFALO,T,GILMANTON
PRESIDENT/VICE PRESIDENT 0,CORNEL WEST / MELINA ABDULLAH,TOWN OF GLENCOE,NA,BUFFALO,T,GLENCOE
PRESIDENT/VICE PRESIDENT 0,CORNEL WEST / MELINA ABDULLAH,TOWN OF LINCOLN,NA,BUFFALO,T,LINCOLN
PRESIDENT/VICE PRESIDENT 0,CORNEL WEST / MELINA ABDULLAH,TOWN OF MAXVILLE,NA,BUFFALO,T,MAXVILLE
PRESIDENT/VICE PRESIDENT 0,CORNEL WEST / MELINA ABDULLAH,TOWN OF MILTON,NA,BUFFALO,T,MILTON
PRESIDENT/VICE PRESIDENT 0,CORNEL WEST / MELINA ABDULLAH,TOWN OF MODENA,NA,BUFFALO,T,MODENA
PRESIDENT/VICE PRESIDENT 0,CORNEL WEST / MELINA ABDULLAH,TOWN OF MONDOVI,NA,BUFFALO,T,MONDOVI
PRESIDENT/VICE PRESIDENT 0,CORNEL WEST / MELINA ABDULLAH,TOWN OF MONTANA,NA,BUFFALO,T,MONTANA
PRESIDENT/VICE PRESIDENT 0,CORNEL WEST / MELINA ABDULLAH,TOWN OF NAPLES,NA,BUFFALO,T,NAPLES
PRESIDENT/VICE PRESIDENT 0,CORNEL WEST / MELINA ABDULLAH,TOWN OF NELSON,NA,BUFFALO,T,NELSON
PRESIDENT/VICE PRESIDENT 0,CORNEL WEST / MELINA ABDULLAH,TOWN OF WAUMANDEE,NA,BUFFALO,T,WAUMANDEE
PRESIDENT/VICE PRESIDENT 0,CORNEL WEST / MELINA ABDULLAH,VILLAGE OF COCHRANE,NA,BUFFALO,V,COCHRANE
PRESIDENT/VICE PRESIDENT 0,CORNEL WEST / MELINA ABDULLAH,VILLAGE OF NELSON,NA,BUFFALO,V,NELSON
PRESIDENT/VICE PRESIDENT 0,CORNEL WEST / MELINA ABDULLAH,CITY OF ALMA W1&2,NA,BUFFALO,C,ALMA
PRESIDENT/VICE PRESIDENT 0,CORNEL WEST / MELINA ABDULLAH,CITY OF BUFFALO CITY,NA,BUFFALO,C,BUFFALO CITY
PRESIDENT/VICE PRESIDENT 0,CORNEL WEST / MELINA ABDULLAH,CITY OF FOUNTAIN CITY W1&2,NA,BUFFALO,C,FOUNTAIN CITY
PRESIDENT/VICE PRESIDENT 0,CORNEL WEST / MELINA ABDULLAH,CITY OF MONDOVI W13,NA,BUFFALO,C,MONDOVI
PRESIDENT/VICE PRESIDENT 0,"ROBERT F. KENNEDY, JR. / NICOLE SHANAHAN",TOWN OF ALMA,NA,BUFFALO,T,ALMA
PRESIDENT/VICE PRESIDENT 0,"ROBERT F. KENNEDY, JR. / NICOLE SHANAHAN",TOWN OF BELVIDERE,NA,BUFFALO,T,BELVIDERE
PRESIDENT/VICE PRESIDENT 0,"ROBERT F. KENNEDY, JR. / NICOLE SHANAHAN",TOWN OF BUFFALO,NA,BUFFALO,T,BUFFALO
PRESIDENT/VICE PRESIDENT 0,"ROBERT F. KENNEDY, JR. / NICOLE SHANAHAN",TOWN OF CANTON,NA,BUFFALO,T,CANTON
PRESIDENT/VICE PRESIDENT 0,"ROBERT F. KENNEDY, JR. / NICOLE SHANAHAN",TOWN OF CROSS,NA,BUFFALO,T,CROSS
PRESIDENT/VICE PRESIDENT 0,"ROBERT F. KENNEDY, JR. / NICOLE SHANAHAN",TOWN OF DOVER,NA,BUFFALO,T,DOVER
PRESIDENT/VICE PRESIDENT 0,"ROBERT F. KENNEDY, JR. / NICOLE SHANAHAN",TOWN OF GILMANTON,NA,BUFFALO,T,GILMANTON
PRESIDENT/VICE PRESIDENT 0,"ROBERT F. KENNEDY, JR. / NICOLE SHANAHAN",TOWN OF GLENCOE,NA,BUFFALO,T,GLENCOE
PRESIDENT/VICE PRESIDENT 0,"ROBERT F. KENNEDY, JR. / NICOLE SHANAHAN",TOWN OF LINCOLN,NA,BUFFALO,T,LINCOLN
PRESIDENT/VICE PRESIDENT 0,"ROBERT F. KENNEDY, JR. / NICOLE SHANAHAN",TOWN OF MAXVILLE,NA,BUFFALO,T,MAXVILLE
PRESIDENT/VICE PRESIDENT 0,"ROBERT F. KENNEDY, JR. / NICOLE SHANAHAN",TOWN OF MILTON,NA,BUFFALO,T,MILTON
PRESIDENT/VICE PRESIDENT 0,"ROBERT F. KENNEDY, JR. / NICOLE SHANAHAN",TOWN OF MODENA,NA,BUFFALO,T,MODENA
PRESIDENT/VICE PRESIDENT 0,"ROBERT F. KENNEDY, JR. / NICOLE SHANAHAN",TOWN OF MONDOVI,NA,BUFFALO,T,MONDOVI
PRESIDENT/VICE PRESIDENT 0,"ROBERT F. KENNEDY, JR. / NICOLE SHANAHAN",TOWN OF MONTANA,NA,BUFFALO,T,MONTANA
PRESIDENT/VICE PRESIDENT 0,"ROBERT F. KENNEDY, JR. / NICOLE SHANAHAN",TOWN OF NAPLES,NA,BUFFALO,T,NAPLES
PRESIDENT/VICE PRESIDENT 0,"ROBERT F. KENNEDY, JR. / NICOLE SHANAHAN",TOWN OF NELSON,NA,BUFFALO,T,NELSON
PRESIDENT/VICE PRESIDENT 0,"ROBERT F. KENNEDY, JR. / NICOLE SHANAHAN",TOWN OF WAUMANDEE,NA,BUFFALO,T,WAUMANDEE
PRESIDENT/VICE PRESIDENT 0,"ROBERT F. KENNEDY, JR. / NICOLE SHANAHAN",VILLAGE OF COCHRANE,NA,BUFFALO,V,COCHRANE
PRESIDENT/VICE PRESIDENT 0,"ROBERT F. KENNEDY, JR. / NICOLE SHANAHAN",VILLAGE OF NELSON,NA,BUFFALO,V,NELSON
PRESIDENT/VICE PRESIDENT 0,"ROBERT F. KENNEDY, JR. / NICOLE SHANAHAN",CITY OF ALMA W1&2,NA,BUFFALO,C,ALMA
PRESIDENT/VICE PRESIDENT 0,"ROBERT F. KENNEDY, JR. / NICOLE SHANAHAN",CITY OF BUFFALO CITY,NA,BUFFALO,C,BUFFALO CITY
PRESIDENT/VICE PRESIDENT 0,"ROBERT F. KENNEDY, JR. / NICOLE SHANAHAN",CITY OF FOUNTAIN CITY W1&2,NA,BUFFALO,C,FOUNTAIN CITY
PRESIDENT/VICE PRESIDENT 0,"ROBERT F. KENNEDY, JR. / NICOLE SHANAHAN",CITY OF MONDOVI W13,NA,BUFFALO,C,MONDOVI
PRESIDENT/VICE PRESIDENT 0,WRITE-IN (PRESIDENT/VICE PRESIDENT),TOWN OF ALMA,NA,BUFFALO,T,ALMA
PRESIDENT/VICE PRESIDENT 0,WRITE-IN (PRESIDENT/VICE PRESIDENT),TOWN OF BELVIDERE,NA,BUFFALO,T,BELVIDERE
PRESIDENT/VICE PRESIDENT 0,WRITE-IN (PRESIDENT/VICE PRESIDENT),TOWN OF BUFFALO,NA,BUFFALO,T,BUFFALO
PRESIDENT/VICE PRESIDENT 0,WRITE-IN (PRESIDENT/VICE PRESIDENT),TOWN OF CANTON,NA,BUFFALO,T,CANTON
PRESIDENT/VICE PRESIDENT 0,WRITE-IN (PRESIDENT/VICE PRESIDENT),TOWN OF CROSS,NA,BUFFALO,T,CROSS
PRESIDENT/VICE PRESIDENT 0,WRITE-IN (PRESIDENT/VICE PRESIDENT),TOWN OF DOVER,NA,BUFFALO,T,DOVER
PRESIDENT/VICE PRESIDENT 0,WRITE-IN (PRESIDENT/VICE PRESIDENT),TOWN OF GILMANTON,NA,BUFFALO,T,GILMANTON
PRESIDENT/VICE PRESIDENT 0,WRITE-IN (PRESIDENT/VICE PRESIDENT),TOWN OF GLENCOE,NA,BUFFALO,T,GLENCOE
PRESIDENT/VICE PRESIDENT 0,WRITE-IN (PRESIDENT/VICE PRESIDENT),TOWN OF LINCOLN,NA,BUFFALO,T,LINCOLN
PRESIDENT/VICE PRESIDENT 0,WRITE-IN (PRESIDENT/VICE PRESIDENT),TOWN OF MAXVILLE,NA,BUFFALO,T,MAXVILLE
PRESIDENT/VICE PRESIDENT 0,WRITE-IN (PRESIDENT/VICE PRESIDENT),TOWN OF MILTON,NA,BUFFALO,T,MILTON
PRESIDENT/VICE PRESIDENT 0,WRITE-IN (PRESIDENT/VICE PRESIDENT),TOWN OF MODENA,NA,BUFFALO,T,MODENA
PRESIDENT/VICE PRESIDENT 0,WRITE-IN (PRESIDENT/VICE PRESIDENT),TOWN OF MONDOVI,NA,BUFFALO,T,MONDOVI
PRESIDENT/VICE PRESIDENT 0,WRITE-IN (PRESIDENT/VICE PRESIDENT),TOWN OF MONTANA,NA,BUFFALO,T,MONTANA
PRESIDENT/VICE PRESIDENT 0,WRITE-IN (PRESIDENT/VICE PRESIDENT),TOWN OF NAPLES,NA,BUFFALO,T,NAPLES
PRESIDENT/VICE PRESIDENT 0,WRITE-IN (PRESIDENT/VICE PRESIDENT),TOWN OF NELSON,NA,BUFFALO,T,NELSON
PRESIDENT/VICE PRESIDENT 0,WRITE-IN (PRESIDENT/VICE PRESIDENT),TOWN OF WAUMANDEE,NA,BUFFALO,T,WAUMANDEE
PRESIDENT/VICE PRESIDENT 0,WRITE-IN (PRESIDENT/VICE PRESIDENT),VILLAGE OF COCHRANE,NA,BUFFALO,V,COCHRANE
PRESIDENT/VICE PRESIDENT 0,WRITE-IN (PRESIDENT/VICE PRESIDENT),VILLAGE OF NELSON,NA,BUFFALO,V,NELSON
PRESIDENT/VICE PRESIDENT 0,WRITE-IN (PRESIDENT/VICE PRESIDENT),CITY OF ALMA W1&2,NA,BUFFALO,C,ALMA
PRESIDENT/VICE PRESIDENT 0,WRITE-IN (PRESIDENT/VICE PRESIDENT),CITY OF BUFFALO CITY,NA,BUFFALO,C,BUFFALO CITY
PRESIDENT/VICE PRESIDENT 0,WRITE-IN (PRESIDENT/VICE PRESIDENT),CITY OF FOUNTAIN CITY W1&2,NA,BUFFALO,C,FOUNTAIN CITY
PRESIDENT/VICE PRESIDENT 0,WRITE-IN (PRESIDENT/VICE PRESIDENT),CITY OF MONDOVI W13,NA,BUFFALO,C,MONDOVI
UNITED STATES SENATOR,UNITED STATES SENATOR,TOWN OF ALMA,NA,BUFFALO,T,ALMA
UNITED STATES SENATOR,UNITED STATES SENATOR,TOWN OF BELVIDERE,NA,BUFFALO,T,BELVIDERE
UNITED STATES SENATOR,UNITED STATES SENATOR,TOWN OF BUFFALO,NA,BUFFALO,T,BUFFALO
UNITED STATES SENATOR,UNITED STATES SENATOR,TOWN OF CANTON,NA,BUFFALO,T,CANTON
UNITED STATES SENATOR,UNITED STATES SENATOR,TOWN OF CROSS,NA,BUFFALO,T,CROSS
UNITED STATES SENATOR,UNITED STATES SENATOR,TOWN OF DOVER,NA,BUFFALO,T,DOVER
UNITED STATES SENATOR,UNITED STATES SENATOR,TOWN OF GILMANTON,NA,BUFFALO,T,GILMANTON
UNITED STATES SENATOR,UNITED STATES SENATOR,TOWN OF GLENCOE,NA,BUFFALO,T,GLENCOE
UNITED STATES SENATOR,UNITED STATES SENATOR,TOWN OF LINCOLN,NA,BUFFALO,T,LINCOLN
UNITED STATES SENATOR,UNITED STATES SENATOR,TOWN OF MAXVILLE,NA,BUFFALO,T,MAXVILLE
UNITED STATES SENATOR,UNITED STATES SENATOR,TOWN OF MILTON,NA,BUFFALO,T,MILTON
UNITED STATES SENATOR,UNITED STATES SENATOR,TOWN OF MODENA,NA,BUFFALO,T,MODENA
UNITED STATES SENATOR,UNITED STATES SENATOR,TOWN OF MONDOVI,NA,BUFFALO,T,MONDOVI
UNITED STATES SENATOR,UNITED STATES SENATOR,TOWN OF MONTANA,NA,BUFFALO,T,MONTANA
UNITED STATES SENATOR,UNITED STATES SENATOR,TOWN OF NAPLES,NA,BUFFALO,T,NAPLES
UNITED STATES SENATOR,UNITED STATES SENATOR,TOWN OF NELSON,NA,BUFFALO,T,NELSON
UNITED STATES SENATOR,UNITED STATES SENATOR,TOWN OF WAUMANDEE,NA,BUFFALO,T,WAUMANDEE
UNITED STATES SENATOR,UNITED STATES SENATOR,VILLAGE OF COCHRANE,NA,BUFFALO,V,COCHRANE
UNITED STATES SENATOR,UNITED STATES SENATOR,VILLAGE OF NELSON,NA,BUFFALO,V,NELSON
UNITED STATES SENATOR,UNITED STATES SENATOR,CITY OF ALMA W1&2,NA,BUFFALO,C,ALMA
UNITED STATES SENATOR,UNITED STATES SENATOR,CITY OF BUFFALO CITY,NA,BUFFALO,C,BUFFALO CITY
UNITED STATES SENATOR,UNITED STATES SENATOR,CITY OF FOUNTAIN CITY W1&2,NA,BUFFALO,C,FOUNTAIN CITY
UNITED STATES SENATOR,UNITED STATES SENATOR,CITY OF MONDOVI W13,NA,BUFFALO,C,MONDOVI
UNITED STATES SENATOR,TAMMY BALDWIN,TOWN OF ALMA,NA,BUFFALO,T,ALMA
UNITED STATES SENATOR,TAMMY BALDWIN,TOWN OF BELVIDERE,NA,BUFFALO,T,BELVIDERE
UNITED STATES SENATOR,TAMMY BALDWIN,TOWN OF BUFFALO,NA,BUFFALO,T,BUFFALO
UNITED STATES SENATOR,TAMMY BALDWIN,TOWN OF CANTON,NA,BUFFALO,T,CANTON
UNITED STATES SENATOR,TAMMY BALDWIN,TOWN OF CROSS,NA,BUFFALO,T,CROSS
UNITED STATES SENATOR,TAMMY BALDWIN,TOWN OF DOVER,NA,BUFFALO,T,DOVER
UNITED STATES SENATOR,TAMMY BALDWIN,TOWN OF GILMANTON,NA,BUFFALO,T,GILMANTON
UNITED STATES SENATOR,TAMMY BALDWIN,TOWN OF GLENCOE,NA,BUFFALO,T,GLENCOE
UNITED STATES SENATOR,TAMMY BALDWIN,TOWN OF LINCOLN,NA,BUFFALO,T,LINCOLN
UNITED STATES SENATOR,TAMMY BALDWIN,TOWN OF MAXVILLE,NA,BUFFALO,T,MAXVILLE
UNITED STATES SENATOR,TAMMY BALDWIN,TOWN OF MILTON,NA,BUFFALO,T,MILTON
UNITED STATES SENATOR,TAMMY BALDWIN,TOWN OF MODENA,NA,BUFFALO,T,MODENA
UNITED STATES SENATOR,TAMMY BALDWIN,TOWN OF MONDOVI,NA,BUFFALO,T,MONDOVI
UNITED STATES SENATOR,TAMMY BALDWIN,TOWN OF MONTANA,NA,BUFFALO,T,MONTANA
UNITED STATES SENATOR,TAMMY BALDWIN,TOWN OF NAPLES,NA,BUFFALO,T,NAPLES
UNITED STATES SENATOR,TAMMY BALDWIN,TOWN OF NELSON,NA,BUFFALO,T,NELSON
UNITED STATES SENATOR,TAMMY BALDWIN,TOWN OF WAUMANDEE,NA,BUFFALO,T,WAUMANDEE
UNITED STATES SENATOR,TAMMY BALDWIN,VILLAGE OF COCHRANE,NA,BUFFALO,V,COCHRANE
UNITED STATES SENATOR,TAMMY BALDWIN,VILLAGE OF NELSON,NA,BUFFALO,V,NELSON
UNITED STATES SENATOR,TAMMY BALDWIN,CITY OF ALMA W1&2,NA,BUFFALO,C,ALMA
UNITED STATES SENATOR,TAMMY BALDWIN,CITY OF BUFFALO CITY,NA,BUFFALO,C,BUFFALO CITY
UNITED STATES SENATOR,TAMMY BALDWIN,CITY OF FOUNTAIN CITY W1&2,NA,BUFFALO,C,FOUNTAIN CITY
UNITED STATES SENATOR,TAMMY BALDWIN,CITY OF MONDOVI W13,NA,BUFFALO,C,MONDOVI
UNITED STATES SENATOR,ERIC HOVDE,TOWN OF ALMA,NA,BUFFALO,T,ALMA
UNITED STATES SENATOR,ERIC HOVDE,TOWN OF BELVIDERE,NA,BUFFALO,T,BELVIDERE
UNITED STATES SENATOR,ERIC HOVDE,TOWN OF BUFFALO,NA,BUFFALO,T,BUFFALO
UNITED STATES SENATOR,ERIC HOVDE,TOWN OF CANTON,NA,BUFFALO,T,CANTON
UNITED STATES SENATOR,ERIC HOVDE,TOWN OF CROSS,NA,BUFFALO,T,CROSS
UNITED STATES SENATOR,ERIC HOVDE,TOWN OF DOVER,NA,BUFFALO,T,DOVER
UNITED STATES SENATOR,ERIC HOVDE,TOWN OF GILMANTON,NA,BUFFALO,T,GILMANTON
UNITED STATES SENATOR,ERIC HOVDE,TOWN OF GLENCOE,NA,BUFFALO,T,GLENCOE
UNITED STATES SENATOR,ERIC HOVDE,TOWN OF LINCOLN,NA,BUFFALO,T,LINCOLN
UNITED STATES SENATOR,ERIC HOVDE,TOWN OF MAXVILLE,NA,BUFFALO,T,MAXVILLE
UNITED STATES SENATOR,ERIC HOVDE,TOWN OF MILTON,NA,BUFFALO,T,MILTON
UNITED STATES SENATOR,ERIC HOVDE,TOWN OF MODENA,NA,BUFFALO,T,MODENA
UNITED STATES SENATOR,ERIC HOVDE,TOWN OF MONDOVI,NA,BUFFALO,T,MONDOVI
UNITED STATES SENATOR,ERIC HOVDE,TOWN OF MONTANA,NA,BUFFALO,T,MONTANA
UNITED STATES SENATOR,ERIC HOVDE,TOWN OF NAPLES,NA,BUFFALO,T,NAPLES
UNITED STATES SENATOR,ERIC HOVDE,TOWN OF NELSON,NA,BUFFALO,T,NELSON
UNITED STATES SENATOR,ERIC HOVDE,TOWN OF WAUMANDEE,NA,BUFFALO,T,WAUMANDEE
UNITED STATES SENATOR,ERIC HOVDE,VILLAGE OF COCHRANE,NA,BUFFALO,V,COCHRANE
UNITED STATES SENATOR,ERIC HOVDE,VILLAGE OF NELSON,NA,BUFFALO,V,NELSON
UNITED STATES SENATOR,ERIC HOVDE,CITY OF ALMA W1&2,NA,BUFFALO,C,ALMA
UNITED STATES SENATOR,ERIC HOVDE,CITY OF BUFFALO CITY,NA,BUFFALO,C,BUFFALO CITY
UNITED STATES SENATOR,ERIC HOVDE,CITY OF FOUNTAIN CITY W1&2,NA,BUFFALO,C,FOUNTAIN CITY
UNITED STATES SENATOR,ERIC HOVDE,CITY OF MONDOVI W13,NA,BUFFALO,C,MONDOVI
UNITED STATES SENATOR,PHIL ANDERSON,TOWN OF ALMA,NA,BUFFALO,T,ALMA
UNITED STATES SENATOR,PHIL ANDERSON,TOWN OF BELVIDERE,NA,BUFFALO,T,BELVIDERE
UNITED STATES SENATOR,PHIL ANDERSON,TOWN OF BUFFALO,NA,BUFFALO,T,BUFFALO
UNITED STATES SENATOR,PHIL ANDERSON,TOWN OF CANTON,NA,BUFFALO,T,CANTON
UNITED STATES SENATOR,PHIL ANDERSON,TOWN OF CROSS,NA,BUFFALO,T,CROSS
UNITED STATES SENATOR,PHIL ANDERSON,TOWN OF DOVER,NA,BUFFALO,T,DOVER
UNITED STATES SENATOR,PHIL ANDERSON,TOWN OF GILMANTON,NA,BUFFALO,T,GILMANTON
UNITED STATES SENATOR,PHIL ANDERSON,TOWN OF GLENCOE,NA,BUFFALO,T,GLENCOE
UNITED STATES SENATOR,PHIL ANDERSON,TOWN OF LINCOLN,NA,BUFFALO,T,LINCOLN
UNITED STATES SENATOR,PHIL ANDERSON,TOWN OF MAXVILLE,NA,BUFFALO,T,MAXVILLE
UNITED STATES SENATOR,PHIL ANDERSON,TOWN OF MILTON,NA,BUFFALO,T,MILTON
UNITED STATES SENATOR,PHIL ANDERSON,TOWN OF MODENA,NA,BUFFALO,T,MODENA
UNITED STATES SENATOR,PHIL ANDERSON,TOWN OF MONDOVI,NA,BUFFALO,T,MONDOVI
UNITED STATES SENATOR,PHIL ANDERSON,TOWN OF MONTANA,NA,BUFFALO,T,MONTANA
UNITED STATES SENATOR,PHIL ANDERSON,TOWN OF NAPLES,NA,BUFFALO,T,NAPLES
UNITED STATES SENATOR,PHIL ANDERSON,TOWN OF NELSON,NA,BUFFALO,T,NELSON
UNITED STATES SENATOR,PHIL ANDERSON,TOWN OF WAUMANDEE,NA,BUFFALO,T,WAUMANDEE
UNITED STATES SENATOR,PHIL ANDERSON,VILLAGE OF COCHRANE,NA,BUFFALO,V,COCHRANE
UNITED STATES SENATOR,PHIL ANDERSON,VILLAGE OF NELSON,NA,BUFFALO,V,NELSON
UNITED STATES SENATOR,PHIL ANDERSON,CITY OF ALMA W1&2,NA,BUFFALO,C,ALMA
UNITED STATES SENATOR,PHIL ANDERSON,CITY OF BUFFALO CITY,NA,BUFFALO,C,BUFFALO CITY
UNITED STATES SENATOR,PHIL ANDERSON,CITY OF FOUNTAIN CITY W1&2,NA,BUFFALO,C,FOUNTAIN CITY
UNITED STATES SENATOR,PHIL ANDERSON,CITY OF MONDOVI W13,NA,BUFFALO,C,MONDOVI
UNITED STATES SENATOR,THOMAS LEAGER,TOWN OF ALMA,NA,BUFFALO,T,ALMA
UNITED STATES SENATOR,THOMAS LEAGER,TOWN OF BELVIDERE,NA,BUFFALO,T,BELVIDERE
UNITED STATES SENATOR,THOMAS LEAGER,TOWN OF BUFFALO,NA,BUFFALO,T,BUFFALO
UNITED STATES SENATOR,THOMAS LEAGER,TOWN OF CANTON,NA,BUFFALO,T,CANTON
UNITED STATES SENATOR,THOMAS LEAGER,TOWN OF CROSS,NA,BUFFALO,T,CROSS
UNITED STATES SENATOR,THOMAS LEAGER,TOWN OF DOVER,NA,BUFFALO,T,DOVER
UNITED STATES SENATOR,THOMAS LEAGER,TOWN OF GILMANTON,NA,BUFFALO,T,GILMANTON
UNITED STATES SENATOR,THOMAS LEAGER,TOWN OF GLENCOE,NA,BUFFALO,T,GLENCOE
UNITED STATES SENATOR,THOMAS LEAGER,TOWN OF LINCOLN,NA,BUFFALO,T,LINCOLN
UNITED STATES SENATOR,THOMAS LEAGER,TOWN OF MAXVILLE,NA,BUFFALO,T,MAXVILLE
UNITED STATES SENATOR,THOMAS LEAGER,TOWN OF MILTON,NA,BUFFALO,T,MILTON
UNITED STATES SENATOR,THOMAS LEAGER,TOWN OF MODENA,NA,BUFFALO,T,MODENA
UNITED STATES SENATOR,THOMAS LEAGER,TOWN OF MONDOVI,NA,BUFFALO,T,MONDOVI
UNITED STATES SENATOR,THOMAS LEAGER,TOWN OF MONTANA,NA,BUFFALO,T,MONTANA
UNITED STATES SENATOR,THOMAS LEAGER,TOWN OF NAPLES,NA,BUFFALO,T,NAPLES
UNITED STATES SENATOR,THOMAS LEAGER,TOWN OF NELSON,NA,BUFFALO,T,NELSON
UNITED STATES SENATOR,THOMAS LEAGER,TOWN OF WAUMANDEE,NA,BUFFALO,T,WAUMANDEE
UNITED STATES SENATOR,THOMAS LEAGER,VILLAGE OF COCHRANE,NA,BUFFALO,V,COCHRANE
UNITED STATES SENATOR,THOMAS LEAGER,VILLAGE OF NELSON,NA,BUFFALO,V,NELSON
UNITED STATES SENATOR,THOMAS LEAGER,CITY OF ALMA W1&2,NA,BUFFALO,C,ALMA
UNITED STATES SENATOR,THOMAS LEAGER,CITY OF BUFFALO CITY,NA,BUFFALO,C,BUFFALO CITY
UNITED STATES SENATOR,THOMAS LEAGER,CITY OF FOUNTAIN CITY W1&2,NA,BUFFALO,C,FOUNTAIN CITY
UNITED STATES SENATOR,THOMAS LEAGER,CITY OF MONDOVI W13,NA,BUFFALO,C,MONDOVI
UNITED STATES SENATOR,WRITE-INS,TOWN OF ALMA,NA,BUFFALO,T,ALMA
UNITED STATES SENATOR,WRITE-INS,TOWN OF BELVIDERE,NA,BUFFALO,T,BELVIDERE
UNITED STATES SENATOR,WRITE-INS,TOWN OF BUFFALO,NA,BUFFALO,T,BUFFALO
UNITED STATES SENATOR,WRITE-INS,TOWN OF CANTON,NA,BUFFALO,T,CANTON
UNITED STATES SENATOR,WRITE-INS,TOWN OF CROSS,NA,BUFFALO,T,CROSS
UNITED STATES SENATOR,WRITE-INS,TOWN OF DOVER,NA,BUFFALO,T,DOVER
UNITED STATES SENATOR,WRITE-INS,TOWN OF GILMANTON,NA,BUFFALO,T,GILMANTON
UNITED STATES SENATOR,WRITE-INS,TOWN OF GLENCOE,NA,BUFFALO,T,GLENCOE
UNITED STATES SENATOR,WRITE-INS,TOWN OF LINCOLN,NA,BUFFALO,T,LINCOLN
UNITED STATES SENATOR,WRITE-INS,TOWN OF MAXVILLE,NA,BUFFALO,T,MAXVILLE
UNITED STATES SENATOR,WRITE-INS,TOWN OF MILTON,NA,BUFFALO,T,MILTON
UNITED STATES SENATOR,WRITE-INS,TOWN OF MODENA,NA,BUFFALO,T,MODENA
UNITED STATES SENATOR,WRITE-INS,TOWN OF MONDOVI,NA,BUFFALO,T,MONDOVI
UNITED STATES SENATOR,WRITE-INS,TOWN OF MONTANA,NA,BUFFALO,T,MONTANA
UNITED STATES SENATOR,WRITE-INS,TOWN OF NAPLES,NA,BUFFALO,T,NAPLES
UNITED STATES SENATOR,WRITE-INS,TOWN OF NELSON,NA,BUFFALO,T,NELSON
UNITED STATES SENATOR,WRITE-INS,TOWN OF WAUMANDEE,NA,BUFFALO,T,WAUMANDEE
UNITED STATES SENATOR,WRITE-INS,VILLAGE OF COCHRANE,NA,BUFFALO,V,COCHRANE
UNITED STATES SENATOR,WRITE-INS,VILLAGE OF NELSON,NA,BUFFALO,V,NELSON
UNITED STATES SENATOR,WRITE-INS,CITY OF ALMA W1&2,NA,BUFFALO,C,ALMA
UNITED STATES SENATOR,WRITE-INS,CITY OF BUFFALO CITY,NA,BUFFALO,C,BUFFALO CITY
UNITED STATES SENATOR,WRITE-INS,CITY OF FOUNTAIN CITY W1&2,NA,BUFFALO,C,FOUNTAIN CITY
UNITED STATES SENATOR,WRITE-INS,CITY OF MONDOVI W13,NA,BUFFALO,C,MONDOVI
REPRESENTATIVE IN CONGRESS,REPRESENTATIVE IN CONGRESS,TOWN OF ALMA,NA,BUFFALO,T,ALMA
REPRESENTATIVE IN CONGRESS,REPRESENTATIVE IN CONGRESS,TOWN OF BELVIDERE,NA,BUFFALO,T,BELVIDERE
REPRESENTATIVE IN CONGRESS,REPRESENTATIVE IN CONGRESS,TOWN OF BUFFALO,NA,BUFFALO,T,BUFFALO
REPRESENTATIVE IN CONGRESS,REPRESENTATIVE IN CONGRESS,TOWN OF CANTON,NA,BUFFALO,T,CANTON
REPRESENTATIVE IN CONGRESS,REPRESENTATIVE IN CONGRESS,TOWN OF CROSS,NA,BUFFALO,T,CROSS
REPRESENTATIVE IN CONGRESS,REPRESENTATIVE IN CONGRESS,TOWN OF DOVER,NA,BUFFALO,T,DOVER
REPRESENTATIVE IN CONGRESS,REPRESENTATIVE IN CONGRESS,TOWN OF GILMANTON,NA,BUFFALO,T,GILMANTON
REPRESENTATIVE IN CONGRESS,REPRESENTATIVE IN CONGRESS,TOWN OF GLENCOE,NA,BUFFALO,T,GLENCOE
REPRESENTATIVE IN CONGRESS,REPRESENTATIVE IN CONGRESS,TOWN OF LINCOLN,NA,BUFFALO,T,LINCOLN
REPRESENTATIVE IN CONGRESS,REPRESENTATIVE IN CONGRESS,TOWN OF MAXVILLE,NA,BUFFALO,T,MAXVILLE
REPRESENTATIVE IN CONGRESS,REPRESENTATIVE IN CONGRESS,TOWN OF MILTON,NA,BUFFALO,T,MILTON
REPRESENTATIVE IN CONGRESS,REPRESENTATIVE IN CONGRESS,TOWN OF MODENA,NA,BUFFALO,T,MODENA
REPRESENTATIVE IN CONGRESS,REPRESENTATIVE IN CONGRESS,TOWN OF MONDOVI,NA,BUFFALO,T,MONDOVI
REPRESENTATIVE IN CONGRESS,REPRESENTATIVE IN CONGRESS,TOWN OF MONTANA,NA,BUFFALO,T,MONTANA
REPRESENTATIVE IN CONGRESS,REPRESENTATIVE IN CONGRESS,TOWN OF NAPLES,NA,BUFFALO,T,NAPLES
REPRESENTATIVE IN CONGRESS,REPRESENTATIVE IN CONGRESS,TOWN OF NELSON,NA,BUFFALO,T,NELSON
REPRESENTATIVE IN CONGRESS,REPRESENTATIVE IN CONGRESS,TOWN OF WAUMANDEE,NA,BUFFALO,T,WAUMANDEE
REPRESENTATIVE IN CONGRESS,REPRESENTATIVE IN CONGRESS,VILLAGE OF COCHRANE,NA,BUFFALO,V,COCHRANE
REPRESENTATIVE IN CONGRESS,REPRESENTATIVE IN CONGRESS,VILLAGE OF NELSON,NA,BUFFALO,V,NELSON
REPRESENTATIVE IN CONGRESS,REPRESENTATIVE IN CONGRESS,CITY OF ALMA W1&2,NA,BUFFALO,C,ALMA
REPRESENTATIVE IN CONGRESS,REPRESENTATIVE IN CONGRESS,CITY OF BUFFALO CITY,NA,BUFFALO,C,BUFFALO CITY
REPRESENTATIVE IN CONGRESS,REPRESENTATIVE IN CONGRESS,CITY OF FOUNTAIN CITY W1&2,NA,BUFFALO,C,FOUNTAIN CITY
REPRESENTATIVE IN CONGRESS,REPRESENTATIVE IN CONGRESS,CITY OF MONDOVI W13,NA,BUFFALO,C,MONDOVI
REPRESENTATIVE IN CONGRESS,REBECCA COOKE,TOWN OF ALMA,NA,BUFFALO,T,ALMA
REPRESENTATIVE IN CONGRESS,REBECCA COOKE,TOWN OF BELVIDERE,NA,BUFFALO,T,BELVIDERE
REPRESENTATIVE IN CONGRESS,REBECCA COOKE,TOWN OF BUFFALO,NA,BUFFALO,T,BUFFALO
REPRESENTATIVE IN CONGRESS,REBECCA COOKE,TOWN OF CANTON,NA,BUFFALO,T,CANTON
REPRESENTATIVE IN CONGRESS,REBECCA COOKE,TOWN OF CROSS,NA,BUFFALO,T,CROSS
REPRESENTATIVE IN CONGRESS,REBECCA COOKE,TOWN OF DOVER,NA,BUFFALO,T,DOVER
REPRESENTATIVE IN CONGRESS,REBECCA COOKE,TOWN OF GILMANTON,NA,BUFFALO,T,GILMANTON
REPRESENTATIVE IN CONGRESS,REBECCA COOKE,TOWN OF GLENCOE,NA,BUFFALO,T,GLENCOE
REPRESENTATIVE IN CONGRESS,REBECCA COOKE,TOWN OF LINCOLN,NA,BUFFALO,T,LINCOLN
REPRESENTATIVE IN CONGRESS,REBECCA COOKE,TOWN OF MAXVILLE,NA,BUFFALO,T,MAXVILLE
REPRESENTATIVE IN CONGRESS,REBECCA COOKE,TOWN OF MILTON,NA,BUFFALO,T,MILTON
REPRESENTATIVE IN CONGRESS,REBECCA COOKE,TOWN OF MODENA,NA,BUFFALO,T,MODENA
REPRESENTATIVE IN CONGRESS,REBECCA COOKE,TOWN OF MONDOVI,NA,BUFFALO,T,MONDOVI
REPRESENTATIVE IN CONGRESS,REBECCA COOKE,TOWN OF MONTANA,NA,BUFFALO,T,MONTANA
REPRESENTATIVE IN CONGRESS,REBECCA COOKE,TOWN OF NAPLES,NA,BUFFALO,T,NAPLES
REPRESENTATIVE IN CONGRESS,REBECCA COOKE,TOWN OF NELSON,NA,BUFFALO,T,NELSON
REPRESENTATIVE IN CONGRESS,REBECCA COOKE,TOWN OF WAUMANDEE,NA,BUFFALO,T,WAUMANDEE
REPRESENTATIVE IN CONGRESS,REBECCA COOKE,VILLAGE OF COCHRANE,NA,BUFFALO,V,COCHRANE
REPRESENTATIVE IN CONGRESS,REBECCA COOKE,VILLAGE OF NELSON,NA,BUFFALO,V,NELSON
REPRESENTATIVE IN CONGRESS,REBECCA COOKE,CITY OF ALMA W1&2,NA,BUFFALO,C,ALMA
REPRESENTATIVE IN CONGRESS,REBECCA COOKE,CITY OF BUFFALO CITY,NA,BUFFALO,C,BUFFALO CITY
REPRESENTATIVE IN CONGRESS,REBECCA COOKE,CITY OF FOUNTAIN CITY W1&2,NA,BUFFALO,C,FOUNTAIN CITY
REPRESENTATIVE IN CONGRESS,REBECCA COOKE,CITY OF MONDOVI W13,NA,BUFFALO,C,MONDOVI
REPRESENTATIVE IN CONGRESS,DERRICK VAN ORDEN,TOWN OF ALMA,NA,BUFFALO,T,ALMA
REPRESENTATIVE IN CONGRESS,DERRICK VAN ORDEN,TOWN OF BELVIDERE,NA,BUFFALO,T,BELVIDERE
REPRESENTATIVE IN CONGRESS,DERRICK VAN ORDEN,TOWN OF BUFFALO,NA,BUFFALO,T,BUFFALO
REPRESENTATIVE IN CONGRESS,DERRICK VAN ORDEN,TOWN OF CANTON,NA,BUFFALO,T,CANTON
REPRESENTATIVE IN CONGRESS,DERRICK VAN ORDEN,TOWN OF CROSS,NA,BUFFALO,T,CROSS
REPRESENTATIVE IN CONGRESS,DERRICK VAN ORDEN,TOWN OF DOVER,NA,BUFFALO,T,DOVER
REPRESENTATIVE IN CONGRESS,DERRICK VAN ORDEN,TOWN OF GILMANTON,NA,BUFFALO,T,GILMANTON
REPRESENTATIVE IN CONGRESS,DERRICK VAN ORDEN,TOWN OF GLENCOE,NA,BUFFALO,T,GLENCOE
REPRESENTATIVE IN CONGRESS,DERRICK VAN ORDEN,TOWN OF LINCOLN,NA,BUFFALO,T,LINCOLN
REPRESENTATIVE IN CONGRESS,DERRICK VAN ORDEN,TOWN OF MAXVILLE,NA,BUFFALO,T,MAXVILLE
REPRESENTATIVE IN CONGRESS,DERRICK VAN ORDEN,TOWN OF MILTON,NA,BUFFALO,T,MILTON
REPRESENTATIVE IN CONGRESS,DERRICK VAN ORDEN,TOWN OF MODENA,NA,BUFFALO,T,MODENA
REPRESENTATIVE IN CONGRESS,DERRICK VAN ORDEN,TOWN OF MONDOVI,NA,BUFFALO,T,MONDOVI
REPRESENTATIVE IN CONGRESS,DERRICK VAN ORDEN,TOWN OF MONTANA,NA,BUFFALO,T,MONTANA
REPRESENTATIVE IN CONGRESS,DERRICK VAN ORDEN,TOWN OF NAPLES,NA,BUFFALO,T,NAPLES
REPRESENTATIVE IN CONGRESS,DERRICK VAN ORDEN,TOWN OF NELSON,NA,BUFFALO,T,NELSON
REPRESENTATIVE IN CONGRESS,DERRICK VAN ORDEN,TOWN OF WAUMANDEE,NA,BUFFALO,T,WAUMANDEE
REPRESENTATIVE IN CONGRESS,DERRICK VAN ORDEN,VILLAGE OF COCHRANE,NA,BUFFALO,V,COCHRANE
REPRESENTATIVE IN CONGRESS,DERRICK VAN ORDEN,VILLAGE OF NELSON,NA,BUFFALO,V,NELSON
REPRESENTATIVE IN CONGRESS,DERRICK VAN ORDEN,CITY OF ALMA W1&2,NA,BUFFALO,C,ALMA
REPRESENTATIVE IN CONGRESS,DERRICK VAN ORDEN,CITY OF BUFFALO CITY,NA,BUFFALO,C,BUFFALO CITY
REPRESENTATIVE IN CONGRESS,DERRICK VAN ORDEN,CITY OF FOUNTAIN CITY W1&2,NA,BUFFALO,C,FOUNTAIN CITY
REPRESENTATIVE IN CONGRESS,DERRICK VAN ORDEN,CITY OF MONDOVI W13,NA,BUFFALO,C,MONDOVI
REPRESENTATIVE IN CONGRESS,WRITE-INS,TOWN OF ALMA,NA,BUFFALO,T,ALMA
REPRESENTATIVE IN CONGRESS,WRITE-INS,TOWN OF BELVIDERE,NA,BUFFALO,T,BELVIDERE
REPRESENTATIVE IN CONGRESS,WRITE-INS,TOWN OF BUFFALO,NA,BUFFALO,T,BUFFALO
REPRESENTATIVE IN CONGRESS,WRITE-INS,TOWN OF CANTON,NA,BUFFALO,T,CANTON
REPRESENTATIVE IN CONGRESS,WRITE-INS,TOWN OF CROSS,NA,BUFFALO,T,CROSS
REPRESENTATIVE IN CONGRESS,WRITE-INS,TOWN OF DOVER,NA,BUFFALO,T,DOVER
REPRESENTATIVE IN CONGRESS,WRITE-INS,TOWN OF GILMANTON,NA,BUFFALO,T,GILMANTON
REPRESENTATIVE IN CONGRESS,WRITE-INS,TOWN OF GLENCOE,NA,BUFFALO,T,GLENCOE
REPRESENTATIVE IN CONGRESS,WRITE-INS,TOWN OF LINCOLN,NA,BUFFALO,T,LINCOLN
REPRESENTATIVE IN CONGRESS,WRITE-INS,TOWN OF MAXVILLE,NA,BUFFALO,T,MAXVILLE
REPRESENTATIVE IN CONGRESS,WRITE-INS,TOWN OF MILTON,NA,BUFFALO,T,MILTON
REPRESENTATIVE IN CONGRESS,WRITE-INS,TOWN OF MODENA,NA,BUFFALO,T,MODENA
REPRESENTATIVE IN CONGRESS,WRITE-INS,TOWN OF MONDOVI,NA,BUFFALO,T,MONDOVI
REPRESENTATIVE IN CONGRESS,WRITE-INS,TOWN OF MONTANA,NA,BUFFALO,T,MONTANA
REPRESENTATIVE IN CONGRESS,WRITE-INS,TOWN OF NAPLES,NA,BUFFALO,T,NAPLES
REPRESENTATIVE IN CONGRESS,WRITE-INS,TOWN OF NELSON,NA,BUFFALO,T,NELSON
REPRESENTATIVE IN CONGRESS,WRITE-INS,TOWN OF WAUMANDEE,NA,BUFFALO,T,WAUMANDEE
REPRESENTATIVE IN CONGRESS,WRITE-INS,VILLAGE OF COCHRANE,NA,BUFFALO,V,COCHRANE
REPRESENTATIVE IN CONGRESS,WRITE-INS,VILLAGE OF NELSON,NA,BUFFALO,V,NELSON
REPRESENTATIVE IN CONGRESS,WRITE-INS,CITY OF ALMA W1&2,NA,BUFFALO,C,ALMA
REPRESENTATIVE IN CONGRESS,WRITE-INS,CITY OF BUFFALO CITY,NA,BUFFALO,C,BUFFALO CITY
REPRESENTATIVE IN CONGRESS,WRITE-INS,CITY OF FOUNTAIN CITY W1&2,NA,BUFFALO,C,FOUNTAIN CITY
REPRESENTATIVE IN CONGRESS,WRITE-INS,CITY OF MONDOVI W13,NA,BUFFALO,C,MONDOVI
STATE SENATOR DIST. 10 0,STATE SENATOR DIST. 10 0,TOWN OF ALMA,NA,BUFFALO,T,ALMA
STATE SENATOR DIST. 10 0,STATE SENATOR DIST. 10 0,TOWN OF BELVIDERE,NA,BUFFALO,T,BELVIDERE
STATE SENATOR DIST. 10 0,STATE SENATOR DIST. 10 0,TOWN OF BUFFALO,NA,BUFFALO,T,BUFFALO
STATE SENATOR DIST. 10 0,STATE SENATOR DIST. 10 0,TOWN OF CANTON,NA,BUFFALO,T,CANTON
STATE SENATOR DIST. 10 0,STATE SENATOR DIST. 10 0,TOWN OF CROSS,NA,BUFFALO,T,CROSS
STATE SENATOR DIST. 10 0,STATE SENATOR DIST. 10 0,TOWN OF DOVER,NA,BUFFALO,T,DOVER
STATE SENATOR DIST. 10 0,STATE SENATOR DIST. 10 0,TOWN OF GILMANTON,NA,BUFFALO,T,GILMANTON
STATE SENATOR DIST. 10 0,STATE SENATOR DIST. 10 0,TOWN OF GLENCOE,NA,BUFFALO,T,GLENCOE
STATE SENATOR DIST. 10 0,STATE SENATOR DIST. 10 0,TOWN OF LINCOLN,NA,BUFFALO,T,LINCOLN
STATE SENATOR DIST. 10 0,STATE SENATOR DIST. 10 0,TOWN OF MAXVILLE,NA,BUFFALO,T,MAXVILLE
STATE SENATOR DIST. 10 0,STATE SENATOR DIST. 10 0,TOWN OF MILTON,NA,BUFFALO,T,MILTON
STATE SENATOR DIST. 10 0,STATE SENATOR DIST. 10 0,TOWN OF MODENA,NA,BUFFALO,T,MODENA
STATE SENATOR DIST. 10 0,STATE SENATOR DIST. 10 0,TOWN OF MONDOVI,NA,BUFFALO,T,MONDOVI
STATE SENATOR DIST. 10 0,STATE SENATOR DIST. 10 0,TOWN OF MONTANA,NA,BUFFALO,T,MONTANA
STATE SENATOR DIST. 10 0,STATE SENATOR DIST. 10 0,TOWN OF NAPLES,NA,BUFFALO,T,NAPLES
STATE SENATOR DIST. 10 0,STATE SENATOR DIST. 10 0,TOWN OF NELSON,NA,BUFFALO,T,NELSON
STATE SENATOR DIST. 10 0,STATE SENATOR DIST. 10 0,TOWN OF WAUMANDEE,NA,BUFFALO,T,WAUMANDEE
STATE SENATOR DIST. 10 0,STATE SENATOR DIST. 10 0,VILLAGE OF COCHRANE,NA,BUFFALO,V,COCHRANE
STATE SENATOR DIST. 10 0,STATE SENATOR DIST. 10 0,VILLAGE OF NELSON,NA,BUFFALO,V,NELSON
STATE SENATOR DIST. 10 0,STATE SENATOR DIST. 10 0,CITY OF ALMA W1&2,NA,BUFFALO,C,ALMA
STATE SENATOR DIST. 10 0,STATE SENATOR DIST. 10 0,CITY OF BUFFALO CITY,NA,BUFFALO,C,BUFFALO CITY
STATE SENATOR DIST. 10 0,STATE SENATOR DIST. 10 0,CITY OF FOUNTAIN CITY W1&2,NA,BUFFALO,C,FOUNTAIN CITY
STATE SENATOR DIST. 10 0,STATE SENATOR DIST. 10 0,CITY OF MONDOVI W13,NA,BUFFALO,C,MONDOVI
STATE SENATOR DIST. 10 0,PAUL HAMBLETON,TOWN OF ALMA,NA,BUFFALO,T,ALMA
STATE SENATOR DIST. 10 0,PAUL HAMBLETON,TOWN OF BELVIDERE,NA,BUFFALO,T,BELVIDERE
STATE SENATOR DIST. 10 0,PAUL HAMBLETON,TOWN OF BUFFALO,NA,BUFFALO,T,BUFFALO
STATE SENATOR DIST. 10 0,PAUL HAMBLETON,TOWN OF CANTON,NA,BUFFALO,T,CANTON
STATE SENATOR DIST. 10 0,PAUL HAMBLETON,TOWN OF CROSS,NA,BUFFALO,T,CROSS
STATE SENATOR DIST. 10 0,PAUL HAMBLETON,TOWN OF DOVER,NA,BUFFALO,T,DOVER
STATE SENATOR DIST. 10 0,PAUL HAMBLETON,TOWN OF GILMANTON,NA,BUFFALO,T,GILMANTON
STATE SENATOR DIST. 10 0,PAUL HAMBLETON,TOWN OF GLENCOE,NA,BUFFALO,T,GLENCOE
STATE SENATOR DIST. 10 0,PAUL HAMBLETON,TOWN OF LINCOLN,NA,BUFFALO,T,LINCOLN
STATE SENATOR DIST. 10 0,PAUL HAMBLETON,TOWN OF MAXVILLE,NA,BUFFALO,T,MAXVILLE
STATE SENATOR DIST. 10 0,PAUL HAMBLETON,TOWN OF MILTON,NA,BUFFALO,T,MILTON
STATE SENATOR DIST. 10 0,PAUL HAMBLETON,TOWN OF MODENA,NA,BUFFALO,T,MODENA
STATE SENATOR DIST. 10 0,PAUL HAMBLETON,TOWN OF MONDOVI,NA,BUFFALO,T,MONDOVI
STATE SENATOR DIST. 10 0,PAUL HAMBLETON,TOWN OF MONTANA,NA,BUFFALO,T,MONTANA
STATE SENATOR DIST. 10 0,PAUL HAMBLETON,TOWN OF NAPLES,NA,BUFFALO,T,NAPLES
STATE SENATOR DIST. 10 0,PAUL HAMBLETON,TOWN OF NELSON,NA,BUFFALO,T,NELSON
STATE SENATOR DIST. 10 0,PAUL HAMBLETON,TOWN OF WAUMANDEE,NA,BUFFALO,T,WAUMANDEE
STATE SENATOR DIST. 10 0,PAUL HAMBLETON,VILLAGE OF COCHRANE,NA,BUFFALO,V,COCHRANE
STATE SENATOR DIST. 10 0,PAUL HAMBLETON,VILLAGE OF NELSON,NA,BUFFALO,V,NELSON
STATE SENATOR DIST. 10 0,PAUL HAMBLETON,CITY OF ALMA W1&2,NA,BUFFALO,C,ALMA
STATE SENATOR DIST. 10 0,PAUL HAMBLETON,CITY OF BUFFALO CITY,NA,BUFFALO,C,BUFFALO CITY
STATE SENATOR DIST. 10 0,PAUL HAMBLETON,CITY OF FOUNTAIN CITY W1&2,NA,BUFFALO,C,FOUNTAIN CITY
STATE SENATOR DIST. 10 0,PAUL HAMBLETON,CITY OF MONDOVI W13,NA,BUFFALO,C,MONDOVI
STATE SENATOR DIST. 10 0,ROB STAFSHOLT,TOWN OF ALMA,NA,BUFFALO,T,ALMA
STATE SENATOR DIST. 10 0,ROB STAFSHOLT,TOWN OF BELVIDERE,NA,BUFFALO,T,BELVIDERE
STATE SENATOR DIST. 10 0,ROB STAFSHOLT,TOWN OF BUFFALO,NA,BUFFALO,T,BUFFALO
STATE SENATOR DIST. 10 0,ROB STAFSHOLT,TOWN OF CANTON,NA,BUFFALO,T,CANTON
STATE SENATOR DIST. 10 0,ROB STAFSHOLT,TOWN OF CROSS,NA,BUFFALO,T,CROSS
STATE SENATOR DIST. 10 0,ROB STAFSHOLT,TOWN OF DOVER,NA,BUFFALO,T,DOVER
STATE SENATOR DIST. 10 0,ROB STAFSHOLT,TOWN OF GILMANTON,NA,BUFFALO,T,GILMANTON
STATE SENATOR DIST. 10 0,ROB STAFSHOLT,TOWN OF GLENCOE,NA,BUFFALO,T,GLENCOE
STATE SENATOR DIST. 10 0,ROB STAFSHOLT,TOWN OF LINCOLN,NA,BUFFALO,T,LINCOLN
STATE SENATOR DIST. 10 0,ROB STAFSHOLT,TOWN OF MAXVILLE,NA,BUFFALO,T,MAXVILLE
STATE SENATOR DIST. 10 0,ROB STAFSHOLT,TOWN OF MILTON,NA,BUFFALO,T,MILTON
STATE SENATOR DIST. 10 0,ROB STAFSHOLT,TOWN OF MODENA,NA,BUFFALO,T,MODENA
STATE SENATOR DIST. 10 0,ROB STAFSHOLT,TOWN OF MONDOVI,NA,BUFFALO,T,MONDOVI
STATE SENATOR DIST. 10 0,ROB STAFSHOLT,TOWN OF MONTANA,NA,BUFFALO,T,MONTANA
STATE SENATOR DIST. 10 0,ROB STAFSHOLT,TOWN OF NAPLES,NA,BUFFALO,T,NAPLES
STATE SENATOR DIST. 10 0,ROB STAFSHOLT,TOWN OF NELSON,NA,BUFFALO,T,NELSON
STATE SENATOR DIST. 10 0,ROB STAFSHOLT,TOWN OF WAUMANDEE,NA,BUFFALO,T,WAUMANDEE
STATE SENATOR DIST. 10 0,ROB STAFSHOLT,VILLAGE OF COCHRANE,NA,BUFFALO,V,COCHRANE
STATE SENATOR DIST. 10 0,ROB STAFSHOLT,VILLAGE OF NELSON,NA,BUFFALO,V,NELSON
STATE SENATOR DIST. 10 0,ROB STAFSHOLT,CITY OF ALMA W1&2,NA,BUFFALO,C,ALMA
STATE SENATOR DIST. 10 0,ROB STAFSHOLT,CITY OF BUFFALO CITY,NA,BUFFALO,C,BUFFALO CITY
STATE SENATOR DIST. 10 0,ROB STAFSHOLT,CITY OF FOUNTAIN CITY W1&2,NA,BUFFALO,C,FOUNTAIN CITY
STATE SENATOR DIST. 10 0,ROB STAFSHOLT,CITY OF MONDOVI W13,NA,BUFFALO,C,MONDOVI
STATE SENATOR DIST. 10 0,WRITE-IN,TOWN OF ALMA,NA,BUFFALO,T,ALMA
STATE SENATOR DIST. 10 0,WRITE-IN,TOWN OF BELVIDERE,NA,BUFFALO,T,BELVIDERE
STATE SENATOR DIST. 10 0,WRITE-IN,TOWN OF BUFFALO,NA,BUFFALO,T,BUFFALO
STATE SENATOR DIST. 10 0,WRITE-IN,TOWN OF CANTON,NA,BUFFALO,T,CANTON
STATE SENATOR DIST. 10 0,WRITE-IN,TOWN OF CROSS,NA,BUFFALO,T,CROSS
STATE SENATOR DIST. 10 0,WRITE-IN,TOWN OF DOVER,NA,BUFFALO,T,DOVER
STATE SENATOR DIST. 10 0,WRITE-IN,TOWN OF GILMANTON,NA,BUFFALO,T,GILMANTON
STATE SENATOR DIST. 10 0,WRITE-IN,TOWN OF GLENCOE,NA,BUFFALO,T,GLENCOE
STATE SENATOR DIST. 10 0,WRITE-IN,TOWN OF LINCOLN,NA,BUFFALO,T,LINCOLN
STATE SENATOR DIST. 10 0,WRITE-IN,TOWN OF MAXVILLE,NA,BUFFALO,T,MAXVILLE
STATE SENATOR DIST. 10 0,WRITE-IN,TOWN OF MILTON,NA,BUFFALO,T,MILTON
STATE SENATOR DIST. 10 0,WRITE-IN,TOWN OF MODENA,NA,BUFFALO,T,MODENA
STATE SENATOR DIST. 10 0,WRITE-IN,TOWN OF MONDOVI,NA,BUFFALO,T,MONDOVI
STATE SENATOR DIST. 10 0,WRITE-IN,TOWN OF MONTANA,NA,BUFFALO,T,MONTANA
STATE SENATOR DIST. 10 0,WRITE-IN,TOWN OF NAPLES,NA,BUFFALO,T,NAPLES
STATE SENATOR DIST. 10 0,WRITE-IN,TOWN OF NELSON,NA,BUFFALO,T,NELSON
STATE SENATOR DIST. 10 0,WRITE-IN,TOWN OF WAUMANDEE,NA,BUFFALO,T,WAUMANDEE
STATE SENATOR DIST. 10 0,WRITE-IN,VILLAGE OF COCHRANE,NA,BUFFALO,V,COCHRANE
STATE SENATOR DIST. 10 0,WRITE-IN,VILLAGE OF NELSON,NA,BUFFALO,V,NELSON
STATE SENATOR DIST. 10 0,WRITE-IN,CITY OF ALMA W1&2,NA,BUFFALO,C,ALMA
STATE SENATOR DIST. 10 0,WRITE-IN,CITY OF BUFFALO CITY,NA,BUFFALO,C,BUFFALO CITY
STATE SENATOR DIST. 10 0,WRITE-IN,CITY OF FOUNTAIN CITY W1&2,NA,BUFFALO,C,FOUNTAIN CITY
STATE SENATOR DIST. 10 0,WRITE-IN,CITY OF MONDOVI W13,NA,BUFFALO,C,MONDOVI
REPRESENTATIVE TO THE ASSEMBLY DIST. 29 0,REPRESENTATIVE TO THE ASSEMBLY DIST. 29 0,TOWN OF ALMA,NA,BUFFALO,T,ALMA
REPRESENTATIVE TO THE ASSEMBLY DIST. 29 0,REPRESENTATIVE TO THE ASSEMBLY DIST. 29 0,TOWN OF BELVIDERE,NA,BUFFALO,T,BELVIDERE
REPRESENTATIVE TO THE ASSEMBLY DIST. 29 0,REPRESENTATIVE TO THE ASSEMBLY DIST. 29 0,TOWN OF BUFFALO,NA,BUFFALO,T,BUFFALO
REPRESENTATIVE TO THE ASSEMBLY DIST. 29 0,REPRESENTATIVE TO THE ASSEMBLY DIST. 29 0,TOWN OF CANTON,NA,BUFFALO,T,CANTON
REPRESENTATIVE TO THE ASSEMBLY DIST. 29 0,REPRESENTATIVE TO THE ASSEMBLY DIST. 29 0,TOWN OF CROSS,NA,BUFFALO,T,CROSS
REPRESENTATIVE TO THE ASSEMBLY DIST. 29 0,REPRESENTATIVE TO THE ASSEMBLY DIST. 29 0,TOWN OF DOVER,NA,BUFFALO,T,DOVER
REPRESENTATIVE TO THE ASSEMBLY DIST. 29 0,REPRESENTATIVE TO THE ASSEMBLY DIST. 29 0,TOWN OF GILMANTON,NA,BUFFALO,T,GILMANTON
REPRESENTATIVE TO THE ASSEMBLY DIST. 29 0,REPRESENTATIVE TO THE ASSEMBLY DIST. 29 0,TOWN OF GLENCOE,NA,BUFFALO,T,GLENCOE
REPRESENTATIVE TO THE ASSEMBLY DIST. 29 0,REPRESENTATIVE TO THE ASSEMBLY DIST. 29 0,TOWN OF LINCOLN,NA,BUFFALO,T,LINCOLN
REPRESENTATIVE TO THE ASSEMBLY DIST. 29 0,REPRESENTATIVE TO THE ASSEMBLY DIST. 29 0,TOWN OF MAXVILLE,NA,BUFFALO,T,MAXVILLE
REPRESENTATIVE TO THE ASSEMBLY DIST. 29 0,REPRESENTATIVE TO THE ASSEMBLY DIST. 29 0,TOWN OF MILTON,NA,BUFFALO,T,MILTON
REPRESENTATIVE TO THE ASSEMBLY DIST. 29 0,REPRESENTATIVE TO THE ASSEMBLY DIST. 29 0,TOWN OF MODENA,NA,BUFFALO,T,MODENA
REPRESENTATIVE TO THE ASSEMBLY DIST. 29 0,REPRESENTATIVE TO THE ASSEMBLY DIST. 29 0,TOWN OF MONDOVI,NA,BUFFALO,T,MONDOVI
REPRESENTATIVE TO THE ASSEMBLY DIST. 29 0,REPRESENTATIVE TO THE ASSEMBLY DIST. 29 0,TOWN OF MONTANA,NA,BUFFALO,T,MONTANA
REPRESENTATIVE TO THE ASSEMBLY DIST. 29 0,REPRESENTATIVE TO THE ASSEMBLY DIST. 29 0,TOWN OF NAPLES,NA,BUFFALO,T,NAPLES
REPRESENTATIVE TO THE ASSEMBLY DIST. 29 0,REPRESENTATIVE TO THE ASSEMBLY DIST. 29 0,TOWN OF NELSON,NA,BUFFALO,T,NELSON
REPRESENTATIVE TO THE ASSEMBLY DIST. 29 0,REPRESENTATIVE TO THE ASSEMBLY DIST. 29 0,TOWN OF WAUMANDEE,NA,BUFFALO,T,WAUMANDEE
REPRESENTATIVE TO THE ASSEMBLY DIST. 29 0,REPRESENTATIVE TO THE ASSEMBLY DIST. 29 0,VILLAGE OF COCHRANE,NA,BUFFALO,V,COCHRANE
REPRESENTATIVE TO THE ASSEMBLY DIST. 29 0,REPRESENTATIVE TO THE ASSEMBLY DIST. 29 0,VILLAGE OF NELSON,NA,BUFFALO,V,NELSON
REPRESENTATIVE TO THE ASSEMBLY DIST. 29 0,REPRESENTATIVE TO THE ASSEMBLY DIST. 29 0,CITY OF ALMA W1&2,NA,BUFFALO,C,ALMA
REPRESENTATIVE TO THE ASSEMBLY DIST. 29 0,REPRESENTATIVE TO THE ASSEMBLY DIST. 29 0,CITY OF BUFFALO CITY,NA,BUFFALO,C,BUFFALO CITY
REPRESENTATIVE TO THE ASSEMBLY DIST. 29 0,REPRESENTATIVE TO THE ASSEMBLY DIST. 29 0,CITY OF FOUNTAIN CITY W1&2,NA,BUFFALO,C,FOUNTAIN CITY
REPRESENTATIVE TO THE ASSEMBLY DIST. 29 0,REPRESENTATIVE TO THE ASSEMBLY DIST. 29 0,CITY OF MONDOVI W13,NA,BUFFALO,C,MONDOVI
REPRESENTATIVE TO THE ASSEMBLY DIST. 29 0,TERRY SCHOONOVER,TOWN OF ALMA,NA,BUFFALO,T,ALMA
REPRESENTATIVE TO THE ASSEMBLY DIST. 29 0,TERRY SCHOONOVER,TOWN OF BELVIDERE,NA,BUFFALO,T,BELVIDERE
REPRESENTATIVE TO THE ASSEMBLY DIST. 29 0,TERRY SCHOONOVER,TOWN OF BUFFALO,NA,BUFFALO,T,BUFFALO
REPRESENTATIVE TO THE ASSEMBLY DIST. 29 0,TERRY SCHOONOVER,TOWN OF CANTON,NA,BUFFALO,T,CANTON
REPRESENTATIVE TO THE ASSEMBLY DIST. 29 0,TERRY SCHOONOVER,TOWN OF CROSS,NA,BUFFALO,T,CROSS
REPRESENTATIVE TO THE ASSEMBLY DIST. 29 0,TERRY SCHOONOVER,TOWN OF DOVER,NA,BUFFALO,T,DOVER
REPRESENTATIVE TO THE ASSEMBLY DIST. 29 0,TERRY SCHOONOVER,TOWN OF GILMANTON,NA,BUFFALO,T,GILMANTON
REPRESENTATIVE TO THE ASSEMBLY DIST. 29 0,TERRY SCHOONOVER,TOWN OF GLENCOE,NA,BUFFALO,T,GLENCOE
REPRESENTATIVE TO THE ASSEMBLY DIST. 29 0,TERRY SCHOONOVER,TOWN OF LINCOLN,NA,BUFFALO,T,LINCOLN
REPRESENTATIVE TO THE ASSEMBLY DIST. 29 0,TERRY SCHOONOVER,TOWN OF MAXVILLE,NA,BUFFALO,T,MAXVILLE
REPRESENTATIVE TO THE ASSEMBLY DIST. 29 0,TERRY SCHOONOVER,TOWN OF MILTON,NA,BUFFALO,T,MILTON
REPRESENTATIVE TO THE ASSEMBLY DIST. 29 0,TERRY SCHOONOVER,TOWN OF MODENA,NA,BUFFALO,T,MODENA
REPRESENTATIVE TO THE ASSEMBLY DIST. 29 0,TERRY SCHOONOVER,TOWN OF MONDOVI,NA,BUFFALO,T,MONDOVI
REPRESENTATIVE TO THE ASSEMBLY DIST. 29 0,TERRY SCHOONOVER,TOWN OF MONTANA,NA,BUFFALO,T,MONTANA
REPRESENTATIVE TO THE ASSEMBLY DIST. 29 0,TERRY SCHOONOVER,TOWN OF NAPLES,NA,BUFFALO,T,NAPLES
REPRESENTATIVE TO THE ASSEMBLY DIST. 29 0,TERRY SCHOONOVER,TOWN OF NELSON,NA,BUFFALO,T,NELSON
REPRESENTATIVE TO THE ASSEMBLY DIST. 29 0,TERRY SCHOONOVER,TOWN OF WAUMANDEE,NA,BUFFALO,T,WAUMANDEE
REPRESENTATIVE TO THE ASSEMBLY DIST. 29 0,TERRY SCHOONOVER,VILLAGE OF COCHRANE,NA,BUFFALO,V,COCHRANE
REPRESENTATIVE TO THE ASSEMBLY DIST. 29 0,TERRY SCHOONOVER,VILLAGE OF NELSON,NA,BUFFALO,V,NELSON
REPRESENTATIVE TO THE ASSEMBLY DIST. 29 0,TERRY SCHOONOVER,CITY OF ALMA W1&2,NA,BUFFALO,C,ALMA
REPRESENTATIVE TO THE ASSEMBLY DIST. 29 0,TERRY SCHOONOVER,CITY OF BUFFALO CITY,NA,BUFFALO,C,BUFFALO CITY
REPRESENTATIVE TO THE ASSEMBLY DIST. 29 0,TERRY SCHOONOVER,CITY OF FOUNTAIN CITY W1&2,NA,BUFFALO,C,FOUNTAIN CITY
REPRESENTATIVE TO THE ASSEMBLY DIST. 29 0,TERRY SCHOONOVER,CITY OF MONDOVI W13,NA,BUFFALO,C,MONDOVI
REPRESENTATIVE TO THE ASSEMBLY DIST. 29 0,TREIG E. PRONSCHINSKE,TOWN OF ALMA,NA,BUFFALO,T,ALMA
REPRESENTATIVE TO THE ASSEMBLY DIST. 29 0,TREIG E. PRONSCHINSKE,TOWN OF BELVIDERE,NA,BUFFALO,T,BELVIDERE
REPRESENTATIVE TO THE ASSEMBLY DIST. 29 0,TREIG E. PRONSCHINSKE,TOWN OF BUFFALO,NA,BUFFALO,T,BUFFALO
REPRESENTATIVE TO THE ASSEMBLY DIST. 29 0,TREIG E. PRONSCHINSKE,TOWN OF CANTON,NA,BUFFALO,T,CANTON
REPRESENTATIVE TO THE ASSEMBLY DIST. 29 0,TREIG E. PRONSCHINSKE,TOWN OF CROSS,NA,BUFFALO,T,CROSS
REPRESENTATIVE TO THE ASSEMBLY DIST. 29 0,TREIG E. PRONSCHINSKE,TOWN OF DOVER,NA,BUFFALO,T,DOVER
REPRESENTATIVE TO THE ASSEMBLY DIST. 29 0,TREIG E. PRONSCHINSKE,TOWN OF GILMANTON,NA,BUFFALO,T,GILMANTON
REPRESENTATIVE TO THE ASSEMBLY DIST. 29 0,TREIG E. PRONSCHINSKE,TOWN OF GLENCOE,NA,BUFFALO,T,GLENCOE
REPRESENTATIVE TO THE ASSEMBLY DIST. 29 0,TREIG E. PRONSCHINSKE,TOWN OF LINCOLN,NA,BUFFALO,T,LINCOLN
REPRESENTATIVE TO THE ASSEMBLY DIST. 29 0,TREIG E. PRONSCHINSKE,TOWN OF MAXVILLE,NA,BUFFALO,T,MAXVILLE
REPRESENTATIVE TO THE ASSEMBLY DIST. 29 0,TREIG E. PRONSCHINSKE,TOWN OF MILTON,NA,BUFFALO,T,MILTON
REPRESENTATIVE TO THE ASSEMBLY DIST. 29 0,TREIG E. PRONSCHINSKE,TOWN OF MODENA,NA,BUFFALO,T,MODENA
REPRESENTATIVE TO THE ASSEMBLY DIST. 29 0,TREIG E. PRONSCHINSKE,TOWN OF MONDOVI,NA,BUFFALO,T,MONDOVI
REPRESENTATIVE TO THE ASSEMBLY DIST. 29 0,TREIG E. PRONSCHINSKE,TOWN OF MONTANA,NA,BUFFALO,T,MONTANA
REPRESENTATIVE TO THE ASSEMBLY DIST. 29 0,TREIG E. PRONSCHINSKE,TOWN OF NAPLES,NA,BUFFALO,T,NAPLES
REPRESENTATIVE TO THE ASSEMBLY DIST. 29 0,TREIG E. PRONSCHINSKE,TOWN OF NELSON,NA,BUFFALO,T,NELSON
REPRESENTATIVE TO THE ASSEMBLY DIST. 29 0,TREIG E. PRONSCHINSKE,TOWN OF WAUMANDEE,NA,BUFFALO,T,WAUMANDEE
REPRESENTATIVE TO THE ASSEMBLY DIST. 29 0,TREIG E. PRONSCHINSKE,VILLAGE OF COCHRANE,NA,BUFFALO,V,COCHRANE
REPRESENTATIVE TO THE ASSEMBLY DIST. 29 0,TREIG E. PRONSCHINSKE,VILLAGE OF NELSON,NA,BUFFALO,V,NELSON
REPRESENTATIVE TO THE ASSEMBLY DIST. 29 0,TREIG E. PRONSCHINSKE,CITY OF ALMA W1&2,NA,BUFFALO,C,ALMA
REPRESENTATIVE TO THE ASSEMBLY DIST. 29 0,TREIG E. PRONSCHINSKE,CITY OF BUFFALO CITY,NA,BUFFALO,C,BUFFALO CITY
REPRESENTATIVE TO THE ASSEMBLY DIST. 29 0,TREIG E. PRONSCHINSKE,CITY OF FOUNTAIN CITY W1&2,NA,BUFFALO,C,FOUNTAIN CITY
REPRESENTATIVE TO THE ASSEMBLY DIST. 29 0,TREIG E. PRONSCHINSKE,CITY OF MONDOVI W13,NA,BUFFALO,C,MONDOVI
REPRESENTATIVE TO THE ASSEMBLY DIST. 29 0,WRITE-INS,TOWN OF ALMA,NA,BUFFALO,T,ALMA
REPRESENTATIVE TO THE ASSEMBLY DIST. 29 0,WRITE-INS,TOWN OF BELVIDERE,NA,BUFFALO,T,BELVIDERE
REPRESENTATIVE TO THE ASSEMBLY DIST. 29 0,WRITE-INS,TOWN OF BUFFALO,NA,BUFFALO,T,BUFFALO
REPRESENTATIVE TO THE ASSEMBLY DIST. 29 0,WRITE-INS,TOWN OF CANTON,NA,BUFFALO,T,CANTON
REPRESENTATIVE TO THE ASSEMBLY DIST. 29 0,WRITE-INS,TOWN OF CROSS,NA,BUFFALO,T,CROSS
REPRESENTATIVE TO THE ASSEMBLY DIST. 29 0,WRITE-INS,TOWN OF DOVER,NA,BUFFALO,T,DOVER
REPRESENTATIVE TO THE ASSEMBLY DIST. 29 0,WRITE-INS,TOWN OF GILMANTON,NA,BUFFALO,T,GILMANTON
REPRESENTATIVE TO THE ASSEMBLY DIST. 29 0,WRITE-INS,TOWN OF GLENCOE,NA,BUFFALO,T,GLENCOE
REPRESENTATIVE TO THE ASSEMBLY DIST. 29 0,WRITE-INS,TOWN OF LINCOLN,NA,BUFFALO,T,LINCOLN
REPRESENTATIVE TO THE ASSEMBLY DIST. 29 0,WRITE-INS,TOWN OF MAXVILLE,NA,BUFFALO,T,MAXVILLE
REPRESENTATIVE TO THE ASSEMBLY DIST. 29 0,WRITE-INS,TOWN OF MILTON,NA,BUFFALO,T,MILTON
REPRESENTATIVE TO THE ASSEMBLY DIST. 29 0,WRITE-INS,TOWN OF MODENA,NA,BUFFALO,T,MODENA
REPRESENTATIVE TO THE ASSEMBLY DIST. 29 0,WRITE-INS,TOWN OF MONDOVI,NA,BUFFALO,T,MONDOVI
REPRESENTATIVE TO THE ASSEMBLY DIST. 29 0,WRITE-INS,TOWN OF MONTANA,NA,BUFFALO,T,MONTANA
REPRESENTATIVE TO THE ASSEMBLY DIST. 29 0,WRITE-INS,TOWN OF NAPLES,NA,BUFFALO,T,NAPLES
REPRESENTATIVE TO THE ASSEMBLY DIST. 29 0,WRITE-INS,TOWN OF NELSON,NA,BUFFALO,T,NELSON
REPRESENTATIVE TO THE ASSEMBLY DIST. 29 0,WRITE-INS,TOWN OF WAUMANDEE,NA,BUFFALO,T,WAUMANDEE
REPRESENTATIVE TO THE ASSEMBLY DIST. 29 0,WRITE-INS,VILLAGE OF COCHRANE,NA,BUFFALO,V,COCHRANE
REPRESENTATIVE TO THE ASSEMBLY DIST. 29 0,WRITE-INS,VILLAGE OF NELSON,NA,BUFFALO,V,NELSON
REPRESENTATIVE TO THE ASSEMBLY DIST. 29 0,WRITE-INS,CITY OF ALMA W1&2,NA,BUFFALO,C,ALMA
REPRESENTATIVE TO THE ASSEMBLY DIST. 29 0,WRITE-INS,CITY OF BUFFALO CITY,NA,BUFFALO,C,BUFFALO CITY
REPRESENTATIVE TO THE ASSEMBLY DIST. 29 0,WRITE-INS,CITY OF FOUNTAIN CITY W1&2,NA,BUFFALO,C,FOUNTAIN CITY
REPRESENTATIVE TO THE ASSEMBLY DIST. 29 0,WRITE-INS,CITY OF MONDOVI W13,NA,BUFFALO,C,MONDOVI
DISTRICT ATTORNEY 0,DISTRICT ATTORNEY 0,TOWN OF ALMA,NA,BUFFALO,T,ALMA
DISTRICT ATTORNEY 0,DISTRICT ATTORNEY 0,TOWN OF BELVIDERE,NA,BUFFALO,T,BELVIDERE
DISTRICT ATTORNEY 0,DISTRICT ATTORNEY 0,TOWN OF BUFFALO,NA,BUFFALO,T,BUFFALO
DISTRICT ATTORNEY 0,DISTRICT ATTORNEY 0,TOWN OF CANTON,NA,BUFFALO,T,CANTON
DISTRICT ATTORNEY 0,DISTRICT ATTORNEY 0,TOWN OF CROSS,NA,BUFFALO,T,CROSS
DISTRICT ATTORNEY 0,DISTRICT ATTORNEY 0,TOWN OF DOVER,NA,BUFFALO,T,DOVER
DISTRICT ATTORNEY 0,DISTRICT ATTORNEY 0,TOWN OF GILMANTON,NA,BUFFALO,T,GILMANTON
DISTRICT ATTORNEY 0,DISTRICT ATTORNEY 0,TOWN OF GLENCOE,NA,BUFFALO,T,GLENCOE
DISTRICT ATTORNEY 0,DISTRICT ATTORNEY 0,TOWN OF LINCOLN,NA,BUFFALO,T,LINCOLN
DISTRICT ATTORNEY 0,DISTRICT ATTORNEY 0,TOWN OF MAXVILLE,NA,BUFFALO,T,MAXVILLE
DISTRICT ATTORNEY 0,DISTRICT ATTORNEY 0,TOWN OF MILTON,NA,BUFFALO,T,MILTON
DISTRICT ATTORNEY 0,DISTRICT ATTORNEY 0,TOWN OF MODENA,NA,BUFFALO,T,MODENA
DISTRICT ATTORNEY 0,DISTRICT ATTORNEY 0,TOWN OF MONDOVI,NA,BUFFALO,T,MONDOVI
DISTRICT ATTORNEY 0,DISTRICT ATTORNEY 0,TOWN OF MONTANA,NA,BUFFALO,T,MONTANA
DISTRICT ATTORNEY 0,DISTRICT ATTORNEY 0,TOWN OF NAPLES,NA,BUFFALO,T,NAPLES
DISTRICT ATTORNEY 0,DISTRICT ATTORNEY 0,TOWN OF NELSON,NA,BUFFALO,T,NELSON
DISTRICT ATTORNEY 0,DISTRICT ATTORNEY 0,TOWN OF WAUMANDEE,NA,BUFFALO,T,WAUMANDEE
DISTRICT ATTORNEY 0,DISTRICT ATTORNEY 0,VILLAGE OF COCHRANE,NA,BUFFALO,V,COCHRANE
DISTRICT ATTORNEY 0,DISTRICT ATTORNEY 0,VILLAGE OF NELSON,NA,BUFFALO,V,NELSON
DISTRICT ATTORNEY 0,DISTRICT ATTORNEY 0,CITY OF ALMA W1&2,NA,BUFFALO,C,ALMA
DISTRICT ATTORNEY 0,DISTRICT ATTORNEY 0,CITY OF BUFFALO CITY,NA,BUFFALO,C,BUFFALO CITY
DISTRICT ATTORNEY 0,DISTRICT ATTORNEY 0,CITY OF FOUNTAIN CITY W1&2,NA,BUFFALO,C,FOUNTAIN CITY
DISTRICT ATTORNEY 0,DISTRICT ATTORNEY 0,CITY OF MONDOVI W13,NA,BUFFALO,C,MONDOVI
DISTRICT ATTORNEY 0,TOM BILSKI,TOWN OF ALMA,NA,BUFFALO,T,ALMA
DISTRICT ATTORNEY 0,TOM BILSKI,TOWN OF BELVIDERE,NA,BUFFALO,T,BELVIDERE
DISTRICT ATTORNEY 0,TOM BILSKI,TOWN OF BUFFALO,NA,BUFFALO,T,BUFFALO
DISTRICT ATTORNEY 0,TOM BILSKI,TOWN OF CANTON,NA,BUFFALO,T,CANTON
DISTRICT ATTORNEY 0,TOM BILSKI,TOWN OF CROSS,NA,BUFFALO,T,CROSS
DISTRICT ATTORNEY 0,TOM BILSKI,TOWN OF DOVER,NA,BUFFALO,T,DOVER
DISTRICT ATTORNEY 0,TOM BILSKI,TOWN OF GILMANTON,NA,BUFFALO,T,GILMANTON
DISTRICT ATTORNEY 0,TOM BILSKI,TOWN OF GLENCOE,NA,BUFFALO,T,GLENCOE
DISTRICT ATTORNEY 0,TOM BILSKI,TOWN OF LINCOLN,NA,BUFFALO,T,LINCOLN
DISTRICT ATTORNEY 0,TOM BILSKI,TOWN OF MAXVILLE,NA,BUFFALO,T,MAXVILLE
DISTRICT ATTORNEY 0,TOM BILSKI,TOWN OF MILTON,NA,BUFFALO,T,MILTON
DISTRICT ATTORNEY 0,TOM BILSKI,TOWN OF MODENA,NA,BUFFALO,T,MODENA
DISTRICT ATTORNEY 0,TOM BILSKI,TOWN OF MONDOVI,NA,BUFFALO,T,MONDOVI
DISTRICT ATTORNEY 0,TOM BILSKI,TOWN OF MONTANA,NA,BUFFALO,T,MONTANA
DISTRICT ATTORNEY 0,TOM BILSKI,TOWN OF NAPLES,NA,BUFFALO,T,NAPLES
DISTRICT ATTORNEY 0,TOM BILSKI,TOWN OF NELSON,NA,BUFFALO,T,NELSON
DISTRICT ATTORNEY 0,TOM BILSKI,TOWN OF WAUMANDEE,NA,BUFFALO,T,WAUMANDEE
DISTRICT ATTORNEY 0,TOM BILSKI,VILLAGE OF COCHRANE,NA,BUFFALO,V,COCHRANE
DISTRICT ATTORNEY 0,TOM BILSKI,VILLAGE OF NELSON,NA,BUFFALO,V,NELSON
DISTRICT ATTORNEY 0,TOM BILSKI,CITY OF ALMA W1&2,NA,BUFFALO,C,ALMA
DISTRICT ATTORNEY 0,TOM BILSKI,CITY OF BUFFALO CITY,NA,BUFFALO,C,BUFFALO CITY
DISTRICT ATTORNEY 0,TOM BILSKI,CITY OF FOUNTAIN CITY W1&2,NA,BUFFALO,C,FOUNTAIN CITY
DISTRICT ATTORNEY 0,TOM BILSKI,CITY OF MONDOVI W13,NA,BUFFALO,C,MONDOVI
DISTRICT ATTORNEY 0,WRITE-INS,TOWN OF ALMA,NA,BUFFALO,T,ALMA
DISTRICT ATTORNEY 0,WRITE-INS,TOWN OF BELVIDERE,NA,BUFFALO,T,BELVIDERE
DISTRICT ATTORNEY 0,WRITE-INS,TOWN OF BUFFALO,NA,BUFFALO,T,BUFFALO
DISTRICT ATTORNEY 0,WRITE-INS,TOWN OF CANTON,NA,BUFFALO,T,CANTON
DISTRICT ATTORNEY 0,WRITE-INS,TOWN OF CROSS,NA,BUFFALO,T,CROSS
DISTRICT ATTORNEY 0,WRITE-INS,TOWN OF DOVER,NA,BUFFALO,T,DOVER
DISTRICT ATTORNEY 0,WRITE-INS,TOWN OF GILMANTON,NA,BUFFALO,T,GILMANTON
DISTRICT ATTORNEY 0,WRITE-INS,TOWN OF GLENCOE,NA,BUFFALO,T,GLENCOE
DISTRICT ATTORNEY 0,WRITE-INS,TOWN OF LINCOLN,NA,BUFFALO,T,LINCOLN
DISTRICT ATTORNEY 0,WRITE-INS,TOWN OF MAXVILLE,NA,BUFFALO,T,MAXVILLE
DISTRICT ATTORNEY 0,WRITE-INS,TOWN OF MILTON,NA,BUFFALO,T,MILTON
DISTRICT ATTORNEY 0,WRITE-INS,TOWN OF MODENA,NA,BUFFALO,T,MODENA
DISTRICT ATTORNEY 0,WRITE-INS,TOWN OF MONDOVI,NA,BUFFALO,T,MONDOVI
DISTRICT ATTORNEY 0,WRITE-INS,TOWN OF MONTANA,NA,BUFFALO,T,MONTANA
DISTRICT ATTORNEY 0,WRITE-INS,TOWN OF NAPLES,NA,BUFFALO,T,NAPLES
DISTRICT ATTORNEY 0,WRITE-INS,TOWN OF NELSON,NA,BUFFALO,T,NELSON
DISTRICT ATTORNEY 0,WRITE-INS,TOWN OF WAUMANDEE,NA,BUFFALO,T,WAUMANDEE
DISTRICT ATTORNEY 0,WRITE-INS,VILLAGE OF COCHRANE,NA,BUFFALO,V,COCHRANE
DISTRICT ATTORNEY 0,WRITE-INS,VILLAGE OF NELSON,NA,BUFFALO,V,NELSON
DISTRICT ATTORNEY 0,WRITE-INS,CITY OF ALMA W1&2,NA,BUFFALO,C,ALMA
DISTRICT ATTORNEY 0,WRITE-INS,CITY OF BUFFALO CITY,NA,BUFFALO,C,BUFFALO CITY
DISTRICT ATTORNEY 0,WRITE-INS,CITY OF FOUNTAIN CITY W1&2,NA,BUFFALO,C,FOUNTAIN CITY
DISTRICT ATTORNEY 0,WRITE-INS,CITY OF MONDOVI W13,NA,BUFFALO,C,MONDOVI
COUNTY CLERK,COUNTY CLERK,TOWN OF ALMA,NA,BUFFALO,T,ALMA
COUNTY CLERK,COUNTY CLERK,TOWN OF BELVIDERE,NA,BUFFALO,T,BELVIDERE
COUNTY CLERK,COUNTY CLERK,TOWN OF BUFFALO,NA,BUFFALO,T,BUFFALO
COUNTY CLERK,COUNTY CLERK,TOWN OF CANTON,NA,BUFFALO,T,CANTON
COUNTY CLERK,COUNTY CLERK,TOWN OF CROSS,NA,BUFFALO,T,CROSS
COUNTY CLERK,COUNTY CLERK,TOWN OF DOVER,NA,BUFFALO,T,DOVER
COUNTY CLERK,COUNTY CLERK,TOWN OF GILMANTON,NA,BUFFALO,T,GILMANTON
COUNTY CLERK,COUNTY CLERK,TOWN OF GLENCOE,NA,BUFFALO,T,GLENCOE
COUNTY CLERK,COUNTY CLERK,TOWN OF LINCOLN,NA,BUFFALO,T,LINCOLN
COUNTY CLERK,COUNTY CLERK,TOWN OF MAXVILLE,NA,BUFFALO,T,MAXVILLE
COUNTY CLERK,COUNTY CLERK,TOWN OF MILTON,NA,BUFFALO,T,MILTON
COUNTY CLERK,COUNTY CLERK,TOWN OF MODENA,NA,BUFFALO,T,MODENA
COUNTY CLERK,COUNTY CLERK,TOWN OF MONDOVI,NA,BUFFALO,T,MONDOVI
COUNTY CLERK,COUNTY CLERK,TOWN OF MONTANA,NA,BUFFALO,T,MONTANA
COUNTY CLERK,COUNTY CLERK,TOWN OF NAPLES,NA,BUFFALO,T,NAPLES
COUNTY CLERK,COUNTY CLERK,TOWN OF NELSON,NA,BUFFALO,T,NELSON
COUNTY CLERK,COUNTY CLERK,TOWN OF WAUMANDEE,NA,BUFFALO,T,WAUMANDEE
COUNTY CLERK,COUNTY CLERK,VILLAGE OF COCHRANE,NA,BUFFALO,V,COCHRANE
COUNTY CLERK,COUNTY CLERK,VILLAGE OF NELSON,NA,BUFFALO,V,NELSON
COUNTY CLERK,COUNTY CLERK,CITY OF ALMA W1&2,NA,BUFFALO,C,ALMA
COUNTY CLERK,COUNTY CLERK,CITY OF BUFFALO CITY,NA,BUFFALO,C,BUFFALO CITY
COUNTY CLERK,COUNTY CLERK,CITY OF FOUNTAIN CITY W1&2,NA,BUFFALO,C,FOUNTAIN CITY
COUNTY CLERK,COUNTY CLERK,CITY OF MONDOVI W13,NA,BUFFALO,C,MONDOVI
COUNTY CLERK,ROXANN HALVERSON,TOWN OF ALMA,NA,BUFFALO,T,ALMA
COUNTY CLERK,ROXANN HALVERSON,TOWN OF BELVIDERE,NA,BUFFALO,T,BELVIDERE
COUNTY CLERK,ROXANN HALVERSON,TOWN OF BUFFALO,NA,BUFFALO,T,BUFFALO
COUNTY CLERK,ROXANN HALVERSON,TOWN OF CANTON,NA,BUFFALO,T,CANTON
COUNTY CLERK,ROXANN HALVERSON,TOWN OF CROSS,NA,BUFFALO,T,CROSS
COUNTY CLERK,ROXANN HALVERSON,TOWN OF DOVER,NA,BUFFALO,T,DOVER
COUNTY CLERK,ROXANN HALVERSON,TOWN OF GILMANTON,NA,BUFFALO,T,GILMANTON
COUNTY CLERK,ROXANN HALVERSON,TOWN OF GLENCOE,NA,BUFFALO,T,GLENCOE
COUNTY CLERK,ROXANN HALVERSON,TOWN OF LINCOLN,NA,BUFFALO,T,LINCOLN
COUNTY CLERK,ROXANN HALVERSON,TOWN OF MAXVILLE,NA,BUFFALO,T,MAXVILLE
COUNTY CLERK,ROXANN HALVERSON,TOWN OF MILTON,NA,BUFFALO,T,MILTON
COUNTY CLERK,ROXANN HALVERSON,TOWN OF MODENA,NA,BUFFALO,T,MODENA
COUNTY CLERK,ROXANN HALVERSON,TOWN OF MONDOVI,NA,BUFFALO,T,MONDOVI
COUNTY CLERK,ROXANN HALVERSON,TOWN OF MONTANA,NA,BUFFALO,T,MONTANA
COUNTY CLERK,ROXANN HALVERSON,TOWN OF NAPLES,NA,BUFFALO,T,NAPLES
COUNTY CLERK,ROXANN HALVERSON,TOWN OF NELSON,NA,BUFFALO,T,NELSON
COUNTY CLERK,ROXANN HALVERSON,TOWN OF WAUMANDEE,NA,BUFFALO,T,WAUMANDEE
COUNTY CLERK,ROXANN HALVERSON,VILLAGE OF COCHRANE,NA,BUFFALO,V,COCHRANE
COUNTY CLERK,ROXANN HALVERSON,VILLAGE OF NELSON,NA,BUFFALO,V,NELSON
COUNTY CLERK,ROXANN HALVERSON,CITY OF ALMA W1&2,NA,BUFFALO,C,ALMA
COUNTY CLERK,ROXANN HALVERSON,CITY OF BUFFALO CITY,NA,BUFFALO,C,BUFFALO CITY
COUNTY CLERK,ROXANN HALVERSON,CITY OF FOUNTAIN CITY W1&2,NA,BUFFALO,C,FOUNTAIN CITY
COUNTY CLERK,ROXANN HALVERSON,CITY OF MONDOVI W13,NA,BUFFALO,C,MONDOVI
COUNTY CLERK,WRITE-INS,TOWN OF ALMA,NA,BUFFALO,T,ALMA
COUNTY CLERK,WRITE-INS,TOWN OF BELVIDERE,NA,BUFFALO,T,BELVIDERE
COUNTY CLERK,WRITE-INS,TOWN OF BUFFALO,NA,BUFFALO,T,BUFFALO
COUNTY CLERK,WRITE-INS,TOWN OF CANTON,NA,BUFFALO,T,CANTON
COUNTY CLERK,WRITE-INS,TOWN OF CROSS,NA,BUFFALO,T,CROSS
COUNTY CLERK,WRITE-INS,TOWN OF DOVER,NA,BUFFALO,T,DOVER
COUNTY CLERK,WRITE-INS,TOWN OF GILMANTON,NA,BUFFALO,T,GILMANTON
COUNTY CLERK,WRITE-INS,TOWN OF GLENCOE,NA,BUFFALO,T,GLENCOE
COUNTY CLERK,WRITE-INS,TOWN OF LINCOLN,NA,BUFFALO,T,LINCOLN
COUNTY CLERK,WRITE-INS,TOWN OF MAXVILLE,NA,BUFFALO,T,MAXVILLE
COUNTY CLERK,WRITE-INS,TOWN OF MILTON,NA,BUFFALO,T,MILTON
COUNTY CLERK,WRITE-INS,TOWN OF MODENA,NA,BUFFALO,T,MODENA
COUNTY CLERK,WRITE-INS,TOWN OF MONDOVI,NA,BUFFALO,T,MONDOVI
COUNTY CLERK,WRITE-INS,TOWN OF MONTANA,NA,BUFFALO,T,MONTANA
COUNTY CLERK,WRITE-INS,TOWN OF NAPLES,NA,BUFFALO,T,NAPLES
COUNTY CLERK,WRITE-INS,TOWN OF NELSON,NA,BUFFALO,T,NELSON
COUNTY CLERK,WRITE-INS,TOWN OF WAUMANDEE,NA,BUFFALO,T,WAUMANDEE
COUNTY CLERK,WRITE-INS,VILLAGE OF COCHRANE,NA,BUFFALO,V,COCHRANE
COUNTY CLERK,WRITE-INS,VILLAGE OF NELSON,NA,BUFFALO,V,NELSON
COUNTY CLERK,WRITE-INS,CITY OF ALMA W1&2,NA,BUFFALO,C,ALMA
COUNTY CLERK,WRITE-INS,CITY OF BUFFALO CITY,NA,BUFFALO,C,BUFFALO CITY
COUNTY CLERK,WRITE-INS,CITY OF FOUNTAIN CITY W1&2,NA,BUFFALO,C,FOUNTAIN CITY
COUNTY CLERK,WRITE-INS,CITY OF MONDOVI W13,NA,BUFFALO,C,MONDOVI
COUNTY TREASURER 0,COUNTY TREASURER 0,TOWN OF ALMA,NA,BUFFALO,T,ALMA
COUNTY TREASURER 0,COUNTY TREASURER 0,TOWN OF BELVIDERE,NA,BUFFALO,T,BELVIDERE
COUNTY TREASURER 0,COUNTY TREASURER 0,TOWN OF BUFFALO,NA,BUFFALO,T,BUFFALO
COUNTY TREASURER 0,COUNTY TREASURER 0,TOWN OF CANTON,NA,BUFFALO,T,CANTON
COUNTY TREASURER 0,COUNTY TREASURER 0,TOWN OF CROSS,NA,BUFFALO,T,CROSS
COUNTY TREASURER 0,COUNTY TREASURER 0,TOWN OF DOVER,NA,BUFFALO,T,DOVER
COUNTY TREASURER 0,COUNTY TREASURER 0,TOWN OF GILMANTON,NA,BUFFALO,T,GILMANTON
COUNTY TREASURER 0,COUNTY TREASURER 0,TOWN OF GLENCOE,NA,BUFFALO,T,GLENCOE
COUNTY TREASURER 0,COUNTY TREASURER 0,TOWN OF LINCOLN,NA,BUFFALO,T,LINCOLN
COUNTY TREASURER 0,COUNTY TREASURER 0,TOWN OF MAXVILLE,NA,BUFFALO,T,MAXVILLE
COUNTY TREASURER 0,COUNTY TREASURER 0,TOWN OF MILTON,NA,BUFFALO,T,MILTON
COUNTY TREASURER 0,COUNTY TREASURER 0,TOWN OF MODENA,NA,BUFFALO,T,MODENA
COUNTY TREASURER 0,COUNTY TREASURER 0,TOWN OF MONDOVI,NA,BUFFALO,T,MONDOVI
COUNTY TREASURER 0,COUNTY TREASURER 0,TOWN OF MONTANA,NA,BUFFALO,T,MONTANA
COUNTY TREASURER 0,COUNTY TREASURER 0,TOWN OF NAPLES,NA,BUFFALO,T,NAPLES
COUNTY TREASURER 0,COUNTY TREASURER 0,TOWN OF NELSON,NA,BUFFALO,T,NELSON
COUNTY TREASURER 0,COUNTY TREASURER 0,TOWN OF WAUMANDEE,NA,BUFFALO,T,WAUMANDEE
COUNTY TREASURER 0,COUNTY TREASURER 0,VILLAGE OF COCHRANE,NA,BUFFALO,V,COCHRANE
COUNTY TREASURER 0,COUNTY TREASURER 0,VILLAGE OF NELSON,NA,BUFFALO,V,NELSON
COUNTY TREASURER 0,COUNTY TREASURER 0,CITY OF ALMA W1&2,NA,BUFFALO,C,ALMA
COUNTY TREASURER 0,COUNTY TREASURER 0,CITY OF BUFFALO CITY,NA,BUFFALO,C,BUFFALO CITY
COUNTY TREASURER 0,COUNTY TREASURER 0,CITY OF FOUNTAIN CITY W1&2,NA,BUFFALO,C,FOUNTAIN CITY
COUNTY TREASURER 0,COUNTY TREASURER 0,CITY OF MONDOVI W13,NA,BUFFALO,C,MONDOVI
COUNTY TREASURER 0,TINA ANIBAS,TOWN OF ALMA,NA,BUFFALO,T,ALMA
COUNTY TREASURER 0,TINA ANIBAS,TOWN OF BELVIDERE,NA,BUFFALO,T,BELVIDERE
COUNTY TREASURER 0,TINA ANIBAS,TOWN OF BUFFALO,NA,BUFFALO,T,BUFFALO
COUNTY TREASURER 0,TINA ANIBAS,TOWN OF CANTON,NA,BUFFALO,T,CANTON
COUNTY TREASURER 0,TINA ANIBAS,TOWN OF CROSS,NA,BUFFALO,T,CROSS
COUNTY TREASURER 0,TINA ANIBAS,TOWN OF DOVER,NA,BUFFALO,T,DOVER
COUNTY TREASURER 0,TINA ANIBAS,TOWN OF GILMANTON,NA,BUFFALO,T,GILMANTON
COUNTY TREASURER 0,TINA ANIBAS,TOWN OF GLENCOE,NA,BUFFALO,T,GLENCOE
COUNTY TREASURER 0,TINA ANIBAS,TOWN OF LINCOLN,NA,BUFFALO,T,LINCOLN
COUNTY TREASURER 0,TINA ANIBAS,TOWN OF MAXVILLE,NA,BUFFALO,T,MAXVILLE
COUNTY TREASURER 0,TINA ANIBAS,TOWN OF MILTON,NA,BUFFALO,T,MILTON
COUNTY TREASURER 0,TINA ANIBAS,TOWN OF MODENA,NA,BUFFALO,T,MODENA
COUNTY TREASURER 0,TINA ANIBAS,TOWN OF MONDOVI,NA,BUFFALO,T,MONDOVI
COUNTY TREASURER 0,TINA ANIBAS,TOWN OF MONTANA,NA,BUFFALO,T,MONTANA
COUNTY TREASURER 0,TINA ANIBAS,TOWN OF NAPLES,NA,BUFFALO,T,NAPLES
COUNTY TREASURER 0,TINA ANIBAS,TOWN OF NELSON,NA,BUFFALO,T,NELSON
COUNTY TREASURER 0,TINA ANIBAS,TOWN OF WAUMANDEE,NA,BUFFALO,T,WAUMANDEE
COUNTY TREASURER 0,TINA ANIBAS,VILLAGE OF COCHRANE,NA,BUFFALO,V,COCHRANE
COUNTY TREASURER 0,TINA ANIBAS,VILLAGE OF NELSON,NA,BUFFALO,V,NELSON
COUNTY TREASURER 0,TINA ANIBAS,CITY OF ALMA W1&2,NA,BUFFALO,C,ALMA
COUNTY TREASURER 0,TINA ANIBAS,CITY OF BUFFALO CITY,NA,BUFFALO,C,BUFFALO CITY
COUNTY TREASURER 0,TINA ANIBAS,CITY OF FOUNTAIN CITY W1&2,NA,BUFFALO,C,FOUNTAIN CITY
COUNTY TREASURER 0,TINA ANIBAS,CITY OF MONDOVI W13,NA,BUFFALO,C,MONDOVI
COUNTY TREASURER 0,WRITE-INS,TOWN OF ALMA,NA,BUFFALO,T,ALMA
COUNTY TREASURER 0,WRITE-INS,TOWN OF BELVIDERE,NA,BUFFALO,T,BELVIDERE
COUNTY TREASURER 0,WRITE-INS,TOWN OF BUFFALO,NA,BUFFALO,T,BUFFALO
COUNTY TREASURER 0,WRITE-INS,TOWN OF CANTON,NA,BUFFALO,T,CANTON
COUNTY TREASURER 0,WRITE-INS,TOWN OF CROSS,NA,BUFFALO,T,CROSS
COUNTY TREASURER 0,WRITE-INS,TOWN OF DOVER,NA,BUFFALO,T,DOVER
COUNTY TREASURER 0,WRITE-INS,TOWN OF GILMANTON,NA,BUFFALO,T,GILMANTON
COUNTY TREASURER 0,WRITE-INS,TOWN OF GLENCOE,NA,BUFFALO,T,GLENCOE
COUNTY TREASURER 0,WRITE-INS,TOWN OF LINCOLN,NA,BUFFALO,T,LINCOLN
COUNTY TREASURER 0,WRITE-INS,TOWN OF MAXVILLE,NA,BUFFALO,T,MAXVILLE
COUNTY TREASURER 0,WRITE-INS,TOWN OF MILTON,NA,BUFFALO,T,MILTON
COUNTY TREASURER 0,WRITE-INS,TOWN OF MODENA,NA,BUFFALO,T,MODENA
COUNTY TREASURER 0,WRITE-INS,TOWN OF MONDOVI,NA,BUFFALO,T,MONDOVI
COUNTY TREASURER 0,WRITE-INS,TOWN OF MONTANA,NA,BUFFALO,T,MONTANA
COUNTY TREASURER 0,WRITE-INS,TOWN OF NAPLES,NA,BUFFALO,T,NAPLES
COUNTY TREASURER 0,WRITE-INS,TOWN OF NELSON,NA,BUFFALO,T,NELSON
COUNTY TREASURER 0,WRITE-INS,TOWN OF WAUMANDEE,NA,BUFFALO,T,WAUMANDEE
COUNTY TREASURER 0,WRITE-INS,VILLAGE OF COCHRANE,NA,BUFFALO,V,COCHRANE
COUNTY TREASURER 0,WRITE-INS,VILLAGE OF NELSON,NA,BUFFALO,V,NELSON
COUNTY TREASURER 0,WRITE-INS,CITY OF ALMA W1&2,NA,BUFFALO,C,ALMA
COUNTY TREASURER 0,WRITE-INS,CITY OF BUFFALO CITY,NA,BUFFALO,C,BUFFALO CITY
COUNTY TREASURER 0,WRITE-INS,CITY OF FOUNTAIN CITY W1&2,NA,BUFFALO,C,FOUNTAIN CITY
COUNTY TREASURER 0,WRITE-INS,CITY OF MONDOVI W13,NA,BUFFALO,C,MONDOVI
REGISTER OF DEEDS 0,REGISTER OF DEEDS 0,TOWN OF ALMA,NA,BUFFALO,T,ALMA
REGISTER OF DEEDS 0,REGISTER OF DEEDS 0,TOWN OF BELVIDERE,NA,BUFFALO,T,BELVIDERE
REGISTER OF DEEDS 0,REGISTER OF DEEDS 0,TOWN OF BUFFALO,NA,BUFFALO,T,BUFFALO
REGISTER OF DEEDS 0,REGISTER OF DEEDS 0,TOWN OF CANTON,NA,BUFFALO,T,CANTON
REGISTER OF DEEDS 0,REGISTER OF DEEDS 0,TOWN OF CROSS,NA,BUFFALO,T,CROSS
REGISTER OF DEEDS 0,REGISTER OF DEEDS 0,TOWN OF DOVER,NA,BUFFALO,T,DOVER
REGISTER OF DEEDS 0,REGISTER OF DEEDS 0,TOWN OF GILMANTON,NA,BUFFALO,T,GILMANTON
REGISTER OF DEEDS 0,REGISTER OF DEEDS 0,TOWN OF GLENCOE,NA,BUFFALO,T,GLENCOE
REGISTER OF DEEDS 0,REGISTER OF DEEDS 0,TOWN OF LINCOLN,NA,BUFFALO,T,LINCOLN
REGISTER OF DEEDS 0,REGISTER OF DEEDS 0,TOWN OF MAXVILLE,NA,BUFFALO,T,MAXVILLE
REGISTER OF DEEDS 0,REGISTER OF DEEDS 0,TOWN OF MILTON,NA,BUFFALO,T,MILTON
REGISTER OF DEEDS 0,REGISTER OF DEEDS 0,TOWN OF MODENA,NA,BUFFALO,T,MODENA
REGISTER OF DEEDS 0,REGISTER OF DEEDS 0,TOWN OF MONDOVI,NA,BUFFALO,T,MONDOVI
REGISTER OF DEEDS 0,REGISTER OF DEEDS 0,TOWN OF MONTANA,NA,BUFFALO,T,MONTANA
REGISTER OF DEEDS 0,REGISTER OF DEEDS 0,TOWN OF NAPLES,NA,BUFFALO,T,NAPLES
REGISTER OF DEEDS 0,REGISTER OF DEEDS 0,TOWN OF NELSON,NA,BUFFALO,T,NELSON
REGISTER OF DEEDS 0,REGISTER OF DEEDS 0,TOWN OF WAUMANDEE,NA,BUFFALO,T,WAUMANDEE
REGISTER OF DEEDS 0,REGISTER OF DEEDS 0,VILLAGE OF COCHRANE,NA,BUFFALO,V,COCHRANE
REGISTER OF DEEDS 0,REGISTER OF DEEDS 0,VILLAGE OF NELSON,NA,BUFFALO,V,NELSON
REGISTER OF DEEDS 0,REGISTER OF DEEDS 0,CITY OF ALMA W1&2,NA,BUFFALO,C,ALMA
REGISTER OF DEEDS 0,REGISTER OF DEEDS 0,CITY OF BUFFALO CITY,NA,BUFFALO,C,BUFFALO CITY
REGISTER OF DEEDS 0,REGISTER OF DEEDS 0,CITY OF FOUNTAIN CITY W1&2,NA,BUFFALO,C,FOUNTAIN CITY
REGISTER OF DEEDS 0,REGISTER OF DEEDS 0,CITY OF MONDOVI W13,NA,BUFFALO,C,MONDOVI
REGISTER OF DEEDS 0,LESLIE SENDELBACH,TOWN OF ALMA,NA,BUFFALO,T,ALMA
REGISTER OF DEEDS 0,LESLIE SENDELBACH,TOWN OF BELVIDERE,NA,BUFFALO,T,BELVIDERE
REGISTER OF DEEDS 0,LESLIE SENDELBACH,TOWN OF BUFFALO,NA,BUFFALO,T,BUFFALO
REGISTER OF DEEDS 0,LESLIE SENDELBACH,TOWN OF CANTON,NA,BUFFALO,T,CANTON
REGISTER OF DEEDS 0,LESLIE SENDELBACH,TOWN OF CROSS,NA,BUFFALO,T,CROSS
REGISTER OF DEEDS 0,LESLIE SENDELBACH,TOWN OF DOVER,NA,BUFFALO,T,DOVER
REGISTER OF DEEDS 0,LESLIE SENDELBACH,TOWN OF GILMANTON,NA,BUFFALO,T,GILMANTON
REGISTER OF DEEDS 0,LESLIE SENDELBACH,TOWN OF GLENCOE,NA,BUFFALO,T,GLENCOE
REGISTER OF DEEDS 0,LESLIE SENDELBACH,TOWN OF LINCOLN,NA,BUFFALO,T,LINCOLN
REGISTER OF DEEDS 0,LESLIE SENDELBACH,TOWN OF MAXVILLE,NA,BUFFALO,T,MAXVILLE
REGISTER OF DEEDS 0,LESLIE SENDELBACH,TOWN OF MILTON,NA,BUFFALO,T,MILTON
REGISTER OF DEEDS 0,LESLIE SENDELBACH,TOWN OF MODENA,NA,BUFFALO,T,MODENA
REGISTER OF DEEDS 0,LESLIE SENDELBACH,TOWN OF MONDOVI,NA,BUFFALO,T,MONDOVI
REGISTER OF DEEDS 0,LESLIE SENDELBACH,TOWN OF MONTANA,NA,BUFFALO,T,MONTANA
REGISTER OF DEEDS 0,LESLIE SENDELBACH,TOWN OF NAPLES,NA,BUFFALO,T,NAPLES
REGISTER OF DEEDS 0,LESLIE SENDELBACH,TOWN OF NELSON,NA,BUFFALO,T,NELSON
REGISTER OF DEEDS 0,LESLIE SENDELBACH,TOWN OF WAUMANDEE,NA,BUFFALO,T,WAUMANDEE
REGISTER OF DEEDS 0,LESLIE SENDELBACH,VILLAGE OF COCHRANE,NA,BUFFALO,V,COCHRANE
REGISTER OF DEEDS 0,LESLIE SENDELBACH,VILLAGE OF NELSON,NA,BUFFALO,V,NELSON
REGISTER OF DEEDS 0,LESLIE SENDELBACH,CITY OF ALMA W1&2,NA,BUFFALO,C,ALMA
REGISTER OF DEEDS 0,LESLIE SENDELBACH,CITY OF BUFFALO CITY,NA,BUFFALO,C,BUFFALO CITY
REGISTER OF DEEDS 0,LESLIE SENDELBACH,CITY OF FOUNTAIN CITY W1&2,NA,BUFFALO,C,FOUNTAIN CITY
REGISTER OF DEEDS 0,LESLIE SENDELBACH,CITY OF MONDOVI W13,NA,BUFFALO,C,MONDOVI
REGISTER OF DEEDS 0,WRITE-INS,TOWN OF ALMA,NA,BUFFALO,T,ALMA
REGISTER OF DEEDS 0,WRITE-INS,TOWN OF BELVIDERE,NA,BUFFALO,T,BELVIDERE
REGISTER OF DEEDS 0,WRITE-INS,TOWN OF BUFFALO,NA,BUFFALO,T,BUFFALO
REGISTER OF DEEDS 0,WRITE-INS,TOWN OF CANTON,NA,BUFFALO,T,CANTON
REGISTER OF DEEDS 0,WRITE-INS,TOWN OF CROSS,NA,BUFFALO,T,CROSS
REGISTER OF DEEDS 0,WRITE-INS,TOWN OF DOVER,NA,BUFFALO,T,DOVER
REGISTER OF DEEDS 0,WRITE-INS,TOWN OF GILMANTON,NA,BUFFALO,T,GILMANTON
REGISTER OF DEEDS 0,WRITE-INS,TOWN OF GLENCOE,NA,BUFFALO,T,GLENCOE
REGISTER OF DEEDS 0,WRITE-INS,TOWN OF LINCOLN,NA,BUFFALO,T,LINCOLN
REGISTER OF DEEDS 0,WRITE-INS,TOWN OF MAXVILLE,NA,BUFFALO,T,MAXVILLE
REGISTER OF DEEDS 0,WRITE-INS,TOWN OF MILTON,NA,BUFFALO,T,MILTON
REGISTER OF DEEDS 0,WRITE-INS,TOWN OF MODENA,NA,BUFFALO,T,MODENA
REGISTER OF DEEDS 0,WRITE-INS,TOWN OF MONDOVI,NA,BUFFALO,T,MONDOVI
REGISTER OF DEEDS 0,WRITE-INS,TOWN OF MONTANA,NA,BUFFALO,T,MONTANA
REGISTER OF DEEDS 0,WRITE-INS,TOWN OF NAPLES,NA,BUFFALO,T,NAPLES
REGISTER OF DEEDS 0,WRITE-INS,TOWN OF NELSON,NA,BUFFALO,T,NELSON
REGISTER OF DEEDS 0,WRITE-INS,TOWN OF WAUMANDEE,NA,BUFFALO,T,WAUMANDEE
REGISTER OF DEEDS 0,WRITE-INS,VILLAGE OF COCHRANE,NA,BUFFALO,V,COCHRANE
REGISTER OF DEEDS 0,WRITE-INS,VILLAGE OF NELSON,NA,BUFFALO,V,NELSON
REGISTER OF DEEDS 0,WRITE-INS,CITY OF ALMA W1&2,NA,BUFFALO,C,ALMA
REGISTER OF DEEDS 0,WRITE-INS,CITY OF BUFFALO CITY,NA,BUFFALO,C,BUFFALO CITY
REGISTER OF DEEDS 0,WRITE-INS,CITY OF FOUNTAIN CITY W1&2,NA,BUFFALO,C,FOUNTAIN CITY
REGISTER OF DEEDS 0,WRITE-INS,CITY OF MONDOVI W13,NA,BUFFALO,C,MONDOVI
ELIGIBLE VOTING AGE 0,ELIGIBLE VOTING AGE 0,TOWN OF ALMA,NA,BUFFALO,T,ALMA
ELIGIBLE VOTING AGE 0,ELIGIBLE VOTING AGE 0,TOWN OF BELVIDERE,NA,BUFFALO,T,BELVIDERE
ELIGIBLE VOTING AGE 0,ELIGIBLE VOTING AGE 0,TOWN OF BUFFALO,NA,BUFFALO,T,BUFFALO
ELIGIBLE VOTING AGE 0,ELIGIBLE VOTING AGE 0,TOWN OF CANTON,NA,BUFFALO,T,CANTON
ELIGIBLE VOTING AGE 0,ELIGIBLE VOTING AGE 0,TOWN OF CROSS,NA,BUFFALO,T,CROSS
ELIGIBLE VOTING AGE 0,ELIGIBLE VOTING AGE 0,TOWN OF DOVER,NA,BUFFALO,T,DOVER
ELIGIBLE VOTING AGE 0,ELIGIBLE VOTING AGE 0,TOWN OF GILMANTON,NA,BUFFALO,T,GILMANTON
ELIGIBLE VOTING AGE 0,ELIGIBLE VOTING AGE 0,TOWN OF GLENCOE,NA,BUFFALO,T,GLENCOE
ELIGIBLE VOTING AGE 0,ELIGIBLE VOTING AGE 0,TOWN OF LINCOLN,NA,BUFFALO,T,LINCOLN
ELIGIBLE VOTING AGE 0,ELIGIBLE VOTING AGE 0,TOWN OF MAXVILLE,NA,BUFFALO,T,MAXVILLE
ELIGIBLE VOTING AGE 0,ELIGIBLE VOTING AGE 0,TOWN OF MILTON,NA,BUFFALO,T,MILTON
ELIGIBLE VOTING AGE 0,ELIGIBLE VOTING AGE 0,TOWN OF MODENA,NA,BUFFALO,T,MODENA
ELIGIBLE VOTING AGE 0,ELIGIBLE VOTING AGE 0,TOWN OF MONDOVI,NA,BUFFALO,T,MONDOVI
ELIGIBLE VOTING AGE 0,ELIGIBLE VOTING AGE 0,TOWN OF MONTANA,NA,BUFFALO,T,MONTANA
ELIGIBLE VOTING AGE 0,ELIGIBLE VOTING AGE 0,TOWN OF NAPLES,NA,BUFFALO,T,NAPLES
ELIGIBLE VOTING AGE 0,ELIGIBLE VOTING AGE 0,TOWN OF NELSON,NA,BUFFALO,T,NELSON
ELIGIBLE VOTING AGE 0,ELIGIBLE VOTING AGE 0,TOWN OF WAUMANDEE,NA,BUFFALO,T,WAUMANDEE
ELIGIBLE VOTING AGE 0,ELIGIBLE VOTING AGE 0,VILLAGE OF COCHRANE,NA,BUFFALO,V,COCHRANE
ELIGIBLE VOTING AGE 0,ELIGIBLE VOTING AGE 0,VILLAGE OF NELSON,NA,BUFFALO,V,NELSON
ELIGIBLE VOTING AGE 0,ELIGIBLE VOTING AGE 0,CITY OF ALMA W1&2,NA,BUFFALO,C,ALMA
ELIGIBLE VOTING AGE 0,ELIGIBLE VOTING AGE 0,CITY OF BUFFALO CITY,NA,BUFFALO,C,BUFFALO CITY
ELIGIBLE VOTING AGE 0,ELIGIBLE VOTING AGE 0,CITY OF FOUNTAIN CITY W1&2,NA,BUFFALO,C,FOUNTAIN CITY
ELIGIBLE VOTING AGE 0,ELIGIBLE VOTING AGE 0,CITY OF MONDOVI W13,NA,BUFFALO,C,MONDOVI
ELIGIBLE VOTING AGE 0,YES,TOWN OF ALMA,NA,BUFFALO,T,ALMA
ELIGIBLE VOTING AGE 0,YES,TOWN OF BELVIDERE,NA,BUFFALO,T,BELVIDERE
ELIGIBLE VOTING AGE 0,YES,TOWN OF BUFFALO,NA,BUFFALO,T,BUFFALO
ELIGIBLE VOTING AGE 0,YES,TOWN OF CANTON,NA,BUFFALO,T,CANTON
ELIGIBLE VOTING AGE 0,YES,TOWN OF CROSS,NA,BUFFALO,T,CROSS
ELIGIBLE VOTING AGE 0,YES,TOWN OF DOVER,NA,BUFFALO,T,DOVER
ELIGIBLE VOTING AGE 0,YES,TOWN OF GILMANTON,NA,BUFFALO,T,GILMANTON
ELIGIBLE VOTING AGE 0,YES,TOWN OF GLENCOE,NA,BUFFALO,T,GLENCOE
ELIGIBLE VOTING AGE 0,YES,TOWN OF LINCOLN,NA,BUFFALO,T,LINCOLN
ELIGIBLE VOTING AGE 0,YES,TOWN OF MAXVILLE,NA,BUFFALO,T,MAXVILLE
ELIGIBLE VOTING AGE 0,YES,TOWN OF MILTON,NA,BUFFALO,T,MILTON
ELIGIBLE VOTING AGE 0,YES,TOWN OF MODENA,NA,BUFFALO,T,MODENA
ELIGIBLE VOTING AGE 0,YES,TOWN OF MONDOVI,NA,BUFFALO,T,MONDOVI
ELIGIBLE VOTING AGE 0,YES,TOWN OF MONTANA,NA,BUFFALO,T,MONTANA
ELIGIBLE VOTING AGE 0,YES,TOWN OF NAPLES,NA,BUFFALO,T,NAPLES
ELIGIBLE VOTING AGE 0,YES,TOWN OF NELSON,NA,BUFFALO,T,NELSON
ELIGIBLE VOTING AGE 0,YES,TOWN OF WAUMANDEE,NA,BUFFALO,T,WAUMANDEE
ELIGIBLE VOTING AGE 0,YES,VILLAGE OF COCHRANE,NA,BUFFALO,V,COCHRANE
ELIGIBLE VOTING AGE 0,YES,VILLAGE OF NELSON,NA,BUFFALO,V,NELSON
ELIGIBLE VOTING AGE 0,YES,CITY OF ALMA W1&2,NA,BUFFALO,C,ALMA
ELIGIBLE VOTING AGE 0,YES,CITY OF BUFFALO CITY,NA,BUFFALO,C,BUFFALO CITY
ELIGIBLE VOTING AGE 0,YES,CITY OF FOUNTAIN CITY W1&2,NA,BUFFALO,C,FOUNTAIN CITY
ELIGIBLE VOTING AGE 0,YES,CITY OF MONDOVI W13,NA,BUFFALO,C,MONDOVI
ELIGIBLE VOTING AGE 0,NO,TOWN OF ALMA,NA,BUFFALO,T,ALMA
ELIGIBLE VOTING AGE 0,NO,TOWN OF BELVIDERE,NA,BUFFALO,T,BELVIDERE
ELIGIBLE VOTING AGE 0,NO,TOWN OF BUFFALO,NA,BUFFALO,T,BUFFALO
ELIGIBLE VOTING AGE 0,NO,TOWN OF CANTON,NA,BUFFALO,T,CANTON
ELIGIBLE VOTING AGE 0,NO,TOWN OF CROSS,NA,BUFFALO,T,CROSS
ELIGIBLE VOTING AGE 0,NO,TOWN OF DOVER,NA,BUFFALO,T,DOVER
ELIGIBLE VOTING AGE 0,NO,TOWN OF GILMANTON,NA,BUFFALO,T,GILMANTON
ELIGIBLE VOTING AGE 0,NO,TOWN OF GLENCOE,NA,BUFFALO,T,GLENCOE
ELIGIBLE VOTING AGE 0,NO,TOWN OF LINCOLN,NA,BUFFALO,T,LINCOLN
ELIGIBLE VOTING AGE 0,NO,TOWN OF MAXVILLE,NA,BUFFALO,T,MAXVILLE
ELIGIBLE VOTING AGE 0,NO,TOWN OF MILTON,NA,BUFFALO,T,MILTON
ELIGIBLE VOTING AGE 0,NO,TOWN OF MODENA,NA,BUFFALO,T,MODENA
ELIGIBLE VOTING AGE 0,NO,TOWN OF MONDOVI,NA,BUFFALO,T,MONDOVI
ELIGIBLE VOTING AGE 0,NO,TOWN OF MONTANA,NA,BUFFALO,T,MONTANA
ELIGIBLE VOTING AGE 0,NO,TOWN OF NAPLES,NA,BUFFALO,T,NAPLES
ELIGIBLE VOTING AGE 0,NO,TOWN OF NELSON,NA,BUFFALO,T,NELSON
ELIGIBLE VOTING AGE 0,NO,TOWN OF WAUMANDEE,NA,BUFFALO,T,WAUMANDEE
ELIGIBLE VOTING AGE 0,NO,VILLAGE OF COCHRANE,NA,BUFFALO,V,COCHRANE
ELIGIBLE VOTING AGE 0,NO,VILLAGE OF NELSON,NA,BUFFALO,V,NELSON
ELIGIBLE VOTING AGE 0,NO,CITY OF ALMA W1&2,NA,BUFFALO,C,ALMA
ELIGIBLE VOTING AGE 0,NO,CITY OF BUFFALO CITY,NA,BUFFALO,C,BUFFALO CITY
ELIGIBLE VOTING AGE 0,NO,CITY OF FOUNTAIN CITY W1&2,NA,BUFFALO,C,FOUNTAIN CITY
ELIGIBLE VOTING AGE 0,NO,CITY OF MONDOVI W13,NA,BUFFALO,C,MONDOVI
