contest,candidate,votes,reporting_unit,county,ctv,municipality
PRESIDENT / VICE PRESIDENT,DEM KAMALA D. HARRIS / TIM WALZ,233,TOWN OF ARLINGTON,COLUMBIA,T,ARLINGTON
PRESIDENT / VICE PRESIDENT,REP DONALD J. TRUMP / JD VANCE,331,TOWN OF ARLINGTON,COLUMBIA,T,ARLINGTON
PRESIDENT / VICE PRESIDENT,CON RANDALL TERRY / STEPHEN BRODEN,1,TOWN OF ARLINGTON,COLUMBIA,T,ARLINGTON
PRESIDENT / VICE PRESIDENT,LIB CHASE RUSSELL OLIVER / MIKE TER MAAT,1,TOWN OF ARLINGTON,COLUMBIA,T,ARLINGTON
PRESIDENT / VICE PRESIDENT,WGR JILL STEIN / RUDOLPH WARE,1,TOWN OF ARLINGTON,COLUMBIA,T,ARLINGTON
PRESIDENT / VICE PRESIDENT,IND CLAUDIA DE LA CRUZ / KARINA GARCIA,0,TOWN OF ARLINGTON,COLUMBIA,T,ARLINGTON
PRESIDENT / VICE PRESIDENT,IND CORNEL WEST / MELINA ABDULLAH,0,TOWN OF ARLINGTON,COLUMBIA,T,ARLINGTON
PRESIDENT / VICE PRESIDENT,"IND ROBERT F. KENNEDY, JR. / NICOLE SHANAHAN",1,TOWN OF ARLINGTON,COLUMBIA,T,ARLINGTON
PRESIDENT / VICE PRESIDENT,WRITE-IN TOTALS,0,TOWN OF ARLINGTON,COLUMBIA,T,ARLINGTON
UNITED STATES SENATOR,DEM TAMMY BALDWIN,243,TOWN OF ARLINGTON,COLUMBIA,T,ARLINGTON
UNITED STATES SENATOR,REP ERIC HOVDE,317,TOWN OF ARLINGTON,COLUMBIA,T,ARLINGTON
UNITED STATES SENATOR,IND PHIL ANDERSON,3,TOWN OF ARLINGTON,COLUMBIA,T,ARLINGTON
UNITED STATES SENATOR,IND THOMAS LEAGER,2,TOWN OF ARLINGTON,COLUMBIA,T,ARLINGTON
UNITED STATES SENATOR,WRITE-IN TOTALS,0,TOWN OF ARLINGTON,COLUMBIA,T,ARLINGTON
REPRESENTATIVE IN CONGRESS DISTRICT 6,DEM JOHN ZARBANO,212,TOWN OF ARLINGTON,COLUMBIA,T,ARLINGTON
REPRESENTATIVE IN CONGRESS DISTRICT 6,REP GLENN GROTHMAN,332,TOWN OF ARLINGTON,COLUMBIA,T,ARLINGTON
REPRESENTATIVE IN CONGRESS DISTRICT 6,WRITE-IN TOTALS,0,TOWN OF ARLINGTON,COLUMBIA,T,ARLINGTON
STATE SENATOR DISTRICT 14,DEM SARAH KEYESKI,238,TOWN OF ARLINGTON,COLUMBIA,T,ARLINGTON
STATE SENATOR DISTRICT 14,REP JOAN A. BALLWEG,320,TOWN OF ARLINGTON,COLUMBIA,T,ARLINGTON
STATE SENATOR DISTRICT 14,WRITE-IN TOTALS,0,TOWN OF ARLINGTON,COLUMBIA,T,ARLINGTON
REPRESENTATIVE TO THE ASSEMBLY DISTRICT 42,DEM MAUREEN MCCARVILLE,213,TOWN OF ARLINGTON,COLUMBIA,T,ARLINGTON
REPRESENTATIVE TO THE ASSEMBLY DISTRICT 42,REP REBECCA WITHERSPOON,335,TOWN OF ARLINGTON,COLUMBIA,T,ARLINGTON
REPRESENTATIVE TO THE ASSEMBLY DISTRICT 42,WRITE-IN TOTALS,0,TOWN OF ARLINGTON,COLUMBIA,T,ARLINGTON
REPRESENTATIVE TO THE ASSEMBLY DISTRICT 42,PRECINCT UNOFFICIAL RESULTS REPORT - 11/05/2024 09:29PM PAGE 1 OF,43,TOWN OF ARLINGTON,COLUMBIA,T,ARLINGTON
DISTRICT ATTORNEY COLUMBIA,DEM BRENDA L. YASKAL,345,TOWN OF ARLINGTON,COLUMBIA,T,ARLINGTON
DISTRICT ATTORNEY COLUMBIA,WRITE-IN TOTALS,10,TOWN OF ARLINGTON,COLUMBIA,T,ARLINGTON
COUNTY CLERK COLUMBIA,REP SUE MOLL,463,TOWN OF ARLINGTON,COLUMBIA,T,ARLINGTON
COUNTY CLERK COLUMBIA,WRITE-IN TOTALS,8,TOWN OF ARLINGTON,COLUMBIA,T,ARLINGTON
COUNTY TREASURER COLUMBIA,REP STACY L. OPALEWSKI,449,TOWN OF ARLINGTON,COLUMBIA,T,ARLINGTON
COUNTY TREASURER COLUMBIA,WRITE-IN TOTALS,7,TOWN OF ARLINGTON,COLUMBIA,T,ARLINGTON
REGISTER OF DEEDS COLUMBIA,REP CHRISTINE M. CLARK,451,TOWN OF ARLINGTON,COLUMBIA,T,ARLINGTON
REGISTER OF DEEDS COLUMBIA,WRITE-IN TOTALS,7,TOWN OF ARLINGTON,COLUMBIA,T,ARLINGTON
STATE REFERENDUM QUESTION 1,YES,402,TOWN OF ARLINGTON,COLUMBIA,T,ARLINGTON
STATE REFERENDUM QUESTION 1,NO,131,TOWN OF ARLINGTON,COLUMBIA,T,ARLINGTON
STATE REFERENDUM QUESTION 1,PRECINCT UNOFFICIAL RESULTS REPORT - 11/05/2024 09:29PM PAGE 2 OF,43,TOWN OF ARLINGTON,COLUMBIA,T,ARLINGTON
PRESIDENT / VICE PRESIDENT,DEM KAMALA D. HARRIS / TIM WALZ,154,TOWN OF COLUMBUS,COLUMBIA,T,COLUMBUS
PRESIDENT / VICE PRESIDENT,REP DONALD J. TRUMP / JD VANCE,278,TOWN OF COLUMBUS,COLUMBIA,T,COLUMBUS
PRESIDENT / VICE PRESIDENT,CON RANDALL TERRY / STEPHEN BRODEN,1,TOWN OF COLUMBUS,COLUMBIA,T,COLUMBUS
PRESIDENT / VICE PRESIDENT,LIB CHASE RUSSELL OLIVER / MIKE TER MAAT,1,TOWN OF COLUMBUS,COLUMBIA,T,COLUMBUS
PRESIDENT / VICE PRESIDENT,WGR JILL STEIN / RUDOLPH WARE,0,TOWN OF COLUMBUS,COLUMBIA,T,COLUMBUS
PRESIDENT / VICE PRESIDENT,IND CLAUDIA DE LA CRUZ / KARINA GARCIA,0,TOWN OF COLUMBUS,COLUMBIA,T,COLUMBUS
PRESIDENT / VICE PRESIDENT,IND CORNEL WEST / MELINA ABDULLAH,0,TOWN OF COLUMBUS,COLUMBIA,T,COLUMBUS
PRESIDENT / VICE PRESIDENT,"IND ROBERT F. KENNEDY, JR. / NICOLE SHANAHAN",5,TOWN OF COLUMBUS,COLUMBIA,T,COLUMBUS
PRESIDENT / VICE PRESIDENT,WRITE-IN TOTALS,1,TOWN OF COLUMBUS,COLUMBIA,T,COLUMBUS
UNITED STATES SENATOR,DEM TAMMY BALDWIN,170,TOWN OF COLUMBUS,COLUMBIA,T,COLUMBUS
UNITED STATES SENATOR,REP ERIC HOVDE,250,TOWN OF COLUMBUS,COLUMBIA,T,COLUMBUS
UNITED STATES SENATOR,IND PHIL ANDERSON,7,TOWN OF COLUMBUS,COLUMBIA,T,COLUMBUS
UNITED STATES SENATOR,IND THOMAS LEAGER,6,TOWN OF COLUMBUS,COLUMBIA,T,COLUMBUS
UNITED STATES SENATOR,WRITE-IN TOTALS,0,TOWN OF COLUMBUS,COLUMBIA,T,COLUMBUS
REPRESENTATIVE IN CONGRESS DISTRICT 6,DEM JOHN ZARBANO,139,TOWN OF COLUMBUS,COLUMBIA,T,COLUMBUS
REPRESENTATIVE IN CONGRESS DISTRICT 6,REP GLENN GROTHMAN,273,TOWN OF COLUMBUS,COLUMBIA,T,COLUMBUS
REPRESENTATIVE IN CONGRESS DISTRICT 6,WRITE-IN TOTALS,1,TOWN OF COLUMBUS,COLUMBIA,T,COLUMBUS
STATE SENATOR DISTRICT 14,DEM SARAH KEYESKI,155,TOWN OF COLUMBUS,COLUMBIA,T,COLUMBUS
STATE SENATOR DISTRICT 14,REP JOAN A. BALLWEG,267,TOWN OF COLUMBUS,COLUMBIA,T,COLUMBUS
STATE SENATOR DISTRICT 14,WRITE-IN TOTALS,0,TOWN OF COLUMBUS,COLUMBIA,T,COLUMBUS
REPRESENTATIVE TO THE ASSEMBLY DISTRICT 42,DEM MAUREEN MCCARVILLE,133,TOWN OF COLUMBUS,COLUMBIA,T,COLUMBUS
REPRESENTATIVE TO THE ASSEMBLY DISTRICT 42,REP REBECCA WITHERSPOON,273,TOWN OF COLUMBUS,COLUMBIA,T,COLUMBUS
REPRESENTATIVE TO THE ASSEMBLY DISTRICT 42,WRITE-IN TOTALS,0,TOWN OF COLUMBUS,COLUMBIA,T,COLUMBUS
REPRESENTATIVE TO THE ASSEMBLY DISTRICT 42,PRECINCT UNOFFICIAL RESULTS REPORT - 11/05/2024 09:29PM PAGE 3 OF,43,TOWN OF COLUMBUS,COLUMBIA,T,COLUMBUS
DISTRICT ATTORNEY COLUMBIA,DEM BRENDA L. YASKAL,244,TOWN OF COLUMBUS,COLUMBIA,T,COLUMBUS
DISTRICT ATTORNEY COLUMBIA,WRITE-IN TOTALS,6,TOWN OF COLUMBUS,COLUMBIA,T,COLUMBUS
COUNTY CLERK COLUMBIA,REP SUE MOLL,338,TOWN OF COLUMBUS,COLUMBIA,T,COLUMBUS
COUNTY CLERK COLUMBIA,WRITE-IN TOTALS,2,TOWN OF COLUMBUS,COLUMBIA,T,COLUMBUS
COUNTY TREASURER COLUMBIA,REP STACY L. OPALEWSKI,329,TOWN OF COLUMBUS,COLUMBIA,T,COLUMBUS
COUNTY TREASURER COLUMBIA,WRITE-IN TOTALS,2,TOWN OF COLUMBUS,COLUMBIA,T,COLUMBUS
REGISTER OF DEEDS COLUMBIA,REP CHRISTINE M. CLARK,330,TOWN OF COLUMBUS,COLUMBIA,T,COLUMBUS
REGISTER OF DEEDS COLUMBIA,WRITE-IN TOTALS,2,TOWN OF COLUMBUS,COLUMBIA,T,COLUMBUS
STATE REFERENDUM QUESTION 1,YES,316,TOWN OF COLUMBUS,COLUMBIA,T,COLUMBUS
STATE REFERENDUM QUESTION 1,NO,80,TOWN OF COLUMBUS,COLUMBIA,T,COLUMBUS
FALL RIVER SD REF QUESTION 1 FALL RIVER SCHOOL DISTRICT,YES,9,TOWN OF COLUMBUS,COLUMBIA,T,COLUMBUS
FALL RIVER SD REF QUESTION 1 FALL RIVER SCHOOL DISTRICT,NO,8,TOWN OF COLUMBUS,COLUMBIA,T,COLUMBUS
FALL RIVER SD REF QUESTION 2 FALL RIVER SCHOOL DISTRICT,YES,9,TOWN OF COLUMBUS,COLUMBIA,T,COLUMBUS
FALL RIVER SD REF QUESTION 2 FALL RIVER SCHOOL DISTRICT,NO,8,TOWN OF COLUMBUS,COLUMBIA,T,COLUMBUS
FALL RIVER SD REF QUESTION 2 FALL RIVER SCHOOL DISTRICT,PRECINCT UNOFFICIAL RESULTS REPORT - 11/05/2024 09:29PM PAGE 4 OF,43,TOWN OF COLUMBUS,COLUMBIA,T,COLUMBUS
PRESIDENT / VICE PRESIDENT,DEM KAMALA D. HARRIS / TIM WALZ,70,TOWN OF COURTLAND,COLUMBIA,T,COURTLAND
PRESIDENT / VICE PRESIDENT,REP DONALD J. TRUMP / JD VANCE,227,TOWN OF COURTLAND,COLUMBIA,T,COURTLAND
PRESIDENT / VICE PRESIDENT,CON RANDALL TERRY / STEPHEN BRODEN,0,TOWN OF COURTLAND,COLUMBIA,T,COURTLAND
PRESIDENT / VICE PRESIDENT,LIB CHASE RUSSELL OLIVER / MIKE TER MAAT,0,TOWN OF COURTLAND,COLUMBIA,T,COURTLAND
PRESIDENT / VICE PRESIDENT,WGR JILL STEIN / RUDOLPH WARE,0,TOWN OF COURTLAND,COLUMBIA,T,COURTLAND
PRESIDENT / VICE PRESIDENT,IND CLAUDIA DE LA CRUZ / KARINA GARCIA,0,TOWN OF COURTLAND,COLUMBIA,T,COURTLAND
PRESIDENT / VICE PRESIDENT,IND CORNEL WEST / MELINA ABDULLAH,0,TOWN OF COURTLAND,COLUMBIA,T,COURTLAND
PRESIDENT / VICE PRESIDENT,"IND ROBERT F. KENNEDY, JR. / NICOLE SHANAHAN",4,TOWN OF COURTLAND,COLUMBIA,T,COURTLAND
PRESIDENT / VICE PRESIDENT,WRITE-IN TOTALS,0,TOWN OF COURTLAND,COLUMBIA,T,COURTLAND
UNITED STATES SENATOR,DEM TAMMY BALDWIN,72,TOWN OF COURTLAND,COLUMBIA,T,COURTLAND
UNITED STATES SENATOR,REP ERIC HOVDE,222,TOWN OF COURTLAND,COLUMBIA,T,COURTLAND
UNITED STATES SENATOR,IND PHIL ANDERSON,4,TOWN OF COURTLAND,COLUMBIA,T,COURTLAND
UNITED STATES SENATOR,IND THOMAS LEAGER,4,TOWN OF COURTLAND,COLUMBIA,T,COURTLAND
UNITED STATES SENATOR,WRITE-IN TOTALS,0,TOWN OF COURTLAND,COLUMBIA,T,COURTLAND
REPRESENTATIVE IN CONGRESS DISTRICT 6,DEM JOHN ZARBANO,51,TOWN OF COURTLAND,COLUMBIA,T,COURTLAND
REPRESENTATIVE IN CONGRESS DISTRICT 6,REP GLENN GROTHMAN,240,TOWN OF COURTLAND,COLUMBIA,T,COURTLAND
REPRESENTATIVE IN CONGRESS DISTRICT 6,WRITE-IN TOTALS,1,TOWN OF COURTLAND,COLUMBIA,T,COURTLAND
REPRESENTATIVE TO THE ASSEMBLY DISTRICT 39,DEM CHRIS GORDON,55,TOWN OF COURTLAND,COLUMBIA,T,COURTLAND
REPRESENTATIVE TO THE ASSEMBLY DISTRICT 39,REP ALEX DALLMAN,236,TOWN OF COURTLAND,COLUMBIA,T,COURTLAND
REPRESENTATIVE TO THE ASSEMBLY DISTRICT 39,WRITE-IN TOTALS,1,TOWN OF COURTLAND,COLUMBIA,T,COURTLAND
DISTRICT ATTORNEY COLUMBIA,DEM BRENDA L. YASKAL,132,TOWN OF COURTLAND,COLUMBIA,T,COURTLAND
DISTRICT ATTORNEY COLUMBIA,WRITE-IN TOTALS,14,TOWN OF COURTLAND,COLUMBIA,T,COURTLAND
DISTRICT ATTORNEY COLUMBIA,PRECINCT UNOFFICIAL RESULTS REPORT - 11/05/2024 09:29PM PAGE 5 OF,43,TOWN OF COURTLAND,COLUMBIA,T,COURTLAND
COUNTY CLERK COLUMBIA,REP SUE MOLL,262,TOWN OF COURTLAND,COLUMBIA,T,COURTLAND
COUNTY CLERK COLUMBIA,WRITE-IN TOTALS,2,TOWN OF COURTLAND,COLUMBIA,T,COURTLAND
COUNTY TREASURER COLUMBIA,REP STACY L. OPALEWSKI,252,TOWN OF COURTLAND,COLUMBIA,T,COURTLAND
COUNTY TREASURER COLUMBIA,WRITE-IN TOTALS,2,TOWN OF COURTLAND,COLUMBIA,T,COURTLAND
REGISTER OF DEEDS COLUMBIA,REP CHRISTINE M. CLARK,256,TOWN OF COURTLAND,COLUMBIA,T,COURTLAND
REGISTER OF DEEDS COLUMBIA,WRITE-IN TOTALS,2,TOWN OF COURTLAND,COLUMBIA,T,COURTLAND
STATE REFERENDUM QUESTION 1,YES,250,TOWN OF COURTLAND,COLUMBIA,T,COURTLAND
STATE REFERENDUM QUESTION 1,NO,32,TOWN OF COURTLAND,COLUMBIA,T,COURTLAND
FALL RIVER SD REF QUESTION 1 FALL RIVER SCHOOL DISTRICT,YES,6,TOWN OF COURTLAND,COLUMBIA,T,COURTLAND
FALL RIVER SD REF QUESTION 1 FALL RIVER SCHOOL DISTRICT,NO,3,TOWN OF COURTLAND,COLUMBIA,T,COURTLAND
FALL RIVER SD REF QUESTION 2 FALL RIVER SCHOOL DISTRICT,YES,6,TOWN OF COURTLAND,COLUMBIA,T,COURTLAND
FALL RIVER SD REF QUESTION 2 FALL RIVER SCHOOL DISTRICT,NO,3,TOWN OF COURTLAND,COLUMBIA,T,COURTLAND
RIO SD REF QUESTION RIO COMMUNITY SCHOOL DISTRICT,YES,0,TOWN OF COURTLAND,COLUMBIA,T,COURTLAND
RIO SD REF QUESTION RIO COMMUNITY SCHOOL DISTRICT,NO,1,TOWN OF COURTLAND,COLUMBIA,T,COURTLAND
RIO SD REF QUESTION RIO COMMUNITY SCHOOL DISTRICT,PRECINCT UNOFFICIAL RESULTS REPORT - 11/05/2024 09:29PM PAGE 6 OF,43,TOWN OF COURTLAND,COLUMBIA,T,COURTLAND
PRESIDENT / VICE PRESIDENT,DEM KAMALA D. HARRIS / TIM WALZ,230,TOWN OF FORT WINNEBAGO,COLUMBIA,T,FORT WINNEBAGO
PRESIDENT / VICE PRESIDENT,REP DONALD J. TRUMP / JD VANCE,359,TOWN OF FORT WINNEBAGO,COLUMBIA,T,FORT WINNEBAGO
PRESIDENT / VICE PRESIDENT,CON RANDALL TERRY / STEPHEN BRODEN,1,TOWN OF FORT WINNEBAGO,COLUMBIA,T,FORT WINNEBAGO
PRESIDENT / VICE PRESIDENT,LIB CHASE RUSSELL OLIVER / MIKE TER MAAT,3,TOWN OF FORT WINNEBAGO,COLUMBIA,T,FORT WINNEBAGO
PRESIDENT / VICE PRESIDENT,WGR JILL STEIN / RUDOLPH WARE,1,TOWN OF FORT WINNEBAGO,COLUMBIA,T,FORT WINNEBAGO
PRESIDENT / VICE PRESIDENT,IND CLAUDIA DE LA CRUZ / KARINA GARCIA,0,TOWN OF FORT WINNEBAGO,COLUMBIA,T,FORT WINNEBAGO
PRESIDENT / VICE PRESIDENT,IND CORNEL WEST / MELINA ABDULLAH,1,TOWN OF FORT WINNEBAGO,COLUMBIA,T,FORT WINNEBAGO
PRESIDENT / VICE PRESIDENT,"IND ROBERT F. KENNEDY, JR. / NICOLE SHANAHAN",5,TOWN OF FORT WINNEBAGO,COLUMBIA,T,FORT WINNEBAGO
PRESIDENT / VICE PRESIDENT,WRITE-IN TOTALS,1,TOWN OF FORT WINNEBAGO,COLUMBIA,T,FORT WINNEBAGO
UNITED STATES SENATOR,DEM TAMMY BALDWIN,241,TOWN OF FORT WINNEBAGO,COLUMBIA,T,FORT WINNEBAGO
UNITED STATES SENATOR,REP ERIC HOVDE,346,TOWN OF FORT WINNEBAGO,COLUMBIA,T,FORT WINNEBAGO
UNITED STATES SENATOR,IND PHIL ANDERSON,10,TOWN OF FORT WINNEBAGO,COLUMBIA,T,FORT WINNEBAGO
UNITED STATES SENATOR,IND THOMAS LEAGER,4,TOWN OF FORT WINNEBAGO,COLUMBIA,T,FORT WINNEBAGO
UNITED STATES SENATOR,WRITE-IN TOTALS,0,TOWN OF FORT WINNEBAGO,COLUMBIA,T,FORT WINNEBAGO
REPRESENTATIVE IN CONGRESS DISTRICT 6,DEM JOHN ZARBANO,208,TOWN OF FORT WINNEBAGO,COLUMBIA,T,FORT WINNEBAGO
REPRESENTATIVE IN CONGRESS DISTRICT 6,REP GLENN GROTHMAN,369,TOWN OF FORT WINNEBAGO,COLUMBIA,T,FORT WINNEBAGO
REPRESENTATIVE IN CONGRESS DISTRICT 6,WRITE-IN TOTALS,0,TOWN OF FORT WINNEBAGO,COLUMBIA,T,FORT WINNEBAGO
STATE SENATOR DISTRICT 14,DEM SARAH KEYESKI,252,TOWN OF FORT WINNEBAGO,COLUMBIA,T,FORT WINNEBAGO
STATE SENATOR DISTRICT 14,REP JOAN A. BALLWEG,332,TOWN OF FORT WINNEBAGO,COLUMBIA,T,FORT WINNEBAGO
STATE SENATOR DISTRICT 14,WRITE-IN TOTALS,1,TOWN OF FORT WINNEBAGO,COLUMBIA,T,FORT WINNEBAGO
REPRESENTATIVE TO THE ASSEMBLY DISTRICT 40,DEM KAREN DESANTO,231,TOWN OF FORT WINNEBAGO,COLUMBIA,T,FORT WINNEBAGO
REPRESENTATIVE TO THE ASSEMBLY DISTRICT 40,REP JERRY HELMER,346,TOWN OF FORT WINNEBAGO,COLUMBIA,T,FORT WINNEBAGO
REPRESENTATIVE TO THE ASSEMBLY DISTRICT 40,WRITE-IN TOTALS,0,TOWN OF FORT WINNEBAGO,COLUMBIA,T,FORT WINNEBAGO
REPRESENTATIVE TO THE ASSEMBLY DISTRICT 40,PRECINCT UNOFFICIAL RESULTS REPORT - 11/05/2024 09:29PM PAGE 7 OF,43,TOWN OF FORT WINNEBAGO,COLUMBIA,T,FORT WINNEBAGO
DISTRICT ATTORNEY COLUMBIA,DEM BRENDA L. YASKAL,409,TOWN OF FORT WINNEBAGO,COLUMBIA,T,FORT WINNEBAGO
DISTRICT ATTORNEY COLUMBIA,WRITE-IN TOTALS,13,TOWN OF FORT WINNEBAGO,COLUMBIA,T,FORT WINNEBAGO
COUNTY CLERK COLUMBIA,REP SUE MOLL,504,TOWN OF FORT WINNEBAGO,COLUMBIA,T,FORT WINNEBAGO
COUNTY CLERK COLUMBIA,WRITE-IN TOTALS,5,TOWN OF FORT WINNEBAGO,COLUMBIA,T,FORT WINNEBAGO
COUNTY TREASURER COLUMBIA,REP STACY L. OPALEWSKI,511,TOWN OF FORT WINNEBAGO,COLUMBIA,T,FORT WINNEBAGO
COUNTY TREASURER COLUMBIA,WRITE-IN TOTALS,2,TOWN OF FORT WINNEBAGO,COLUMBIA,T,FORT WINNEBAGO
REGISTER OF DEEDS COLUMBIA,REP CHRISTINE M. CLARK,498,TOWN OF FORT WINNEBAGO,COLUMBIA,T,FORT WINNEBAGO
REGISTER OF DEEDS COLUMBIA,WRITE-IN TOTALS,4,TOWN OF FORT WINNEBAGO,COLUMBIA,T,FORT WINNEBAGO
STATE REFERENDUM QUESTION 1,YES,435,TOWN OF FORT WINNEBAGO,COLUMBIA,T,FORT WINNEBAGO
STATE REFERENDUM QUESTION 1,NO,144,TOWN OF FORT WINNEBAGO,COLUMBIA,T,FORT WINNEBAGO
PORTAGE SD REF QUESTION PORTAGE COMMUNITY SCHOOL DISTRICT,YES,261,TOWN OF FORT WINNEBAGO,COLUMBIA,T,FORT WINNEBAGO
PORTAGE SD REF QUESTION PORTAGE COMMUNITY SCHOOL DISTRICT,NO,318,TOWN OF FORT WINNEBAGO,COLUMBIA,T,FORT WINNEBAGO
PORTAGE SD REF QUESTION PORTAGE COMMUNITY SCHOOL DISTRICT,PRECINCT UNOFFICIAL RESULTS REPORT - 11/05/2024 09:29PM PAGE 8 OF,43,TOWN OF FORT WINNEBAGO,COLUMBIA,T,FORT WINNEBAGO
PRESIDENT / VICE PRESIDENT,DEM KAMALA D. HARRIS / TIM WALZ,249,TOWN OF FOUNTAIN PRAIRIE,COLUMBIA,T,FOUNTAIN PRAIRIE
PRESIDENT / VICE PRESIDENT,REP DONALD J. TRUMP / JD VANCE,374,TOWN OF FOUNTAIN PRAIRIE,COLUMBIA,T,FOUNTAIN PRAIRIE
PRESIDENT / VICE PRESIDENT,CON RANDALL TERRY / STEPHEN BRODEN,1,TOWN OF FOUNTAIN PRAIRIE,COLUMBIA,T,FOUNTAIN PRAIRIE
PRESIDENT / VICE PRESIDENT,LIB CHASE RUSSELL OLIVER / MIKE TER MAAT,1,TOWN OF FOUNTAIN PRAIRIE,COLUMBIA,T,FOUNTAIN PRAIRIE
PRESIDENT / VICE PRESIDENT,WGR JILL STEIN / RUDOLPH WARE,1,TOWN OF FOUNTAIN PRAIRIE,COLUMBIA,T,FOUNTAIN PRAIRIE
PRESIDENT / VICE PRESIDENT,IND CLAUDIA DE LA CRUZ / KARINA GARCIA,0,TOWN OF FOUNTAIN PRAIRIE,COLUMBIA,T,FOUNTAIN PRAIRIE
PRESIDENT / VICE PRESIDENT,IND CORNEL WEST / MELINA ABDULLAH,0,TOWN OF FOUNTAIN PRAIRIE,COLUMBIA,T,FOUNTAIN PRAIRIE
PRESIDENT / VICE PRESIDENT,"IND ROBERT F. KENNEDY, JR. / NICOLE SHANAHAN",3,TOWN OF FOUNTAIN PRAIRIE,COLUMBIA,T,FOUNTAIN PRAIRIE
PRESIDENT / VICE PRESIDENT,WRITE-IN TOTALS,1,TOWN OF FOUNTAIN PRAIRIE,COLUMBIA,T,FOUNTAIN PRAIRIE
UNITED STATES SENATOR,DEM TAMMY BALDWIN,254,TOWN OF FOUNTAIN PRAIRIE,COLUMBIA,T,FOUNTAIN PRAIRIE
UNITED STATES SENATOR,REP ERIC HOVDE,360,TOWN OF FOUNTAIN PRAIRIE,COLUMBIA,T,FOUNTAIN PRAIRIE
UNITED STATES SENATOR,IND PHIL ANDERSON,4,TOWN OF FOUNTAIN PRAIRIE,COLUMBIA,T,FOUNTAIN PRAIRIE
UNITED STATES SENATOR,IND THOMAS LEAGER,1,TOWN OF FOUNTAIN PRAIRIE,COLUMBIA,T,FOUNTAIN PRAIRIE
UNITED STATES SENATOR,WRITE-IN TOTALS,0,TOWN OF FOUNTAIN PRAIRIE,COLUMBIA,T,FOUNTAIN PRAIRIE
REPRESENTATIVE IN CONGRESS DISTRICT 6,DEM JOHN ZARBANO,228,TOWN OF FOUNTAIN PRAIRIE,COLUMBIA,T,FOUNTAIN PRAIRIE
REPRESENTATIVE IN CONGRESS DISTRICT 6,REP GLENN GROTHMAN,358,TOWN OF FOUNTAIN PRAIRIE,COLUMBIA,T,FOUNTAIN PRAIRIE
REPRESENTATIVE IN CONGRESS DISTRICT 6,WRITE-IN TOTALS,0,TOWN OF FOUNTAIN PRAIRIE,COLUMBIA,T,FOUNTAIN PRAIRIE
STATE SENATOR DISTRICT 14,DEM SARAH KEYESKI,247,TOWN OF FOUNTAIN PRAIRIE,COLUMBIA,T,FOUNTAIN PRAIRIE
STATE SENATOR DISTRICT 14,REP JOAN A. BALLWEG,363,TOWN OF FOUNTAIN PRAIRIE,COLUMBIA,T,FOUNTAIN PRAIRIE
STATE SENATOR DISTRICT 14,WRITE-IN TOTALS,0,TOWN OF FOUNTAIN PRAIRIE,COLUMBIA,T,FOUNTAIN PRAIRIE
REPRESENTATIVE TO THE ASSEMBLY DISTRICT 42,DEM MAUREEN MCCARVILLE,227,TOWN OF FOUNTAIN PRAIRIE,COLUMBIA,T,FOUNTAIN PRAIRIE
REPRESENTATIVE TO THE ASSEMBLY DISTRICT 42,REP REBECCA WITHERSPOON,371,TOWN OF FOUNTAIN PRAIRIE,COLUMBIA,T,FOUNTAIN PRAIRIE
REPRESENTATIVE TO THE ASSEMBLY DISTRICT 42,WRITE-IN TOTALS,0,TOWN OF FOUNTAIN PRAIRIE,COLUMBIA,T,FOUNTAIN PRAIRIE
REPRESENTATIVE TO THE ASSEMBLY DISTRICT 42,PRECINCT UNOFFICIAL RESULTS REPORT - 11/05/2024 09:29PM PAGE 9 OF,43,TOWN OF FOUNTAIN PRAIRIE,COLUMBIA,T,FOUNTAIN PRAIRIE
DISTRICT ATTORNEY COLUMBIA,DEM BRENDA L. YASKAL,385,TOWN OF FOUNTAIN PRAIRIE,COLUMBIA,T,FOUNTAIN PRAIRIE
DISTRICT ATTORNEY COLUMBIA,WRITE-IN TOTALS,31,TOWN OF FOUNTAIN PRAIRIE,COLUMBIA,T,FOUNTAIN PRAIRIE
COUNTY CLERK COLUMBIA,REP SUE MOLL,498,TOWN OF FOUNTAIN PRAIRIE,COLUMBIA,T,FOUNTAIN PRAIRIE
COUNTY CLERK COLUMBIA,WRITE-IN TOTALS,6,TOWN OF FOUNTAIN PRAIRIE,COLUMBIA,T,FOUNTAIN PRAIRIE
COUNTY TREASURER COLUMBIA,REP STACY L. OPALEWSKI,488,TOWN OF FOUNTAIN PRAIRIE,COLUMBIA,T,FOUNTAIN PRAIRIE
COUNTY TREASURER COLUMBIA,WRITE-IN TOTALS,4,TOWN OF FOUNTAIN PRAIRIE,COLUMBIA,T,FOUNTAIN PRAIRIE
REGISTER OF DEEDS COLUMBIA,REP CHRISTINE M. CLARK,489,TOWN OF FOUNTAIN PRAIRIE,COLUMBIA,T,FOUNTAIN PRAIRIE
REGISTER OF DEEDS COLUMBIA,WRITE-IN TOTALS,3,TOWN OF FOUNTAIN PRAIRIE,COLUMBIA,T,FOUNTAIN PRAIRIE
STATE REFERENDUM QUESTION 1,YES,479,TOWN OF FOUNTAIN PRAIRIE,COLUMBIA,T,FOUNTAIN PRAIRIE
STATE REFERENDUM QUESTION 1,NO,110,TOWN OF FOUNTAIN PRAIRIE,COLUMBIA,T,FOUNTAIN PRAIRIE
FALL RIVER SD REF QUESTION 1 FALL RIVER SCHOOL DISTRICT,YES,352,TOWN OF FOUNTAIN PRAIRIE,COLUMBIA,T,FOUNTAIN PRAIRIE
FALL RIVER SD REF QUESTION 1 FALL RIVER SCHOOL DISTRICT,NO,225,TOWN OF FOUNTAIN PRAIRIE,COLUMBIA,T,FOUNTAIN PRAIRIE
FALL RIVER SD REF QUESTION 2 FALL RIVER SCHOOL DISTRICT,YES,305,TOWN OF FOUNTAIN PRAIRIE,COLUMBIA,T,FOUNTAIN PRAIRIE
FALL RIVER SD REF QUESTION 2 FALL RIVER SCHOOL DISTRICT,NO,271,TOWN OF FOUNTAIN PRAIRIE,COLUMBIA,T,FOUNTAIN PRAIRIE
RIO SD REF QUESTION RIO COMMUNITY SCHOOL DISTRICT,YES,6,TOWN OF FOUNTAIN PRAIRIE,COLUMBIA,T,FOUNTAIN PRAIRIE
RIO SD REF QUESTION RIO COMMUNITY SCHOOL DISTRICT,NO,5,TOWN OF FOUNTAIN PRAIRIE,COLUMBIA,T,FOUNTAIN PRAIRIE
RIO SD REF QUESTION RIO COMMUNITY SCHOOL DISTRICT,PRECINCT UNOFFICIAL RESULTS REPORT - 11/05/2024 09:29PM PAGE 10 OF,43,TOWN OF FOUNTAIN PRAIRIE,COLUMBIA,T,FOUNTAIN PRAIRIE
PRESIDENT / VICE PRESIDENT,DEM KAMALA D. HARRIS / TIM WALZ,168,TOWN OF HAMPDEN,COLUMBIA,T,HAMPDEN
PRESIDENT / VICE PRESIDENT,REP DONALD J. TRUMP / JD VANCE,228,TOWN OF HAMPDEN,COLUMBIA,T,HAMPDEN
PRESIDENT / VICE PRESIDENT,CON RANDALL TERRY / STEPHEN BRODEN,1,TOWN OF HAMPDEN,COLUMBIA,T,HAMPDEN
PRESIDENT / VICE PRESIDENT,LIB CHASE RUSSELL OLIVER / MIKE TER MAAT,0,TOWN OF HAMPDEN,COLUMBIA,T,HAMPDEN
PRESIDENT / VICE PRESIDENT,WGR JILL STEIN / RUDOLPH WARE,1,TOWN OF HAMPDEN,COLUMBIA,T,HAMPDEN
PRESIDENT / VICE PRESIDENT,IND CLAUDIA DE LA CRUZ / KARINA GARCIA,0,TOWN OF HAMPDEN,COLUMBIA,T,HAMPDEN
PRESIDENT / VICE PRESIDENT,IND CORNEL WEST / MELINA ABDULLAH,0,TOWN OF HAMPDEN,COLUMBIA,T,HAMPDEN
PRESIDENT / VICE PRESIDENT,"IND ROBERT F. KENNEDY, JR. / NICOLE SHANAHAN",1,TOWN OF HAMPDEN,COLUMBIA,T,HAMPDEN
PRESIDENT / VICE PRESIDENT,WRITE-IN TOTALS,0,TOWN OF HAMPDEN,COLUMBIA,T,HAMPDEN
UNITED STATES SENATOR,DEM TAMMY BALDWIN,174,TOWN OF HAMPDEN,COLUMBIA,T,HAMPDEN
UNITED STATES SENATOR,REP ERIC HOVDE,224,TOWN OF HAMPDEN,COLUMBIA,T,HAMPDEN
UNITED STATES SENATOR,IND PHIL ANDERSON,0,TOWN OF HAMPDEN,COLUMBIA,T,HAMPDEN
UNITED STATES SENATOR,IND THOMAS LEAGER,1,TOWN OF HAMPDEN,COLUMBIA,T,HAMPDEN
UNITED STATES SENATOR,WRITE-IN TOTALS,0,TOWN OF HAMPDEN,COLUMBIA,T,HAMPDEN
REPRESENTATIVE IN CONGRESS DISTRICT 6,DEM JOHN ZARBANO,153,TOWN OF HAMPDEN,COLUMBIA,T,HAMPDEN
REPRESENTATIVE IN CONGRESS DISTRICT 6,REP GLENN GROTHMAN,227,TOWN OF HAMPDEN,COLUMBIA,T,HAMPDEN
REPRESENTATIVE IN CONGRESS DISTRICT 6,WRITE-IN TOTALS,0,TOWN OF HAMPDEN,COLUMBIA,T,HAMPDEN
STATE SENATOR DISTRICT 14,DEM SARAH KEYESKI,167,TOWN OF HAMPDEN,COLUMBIA,T,HAMPDEN
STATE SENATOR DISTRICT 14,REP JOAN A. BALLWEG,222,TOWN OF HAMPDEN,COLUMBIA,T,HAMPDEN
STATE SENATOR DISTRICT 14,WRITE-IN TOTALS,0,TOWN OF HAMPDEN,COLUMBIA,T,HAMPDEN
REPRESENTATIVE TO THE ASSEMBLY DISTRICT 42,DEM MAUREEN MCCARVILLE,148,TOWN OF HAMPDEN,COLUMBIA,T,HAMPDEN
REPRESENTATIVE TO THE ASSEMBLY DISTRICT 42,REP REBECCA WITHERSPOON,235,TOWN OF HAMPDEN,COLUMBIA,T,HAMPDEN
REPRESENTATIVE TO THE ASSEMBLY DISTRICT 42,WRITE-IN TOTALS,1,TOWN OF HAMPDEN,COLUMBIA,T,HAMPDEN
REPRESENTATIVE TO THE ASSEMBLY DISTRICT 42,PRECINCT UNOFFICIAL RESULTS REPORT - 11/05/2024 09:29PM PAGE 11 OF,43,TOWN OF HAMPDEN,COLUMBIA,T,HAMPDEN
DISTRICT ATTORNEY COLUMBIA,DEM BRENDA L. YASKAL,228,TOWN OF HAMPDEN,COLUMBIA,T,HAMPDEN
DISTRICT ATTORNEY COLUMBIA,WRITE-IN TOTALS,13,TOWN OF HAMPDEN,COLUMBIA,T,HAMPDEN
COUNTY CLERK COLUMBIA,REP SUE MOLL,302,TOWN OF HAMPDEN,COLUMBIA,T,HAMPDEN
COUNTY CLERK COLUMBIA,WRITE-IN TOTALS,8,TOWN OF HAMPDEN,COLUMBIA,T,HAMPDEN
COUNTY TREASURER COLUMBIA,REP STACY L. OPALEWSKI,296,TOWN OF HAMPDEN,COLUMBIA,T,HAMPDEN
COUNTY TREASURER COLUMBIA,WRITE-IN TOTALS,7,TOWN OF HAMPDEN,COLUMBIA,T,HAMPDEN
REGISTER OF DEEDS COLUMBIA,REP CHRISTINE M. CLARK,298,TOWN OF HAMPDEN,COLUMBIA,T,HAMPDEN
REGISTER OF DEEDS COLUMBIA,WRITE-IN TOTALS,7,TOWN OF HAMPDEN,COLUMBIA,T,HAMPDEN
STATE REFERENDUM QUESTION 1,YES,282,TOWN OF HAMPDEN,COLUMBIA,T,HAMPDEN
STATE REFERENDUM QUESTION 1,NO,89,TOWN OF HAMPDEN,COLUMBIA,T,HAMPDEN
FALL RIVER SD REF QUESTION 1 FALL RIVER SCHOOL DISTRICT,YES,6,TOWN OF HAMPDEN,COLUMBIA,T,HAMPDEN
FALL RIVER SD REF QUESTION 1 FALL RIVER SCHOOL DISTRICT,NO,0,TOWN OF HAMPDEN,COLUMBIA,T,HAMPDEN
FALL RIVER SD REF QUESTION 2 FALL RIVER SCHOOL DISTRICT,YES,6,TOWN OF HAMPDEN,COLUMBIA,T,HAMPDEN
FALL RIVER SD REF QUESTION 2 FALL RIVER SCHOOL DISTRICT,NO,0,TOWN OF HAMPDEN,COLUMBIA,T,HAMPDEN
RIO SD REF QUESTION RIO COMMUNITY SCHOOL DISTRICT,YES,9,TOWN OF HAMPDEN,COLUMBIA,T,HAMPDEN
RIO SD REF QUESTION RIO COMMUNITY SCHOOL DISTRICT,NO,4,TOWN OF HAMPDEN,COLUMBIA,T,HAMPDEN
RIO SD REF QUESTION RIO COMMUNITY SCHOOL DISTRICT,PRECINCT UNOFFICIAL RESULTS REPORT - 11/05/2024 09:29PM PAGE 12 OF,43,TOWN OF HAMPDEN,COLUMBIA,T,HAMPDEN
SUN PRAIRIE SD REF QUESTION SUN PRAIRIE AREA SCHOOL DISTRICT,YES,7,TOWN OF HAMPDEN,COLUMBIA,T,HAMPDEN
SUN PRAIRIE SD REF QUESTION SUN PRAIRIE AREA SCHOOL DISTRICT,NO,15,TOWN OF HAMPDEN,COLUMBIA,T,HAMPDEN
SUN PRAIRIE SD REF QUESTION SUN PRAIRIE AREA SCHOOL DISTRICT,PRECINCT UNOFFICIAL RESULTS REPORT - 11/05/2024 09:29PM PAGE 13 OF,43,TOWN OF HAMPDEN,COLUMBIA,T,HAMPDEN
PRESIDENT / VICE PRESIDENT,DEM KAMALA D. HARRIS / TIM WALZ,317,TOWN OF LEWISTON,COLUMBIA,T,LEWISTON
PRESIDENT / VICE PRESIDENT,REP DONALD J. TRUMP / JD VANCE,440,TOWN OF LEWISTON,COLUMBIA,T,LEWISTON
PRESIDENT / VICE PRESIDENT,CON RANDALL TERRY / STEPHEN BRODEN,0,TOWN OF LEWISTON,COLUMBIA,T,LEWISTON
PRESIDENT / VICE PRESIDENT,LIB CHASE RUSSELL OLIVER / MIKE TER MAAT,2,TOWN OF LEWISTON,COLUMBIA,T,LEWISTON
PRESIDENT / VICE PRESIDENT,WGR JILL STEIN / RUDOLPH WARE,1,TOWN OF LEWISTON,COLUMBIA,T,LEWISTON
PRESIDENT / VICE PRESIDENT,IND CLAUDIA DE LA CRUZ / KARINA GARCIA,0,TOWN OF LEWISTON,COLUMBIA,T,LEWISTON
PRESIDENT / VICE PRESIDENT,IND CORNEL WEST / MELINA ABDULLAH,1,TOWN OF LEWISTON,COLUMBIA,T,LEWISTON
PRESIDENT / VICE PRESIDENT,"IND ROBERT F. KENNEDY, JR. / NICOLE SHANAHAN",4,TOWN OF LEWISTON,COLUMBIA,T,LEWISTON
PRESIDENT / VICE PRESIDENT,WRITE-IN TOTALS,1,TOWN OF LEWISTON,COLUMBIA,T,LEWISTON
UNITED STATES SENATOR,DEM TAMMY BALDWIN,327,TOWN OF LEWISTON,COLUMBIA,T,LEWISTON
UNITED STATES SENATOR,REP ERIC HOVDE,422,TOWN OF LEWISTON,COLUMBIA,T,LEWISTON
UNITED STATES SENATOR,IND PHIL ANDERSON,9,TOWN OF LEWISTON,COLUMBIA,T,LEWISTON
UNITED STATES SENATOR,IND THOMAS LEAGER,7,TOWN OF LEWISTON,COLUMBIA,T,LEWISTON
UNITED STATES SENATOR,WRITE-IN TOTALS,0,TOWN OF LEWISTON,COLUMBIA,T,LEWISTON
REPRESENTATIVE IN CONGRESS DISTRICT 6,DEM JOHN ZARBANO,278,TOWN OF LEWISTON,COLUMBIA,T,LEWISTON
REPRESENTATIVE IN CONGRESS DISTRICT 6,REP GLENN GROTHMAN,462,TOWN OF LEWISTON,COLUMBIA,T,LEWISTON
REPRESENTATIVE IN CONGRESS DISTRICT 6,WRITE-IN TOTALS,2,TOWN OF LEWISTON,COLUMBIA,T,LEWISTON
STATE SENATOR DISTRICT 14,DEM SARAH KEYESKI,310,TOWN OF LEWISTON,COLUMBIA,T,LEWISTON
STATE SENATOR DISTRICT 14,REP JOAN A. BALLWEG,443,TOWN OF LEWISTON,COLUMBIA,T,LEWISTON
STATE SENATOR DISTRICT 14,WRITE-IN TOTALS,2,TOWN OF LEWISTON,COLUMBIA,T,LEWISTON
REPRESENTATIVE TO THE ASSEMBLY DISTRICT 40,DEM KAREN DESANTO,300,TOWN OF LEWISTON,COLUMBIA,T,LEWISTON
REPRESENTATIVE TO THE ASSEMBLY DISTRICT 40,REP JERRY HELMER,439,TOWN OF LEWISTON,COLUMBIA,T,LEWISTON
REPRESENTATIVE TO THE ASSEMBLY DISTRICT 40,WRITE-IN TOTALS,0,TOWN OF LEWISTON,COLUMBIA,T,LEWISTON
REPRESENTATIVE TO THE ASSEMBLY DISTRICT 40,PRECINCT UNOFFICIAL RESULTS REPORT - 11/05/2024 09:29PM PAGE 14 OF,43,TOWN OF LEWISTON,COLUMBIA,T,LEWISTON
DISTRICT ATTORNEY COLUMBIA,DEM BRENDA L. YASKAL,483,TOWN OF LEWISTON,COLUMBIA,T,LEWISTON
DISTRICT ATTORNEY COLUMBIA,WRITE-IN TOTALS,30,TOWN OF LEWISTON,COLUMBIA,T,LEWISTON
COUNTY CLERK COLUMBIA,REP SUE MOLL,629,TOWN OF LEWISTON,COLUMBIA,T,LEWISTON
COUNTY CLERK COLUMBIA,WRITE-IN TOTALS,6,TOWN OF LEWISTON,COLUMBIA,T,LEWISTON
COUNTY TREASURER COLUMBIA,REP STACY L. OPALEWSKI,623,TOWN OF LEWISTON,COLUMBIA,T,LEWISTON
COUNTY TREASURER COLUMBIA,WRITE-IN TOTALS,5,TOWN OF LEWISTON,COLUMBIA,T,LEWISTON
REGISTER OF DEEDS COLUMBIA,REP CHRISTINE M. CLARK,626,TOWN OF LEWISTON,COLUMBIA,T,LEWISTON
REGISTER OF DEEDS COLUMBIA,WRITE-IN TOTALS,5,TOWN OF LEWISTON,COLUMBIA,T,LEWISTON
STATE REFERENDUM QUESTION 1,YES,556,TOWN OF LEWISTON,COLUMBIA,T,LEWISTON
STATE REFERENDUM QUESTION 1,NO,151,TOWN OF LEWISTON,COLUMBIA,T,LEWISTON
PORTAGE SD REF QUESTION PORTAGE COMMUNITY SCHOOL DISTRICT,YES,342,TOWN OF LEWISTON,COLUMBIA,T,LEWISTON
PORTAGE SD REF QUESTION PORTAGE COMMUNITY SCHOOL DISTRICT,NO,368,TOWN OF LEWISTON,COLUMBIA,T,LEWISTON
PORTAGE SD REF QUESTION PORTAGE COMMUNITY SCHOOL DISTRICT,PRECINCT UNOFFICIAL RESULTS REPORT - 11/05/2024 09:29PM PAGE 15 OF,43,TOWN OF LEWISTON,COLUMBIA,T,LEWISTON
PRESIDENT / VICE PRESIDENT,DEM KAMALA D. HARRIS / TIM WALZ,1129,TOWN OF LODI,COLUMBIA,T,LODI
PRESIDENT / VICE PRESIDENT,REP DONALD J. TRUMP / JD VANCE,1178,TOWN OF LODI,COLUMBIA,T,LODI
PRESIDENT / VICE PRESIDENT,CON RANDALL TERRY / STEPHEN BRODEN,1,TOWN OF LODI,COLUMBIA,T,LODI
PRESIDENT / VICE PRESIDENT,LIB CHASE RUSSELL OLIVER / MIKE TER MAAT,6,TOWN OF LODI,COLUMBIA,T,LODI
PRESIDENT / VICE PRESIDENT,WGR JILL STEIN / RUDOLPH WARE,2,TOWN OF LODI,COLUMBIA,T,LODI
PRESIDENT / VICE PRESIDENT,IND CLAUDIA DE LA CRUZ / KARINA GARCIA,2,TOWN OF LODI,COLUMBIA,T,LODI
PRESIDENT / VICE PRESIDENT,IND CORNEL WEST / MELINA ABDULLAH,1,TOWN OF LODI,COLUMBIA,T,LODI
PRESIDENT / VICE PRESIDENT,"IND ROBERT F. KENNEDY, JR. / NICOLE SHANAHAN",15,TOWN OF LODI,COLUMBIA,T,LODI
PRESIDENT / VICE PRESIDENT,WRITE-IN TOTALS,5,TOWN OF LODI,COLUMBIA,T,LODI
UNITED STATES SENATOR,DEM TAMMY BALDWIN,1129,TOWN OF LODI,COLUMBIA,T,LODI
UNITED STATES SENATOR,REP ERIC HOVDE,1156,TOWN OF LODI,COLUMBIA,T,LODI
UNITED STATES SENATOR,IND PHIL ANDERSON,18,TOWN OF LODI,COLUMBIA,T,LODI
UNITED STATES SENATOR,IND THOMAS LEAGER,17,TOWN OF LODI,COLUMBIA,T,LODI
UNITED STATES SENATOR,WRITE-IN TOTALS,2,TOWN OF LODI,COLUMBIA,T,LODI
REPRESENTATIVE IN CONGRESS DISTRICT 6,DEM JOHN ZARBANO,1048,TOWN OF LODI,COLUMBIA,T,LODI
REPRESENTATIVE IN CONGRESS DISTRICT 6,REP GLENN GROTHMAN,1175,TOWN OF LODI,COLUMBIA,T,LODI
REPRESENTATIVE IN CONGRESS DISTRICT 6,WRITE-IN TOTALS,1,TOWN OF LODI,COLUMBIA,T,LODI
STATE SENATOR DISTRICT 14,DEM SARAH KEYESKI,1107,TOWN OF LODI,COLUMBIA,T,LODI
STATE SENATOR DISTRICT 14,REP JOAN A. BALLWEG,1188,TOWN OF LODI,COLUMBIA,T,LODI
STATE SENATOR DISTRICT 14,WRITE-IN TOTALS,3,TOWN OF LODI,COLUMBIA,T,LODI
REPRESENTATIVE TO THE ASSEMBLY DISTRICT 42,DEM MAUREEN MCCARVILLE,1014,TOWN OF LODI,COLUMBIA,T,LODI
REPRESENTATIVE TO THE ASSEMBLY DISTRICT 42,REP REBECCA WITHERSPOON,1220,TOWN OF LODI,COLUMBIA,T,LODI
REPRESENTATIVE TO THE ASSEMBLY DISTRICT 42,WRITE-IN TOTALS,1,TOWN OF LODI,COLUMBIA,T,LODI
REPRESENTATIVE TO THE ASSEMBLY DISTRICT 42,PRECINCT UNOFFICIAL RESULTS REPORT - 11/05/2024 09:29PM PAGE 16 OF,43,TOWN OF LODI,COLUMBIA,T,LODI
DISTRICT ATTORNEY COLUMBIA,DEM BRENDA L. YASKAL,1416,TOWN OF LODI,COLUMBIA,T,LODI
DISTRICT ATTORNEY COLUMBIA,WRITE-IN TOTALS,85,TOWN OF LODI,COLUMBIA,T,LODI
COUNTY CLERK COLUMBIA,REP SUE MOLL,1691,TOWN OF LODI,COLUMBIA,T,LODI
COUNTY CLERK COLUMBIA,WRITE-IN TOTALS,28,TOWN OF LODI,COLUMBIA,T,LODI
COUNTY TREASURER COLUMBIA,REP STACY L. OPALEWSKI,1663,TOWN OF LODI,COLUMBIA,T,LODI
COUNTY TREASURER COLUMBIA,WRITE-IN TOTALS,27,TOWN OF LODI,COLUMBIA,T,LODI
REGISTER OF DEEDS COLUMBIA,REP CHRISTINE M. CLARK,1662,TOWN OF LODI,COLUMBIA,T,LODI
REGISTER OF DEEDS COLUMBIA,WRITE-IN TOTALS,20,TOWN OF LODI,COLUMBIA,T,LODI
STATE REFERENDUM QUESTION 1,YES,1527,TOWN OF LODI,COLUMBIA,T,LODI
STATE REFERENDUM QUESTION 1,NO,650,TOWN OF LODI,COLUMBIA,T,LODI
STATE REFERENDUM QUESTION 1,PRECINCT UNOFFICIAL RESULTS REPORT - 11/05/2024 09:29PM PAGE 17 OF,43,TOWN OF LODI,COLUMBIA,T,LODI
PRESIDENT / VICE PRESIDENT,DEM KAMALA D. HARRIS / TIM WALZ,212,TOWN OF MARCELLON,COLUMBIA,T,MARCELLON
PRESIDENT / VICE PRESIDENT,REP DONALD J. TRUMP / JD VANCE,338,TOWN OF MARCELLON,COLUMBIA,T,MARCELLON
PRESIDENT / VICE PRESIDENT,CON RANDALL TERRY / STEPHEN BRODEN,0,TOWN OF MARCELLON,COLUMBIA,T,MARCELLON
PRESIDENT / VICE PRESIDENT,LIB CHASE RUSSELL OLIVER / MIKE TER MAAT,2,TOWN OF MARCELLON,COLUMBIA,T,MARCELLON
PRESIDENT / VICE PRESIDENT,WGR JILL STEIN / RUDOLPH WARE,2,TOWN OF MARCELLON,COLUMBIA,T,MARCELLON
PRESIDENT / VICE PRESIDENT,IND CLAUDIA DE LA CRUZ / KARINA GARCIA,0,TOWN OF MARCELLON,COLUMBIA,T,MARCELLON
PRESIDENT / VICE PRESIDENT,IND CORNEL WEST / MELINA ABDULLAH,0,TOWN OF MARCELLON,COLUMBIA,T,MARCELLON
PRESIDENT / VICE PRESIDENT,"IND ROBERT F. KENNEDY, JR. / NICOLE SHANAHAN",4,TOWN OF MARCELLON,COLUMBIA,T,MARCELLON
PRESIDENT / VICE PRESIDENT,WRITE-IN TOTALS,1,TOWN OF MARCELLON,COLUMBIA,T,MARCELLON
UNITED STATES SENATOR,DEM TAMMY BALDWIN,223,TOWN OF MARCELLON,COLUMBIA,T,MARCELLON
UNITED STATES SENATOR,REP ERIC HOVDE,323,TOWN OF MARCELLON,COLUMBIA,T,MARCELLON
UNITED STATES SENATOR,IND PHIL ANDERSON,7,TOWN OF MARCELLON,COLUMBIA,T,MARCELLON
UNITED STATES SENATOR,IND THOMAS LEAGER,1,TOWN OF MARCELLON,COLUMBIA,T,MARCELLON
UNITED STATES SENATOR,WRITE-IN TOTALS,0,TOWN OF MARCELLON,COLUMBIA,T,MARCELLON
REPRESENTATIVE IN CONGRESS DISTRICT 6,DEM JOHN ZARBANO,193,TOWN OF MARCELLON,COLUMBIA,T,MARCELLON
REPRESENTATIVE IN CONGRESS DISTRICT 6,REP GLENN GROTHMAN,339,TOWN OF MARCELLON,COLUMBIA,T,MARCELLON
REPRESENTATIVE IN CONGRESS DISTRICT 6,WRITE-IN TOTALS,2,TOWN OF MARCELLON,COLUMBIA,T,MARCELLON
STATE SENATOR DISTRICT 14,DEM SARAH KEYESKI,208,TOWN OF MARCELLON,COLUMBIA,T,MARCELLON
STATE SENATOR DISTRICT 14,REP JOAN A. BALLWEG,336,TOWN OF MARCELLON,COLUMBIA,T,MARCELLON
STATE SENATOR DISTRICT 14,WRITE-IN TOTALS,2,TOWN OF MARCELLON,COLUMBIA,T,MARCELLON
REPRESENTATIVE TO THE ASSEMBLY DISTRICT 40,DEM KAREN DESANTO,205,TOWN OF MARCELLON,COLUMBIA,T,MARCELLON
REPRESENTATIVE TO THE ASSEMBLY DISTRICT 40,REP JERRY HELMER,325,TOWN OF MARCELLON,COLUMBIA,T,MARCELLON
REPRESENTATIVE TO THE ASSEMBLY DISTRICT 40,WRITE-IN TOTALS,1,TOWN OF MARCELLON,COLUMBIA,T,MARCELLON
REPRESENTATIVE TO THE ASSEMBLY DISTRICT 40,PRECINCT UNOFFICIAL RESULTS REPORT - 11/05/2024 09:29PM PAGE 18 OF,43,TOWN OF MARCELLON,COLUMBIA,T,MARCELLON
DISTRICT ATTORNEY COLUMBIA,DEM BRENDA L. YASKAL,300,TOWN OF MARCELLON,COLUMBIA,T,MARCELLON
DISTRICT ATTORNEY COLUMBIA,WRITE-IN TOTALS,24,TOWN OF MARCELLON,COLUMBIA,T,MARCELLON
COUNTY CLERK COLUMBIA,REP SUE MOLL,433,TOWN OF MARCELLON,COLUMBIA,T,MARCELLON
COUNTY CLERK COLUMBIA,WRITE-IN TOTALS,10,TOWN OF MARCELLON,COLUMBIA,T,MARCELLON
COUNTY TREASURER COLUMBIA,REP STACY L. OPALEWSKI,429,TOWN OF MARCELLON,COLUMBIA,T,MARCELLON
COUNTY TREASURER COLUMBIA,WRITE-IN TOTALS,11,TOWN OF MARCELLON,COLUMBIA,T,MARCELLON
REGISTER OF DEEDS COLUMBIA,REP CHRISTINE M. CLARK,419,TOWN OF MARCELLON,COLUMBIA,T,MARCELLON
REGISTER OF DEEDS COLUMBIA,WRITE-IN TOTALS,9,TOWN OF MARCELLON,COLUMBIA,T,MARCELLON
STATE REFERENDUM QUESTION 1,YES,432,TOWN OF MARCELLON,COLUMBIA,T,MARCELLON
STATE REFERENDUM QUESTION 1,NO,87,TOWN OF MARCELLON,COLUMBIA,T,MARCELLON
MARKESAN SD REF QUESTION MARKESAN DISTRICT SCHOOLS,YES,0,TOWN OF MARCELLON,COLUMBIA,T,MARCELLON
MARKESAN SD REF QUESTION MARKESAN DISTRICT SCHOOLS,NO,0,TOWN OF MARCELLON,COLUMBIA,T,MARCELLON
PORTAGE SD REF QUESTION PORTAGE COMMUNITY SCHOOL DISTRICT,YES,0,TOWN OF MARCELLON,COLUMBIA,T,MARCELLON
PORTAGE SD REF QUESTION PORTAGE COMMUNITY SCHOOL DISTRICT,NO,5,TOWN OF MARCELLON,COLUMBIA,T,MARCELLON
PORTAGE SD REF QUESTION PORTAGE COMMUNITY SCHOOL DISTRICT,PRECINCT UNOFFICIAL RESULTS REPORT - 11/05/2024 09:29PM PAGE 19 OF,43,TOWN OF MARCELLON,COLUMBIA,T,MARCELLON
PRESIDENT / VICE PRESIDENT,DEM KAMALA D. HARRIS / TIM WALZ,161,TOWN OF NEWPORT,COLUMBIA,T,NEWPORT
PRESIDENT / VICE PRESIDENT,REP DONALD J. TRUMP / JD VANCE,244,TOWN OF NEWPORT,COLUMBIA,T,NEWPORT
PRESIDENT / VICE PRESIDENT,CON RANDALL TERRY / STEPHEN BRODEN,4,TOWN OF NEWPORT,COLUMBIA,T,NEWPORT
PRESIDENT / VICE PRESIDENT,LIB CHASE RUSSELL OLIVER / MIKE TER MAAT,2,TOWN OF NEWPORT,COLUMBIA,T,NEWPORT
PRESIDENT / VICE PRESIDENT,WGR JILL STEIN / RUDOLPH WARE,1,TOWN OF NEWPORT,COLUMBIA,T,NEWPORT
PRESIDENT / VICE PRESIDENT,IND CLAUDIA DE LA CRUZ / KARINA GARCIA,0,TOWN OF NEWPORT,COLUMBIA,T,NEWPORT
PRESIDENT / VICE PRESIDENT,IND CORNEL WEST / MELINA ABDULLAH,0,TOWN OF NEWPORT,COLUMBIA,T,NEWPORT
PRESIDENT / VICE PRESIDENT,"IND ROBERT F. KENNEDY, JR. / NICOLE SHANAHAN",1,TOWN OF NEWPORT,COLUMBIA,T,NEWPORT
PRESIDENT / VICE PRESIDENT,WRITE-IN TOTALS,0,TOWN OF NEWPORT,COLUMBIA,T,NEWPORT
UNITED STATES SENATOR,DEM TAMMY BALDWIN,172,TOWN OF NEWPORT,COLUMBIA,T,NEWPORT
UNITED STATES SENATOR,REP ERIC HOVDE,229,TOWN OF NEWPORT,COLUMBIA,T,NEWPORT
UNITED STATES SENATOR,IND PHIL ANDERSON,0,TOWN OF NEWPORT,COLUMBIA,T,NEWPORT
UNITED STATES SENATOR,IND THOMAS LEAGER,6,TOWN OF NEWPORT,COLUMBIA,T,NEWPORT
UNITED STATES SENATOR,WRITE-IN TOTALS,0,TOWN OF NEWPORT,COLUMBIA,T,NEWPORT
REPRESENTATIVE IN CONGRESS DISTRICT 6,DEM JOHN ZARBANO,140,TOWN OF NEWPORT,COLUMBIA,T,NEWPORT
REPRESENTATIVE IN CONGRESS DISTRICT 6,REP GLENN GROTHMAN,255,TOWN OF NEWPORT,COLUMBIA,T,NEWPORT
REPRESENTATIVE IN CONGRESS DISTRICT 6,WRITE-IN TOTALS,0,TOWN OF NEWPORT,COLUMBIA,T,NEWPORT
STATE SENATOR DISTRICT 14,DEM SARAH KEYESKI,156,TOWN OF NEWPORT,COLUMBIA,T,NEWPORT
STATE SENATOR DISTRICT 14,REP JOAN A. BALLWEG,243,TOWN OF NEWPORT,COLUMBIA,T,NEWPORT
STATE SENATOR DISTRICT 14,WRITE-IN TOTALS,0,TOWN OF NEWPORT,COLUMBIA,T,NEWPORT
REPRESENTATIVE TO THE ASSEMBLY DISTRICT 41,DEM JULIA HENLEY,146,TOWN OF NEWPORT,COLUMBIA,T,NEWPORT
REPRESENTATIVE TO THE ASSEMBLY DISTRICT 41,REP TONY KURTZ,244,TOWN OF NEWPORT,COLUMBIA,T,NEWPORT
REPRESENTATIVE TO THE ASSEMBLY DISTRICT 41,WRITE-IN TOTALS,0,TOWN OF NEWPORT,COLUMBIA,T,NEWPORT
REPRESENTATIVE TO THE ASSEMBLY DISTRICT 41,PRECINCT UNOFFICIAL RESULTS REPORT - 11/05/2024 09:29PM PAGE 20 OF,43,TOWN OF NEWPORT,COLUMBIA,T,NEWPORT
DISTRICT ATTORNEY COLUMBIA,DEM BRENDA L. YASKAL,250,TOWN OF NEWPORT,COLUMBIA,T,NEWPORT
DISTRICT ATTORNEY COLUMBIA,WRITE-IN TOTALS,14,TOWN OF NEWPORT,COLUMBIA,T,NEWPORT
COUNTY CLERK COLUMBIA,REP SUE MOLL,328,TOWN OF NEWPORT,COLUMBIA,T,NEWPORT
COUNTY CLERK COLUMBIA,WRITE-IN TOTALS,5,TOWN OF NEWPORT,COLUMBIA,T,NEWPORT
COUNTY TREASURER COLUMBIA,REP STACY L. OPALEWSKI,327,TOWN OF NEWPORT,COLUMBIA,T,NEWPORT
COUNTY TREASURER COLUMBIA,WRITE-IN TOTALS,6,TOWN OF NEWPORT,COLUMBIA,T,NEWPORT
REGISTER OF DEEDS COLUMBIA,REP CHRISTINE M. CLARK,320,TOWN OF NEWPORT,COLUMBIA,T,NEWPORT
REGISTER OF DEEDS COLUMBIA,WRITE-IN TOTALS,4,TOWN OF NEWPORT,COLUMBIA,T,NEWPORT
STATE REFERENDUM QUESTION 1,YES,302,TOWN OF NEWPORT,COLUMBIA,T,NEWPORT
STATE REFERENDUM QUESTION 1,NO,89,TOWN OF NEWPORT,COLUMBIA,T,NEWPORT
WI DELLS SD REF QUESTION SCHOOL DISTRICT OF WISCONSIN DELLS,YES,212,TOWN OF NEWPORT,COLUMBIA,T,NEWPORT
WI DELLS SD REF QUESTION SCHOOL DISTRICT OF WISCONSIN DELLS,NO,174,TOWN OF NEWPORT,COLUMBIA,T,NEWPORT
WI DELLS SD REF QUESTION SCHOOL DISTRICT OF WISCONSIN DELLS,PRECINCT UNOFFICIAL RESULTS REPORT - 11/05/2024 09:29PM PAGE 21 OF,43,TOWN OF NEWPORT,COLUMBIA,T,NEWPORT
PRESIDENT / VICE PRESIDENT,DEM KAMALA D. HARRIS / TIM WALZ,190,TOWN OF OTSEGO,COLUMBIA,T,OTSEGO
PRESIDENT / VICE PRESIDENT,REP DONALD J. TRUMP / JD VANCE,262,TOWN OF OTSEGO,COLUMBIA,T,OTSEGO
PRESIDENT / VICE PRESIDENT,CON RANDALL TERRY / STEPHEN BRODEN,1,TOWN OF OTSEGO,COLUMBIA,T,OTSEGO
PRESIDENT / VICE PRESIDENT,LIB CHASE RUSSELL OLIVER / MIKE TER MAAT,3,TOWN OF OTSEGO,COLUMBIA,T,OTSEGO
PRESIDENT / VICE PRESIDENT,WGR JILL STEIN / RUDOLPH WARE,2,TOWN OF OTSEGO,COLUMBIA,T,OTSEGO
PRESIDENT / VICE PRESIDENT,IND CLAUDIA DE LA CRUZ / KARINA GARCIA,0,TOWN OF OTSEGO,COLUMBIA,T,OTSEGO
PRESIDENT / VICE PRESIDENT,IND CORNEL WEST / MELINA ABDULLAH,0,TOWN OF OTSEGO,COLUMBIA,T,OTSEGO
PRESIDENT / VICE PRESIDENT,"IND ROBERT F. KENNEDY, JR. / NICOLE SHANAHAN",3,TOWN OF OTSEGO,COLUMBIA,T,OTSEGO
PRESIDENT / VICE PRESIDENT,WRITE-IN TOTALS,1,TOWN OF OTSEGO,COLUMBIA,T,OTSEGO
UNITED STATES SENATOR,DEM TAMMY BALDWIN,203,TOWN OF OTSEGO,COLUMBIA,T,OTSEGO
UNITED STATES SENATOR,REP ERIC HOVDE,244,TOWN OF OTSEGO,COLUMBIA,T,OTSEGO
UNITED STATES SENATOR,IND PHIL ANDERSON,9,TOWN OF OTSEGO,COLUMBIA,T,OTSEGO
UNITED STATES SENATOR,IND THOMAS LEAGER,2,TOWN OF OTSEGO,COLUMBIA,T,OTSEGO
UNITED STATES SENATOR,WRITE-IN TOTALS,0,TOWN OF OTSEGO,COLUMBIA,T,OTSEGO
REPRESENTATIVE IN CONGRESS DISTRICT 6,DEM JOHN ZARBANO,160,TOWN OF OTSEGO,COLUMBIA,T,OTSEGO
REPRESENTATIVE IN CONGRESS DISTRICT 6,REP GLENN GROTHMAN,270,TOWN OF OTSEGO,COLUMBIA,T,OTSEGO
REPRESENTATIVE IN CONGRESS DISTRICT 6,WRITE-IN TOTALS,0,TOWN OF OTSEGO,COLUMBIA,T,OTSEGO
STATE SENATOR DISTRICT 14,DEM SARAH KEYESKI,188,TOWN OF OTSEGO,COLUMBIA,T,OTSEGO
STATE SENATOR DISTRICT 14,REP JOAN A. BALLWEG,261,TOWN OF OTSEGO,COLUMBIA,T,OTSEGO
STATE SENATOR DISTRICT 14,WRITE-IN TOTALS,1,TOWN OF OTSEGO,COLUMBIA,T,OTSEGO
REPRESENTATIVE TO THE ASSEMBLY DISTRICT 42,DEM MAUREEN MCCARVILLE,160,TOWN OF OTSEGO,COLUMBIA,T,OTSEGO
REPRESENTATIVE TO THE ASSEMBLY DISTRICT 42,REP REBECCA WITHERSPOON,271,TOWN OF OTSEGO,COLUMBIA,T,OTSEGO
REPRESENTATIVE TO THE ASSEMBLY DISTRICT 42,WRITE-IN TOTALS,1,TOWN OF OTSEGO,COLUMBIA,T,OTSEGO
REPRESENTATIVE TO THE ASSEMBLY DISTRICT 42,PRECINCT UNOFFICIAL RESULTS REPORT - 11/05/2024 09:29PM PAGE 22 OF,43,TOWN OF OTSEGO,COLUMBIA,T,OTSEGO
DISTRICT ATTORNEY COLUMBIA,DEM BRENDA L. YASKAL,271,TOWN OF OTSEGO,COLUMBIA,T,OTSEGO
DISTRICT ATTORNEY COLUMBIA,WRITE-IN TOTALS,16,TOWN OF OTSEGO,COLUMBIA,T,OTSEGO
COUNTY CLERK COLUMBIA,REP SUE MOLL,360,TOWN OF OTSEGO,COLUMBIA,T,OTSEGO
COUNTY CLERK COLUMBIA,WRITE-IN TOTALS,2,TOWN OF OTSEGO,COLUMBIA,T,OTSEGO
COUNTY TREASURER COLUMBIA,REP STACY L. OPALEWSKI,352,TOWN OF OTSEGO,COLUMBIA,T,OTSEGO
COUNTY TREASURER COLUMBIA,WRITE-IN TOTALS,2,TOWN OF OTSEGO,COLUMBIA,T,OTSEGO
REGISTER OF DEEDS COLUMBIA,REP CHRISTINE M. CLARK,349,TOWN OF OTSEGO,COLUMBIA,T,OTSEGO
REGISTER OF DEEDS COLUMBIA,WRITE-IN TOTALS,2,TOWN OF OTSEGO,COLUMBIA,T,OTSEGO
STATE REFERENDUM QUESTION 1,YES,325,TOWN OF OTSEGO,COLUMBIA,T,OTSEGO
STATE REFERENDUM QUESTION 1,NO,110,TOWN OF OTSEGO,COLUMBIA,T,OTSEGO
FALL RIVER SD REF QUESTION 1 FALL RIVER SCHOOL DISTRICT,YES,15,TOWN OF OTSEGO,COLUMBIA,T,OTSEGO
FALL RIVER SD REF QUESTION 1 FALL RIVER SCHOOL DISTRICT,NO,9,TOWN OF OTSEGO,COLUMBIA,T,OTSEGO
FALL RIVER SD REF QUESTION 2 FALL RIVER SCHOOL DISTRICT,YES,15,TOWN OF OTSEGO,COLUMBIA,T,OTSEGO
FALL RIVER SD REF QUESTION 2 FALL RIVER SCHOOL DISTRICT,NO,9,TOWN OF OTSEGO,COLUMBIA,T,OTSEGO
RIO SD REF QUESTION RIO COMMUNITY SCHOOL DISTRICT,YES,229,TOWN OF OTSEGO,COLUMBIA,T,OTSEGO
RIO SD REF QUESTION RIO COMMUNITY SCHOOL DISTRICT,NO,190,TOWN OF OTSEGO,COLUMBIA,T,OTSEGO
RIO SD REF QUESTION RIO COMMUNITY SCHOOL DISTRICT,PRECINCT UNOFFICIAL RESULTS REPORT - 11/05/2024 09:29PM PAGE 23 OF,43,TOWN OF OTSEGO,COLUMBIA,T,OTSEGO
PRESIDENT / VICE PRESIDENT,DEM KAMALA D. HARRIS / TIM WALZ,859,TOWN OF PACIFIC,COLUMBIA,T,PACIFIC
PRESIDENT / VICE PRESIDENT,REP DONALD J. TRUMP / JD VANCE,1016,TOWN OF PACIFIC,COLUMBIA,T,PACIFIC
PRESIDENT / VICE PRESIDENT,CON RANDALL TERRY / STEPHEN BRODEN,1,TOWN OF PACIFIC,COLUMBIA,T,PACIFIC
PRESIDENT / VICE PRESIDENT,LIB CHASE RUSSELL OLIVER / MIKE TER MAAT,3,TOWN OF PACIFIC,COLUMBIA,T,PACIFIC
PRESIDENT / VICE PRESIDENT,WGR JILL STEIN / RUDOLPH WARE,6,TOWN OF PACIFIC,COLUMBIA,T,PACIFIC
PRESIDENT / VICE PRESIDENT,IND CLAUDIA DE LA CRUZ / KARINA GARCIA,1,TOWN OF PACIFIC,COLUMBIA,T,PACIFIC
PRESIDENT / VICE PRESIDENT,IND CORNEL WEST / MELINA ABDULLAH,1,TOWN OF PACIFIC,COLUMBIA,T,PACIFIC
PRESIDENT / VICE PRESIDENT,"IND ROBERT F. KENNEDY, JR. / NICOLE SHANAHAN",10,TOWN OF PACIFIC,COLUMBIA,T,PACIFIC
PRESIDENT / VICE PRESIDENT,WRITE-IN TOTALS,3,TOWN OF PACIFIC,COLUMBIA,T,PACIFIC
UNITED STATES SENATOR,DEM TAMMY BALDWIN,881,TOWN OF PACIFIC,COLUMBIA,T,PACIFIC
UNITED STATES SENATOR,REP ERIC HOVDE,971,TOWN OF PACIFIC,COLUMBIA,T,PACIFIC
UNITED STATES SENATOR,IND PHIL ANDERSON,24,TOWN OF PACIFIC,COLUMBIA,T,PACIFIC
UNITED STATES SENATOR,IND THOMAS LEAGER,12,TOWN OF PACIFIC,COLUMBIA,T,PACIFIC
UNITED STATES SENATOR,WRITE-IN TOTALS,1,TOWN OF PACIFIC,COLUMBIA,T,PACIFIC
REPRESENTATIVE IN CONGRESS DISTRICT 6,DEM JOHN ZARBANO,793,TOWN OF PACIFIC,COLUMBIA,T,PACIFIC
REPRESENTATIVE IN CONGRESS DISTRICT 6,REP GLENN GROTHMAN,1037,TOWN OF PACIFIC,COLUMBIA,T,PACIFIC
REPRESENTATIVE IN CONGRESS DISTRICT 6,WRITE-IN TOTALS,1,TOWN OF PACIFIC,COLUMBIA,T,PACIFIC
STATE SENATOR DISTRICT 14,DEM SARAH KEYESKI,865,TOWN OF PACIFIC,COLUMBIA,T,PACIFIC
STATE SENATOR DISTRICT 14,REP JOAN A. BALLWEG,1002,TOWN OF PACIFIC,COLUMBIA,T,PACIFIC
STATE SENATOR DISTRICT 14,WRITE-IN TOTALS,0,TOWN OF PACIFIC,COLUMBIA,T,PACIFIC
REPRESENTATIVE TO THE ASSEMBLY DISTRICT 40,DEM KAREN DESANTO,859,TOWN OF PACIFIC,COLUMBIA,T,PACIFIC
REPRESENTATIVE TO THE ASSEMBLY DISTRICT 40,REP JERRY HELMER,968,TOWN OF PACIFIC,COLUMBIA,T,PACIFIC
REPRESENTATIVE TO THE ASSEMBLY DISTRICT 40,WRITE-IN TOTALS,4,TOWN OF PACIFIC,COLUMBIA,T,PACIFIC
REPRESENTATIVE TO THE ASSEMBLY DISTRICT 40,PRECINCT UNOFFICIAL RESULTS REPORT - 11/05/2024 09:29PM PAGE 24 OF,43,TOWN OF PACIFIC,COLUMBIA,T,PACIFIC
DISTRICT ATTORNEY COLUMBIA,DEM BRENDA L. YASKAL,1233,TOWN OF PACIFIC,COLUMBIA,T,PACIFIC
DISTRICT ATTORNEY COLUMBIA,WRITE-IN TOTALS,73,TOWN OF PACIFIC,COLUMBIA,T,PACIFIC
COUNTY CLERK COLUMBIA,REP SUE MOLL,1514,TOWN OF PACIFIC,COLUMBIA,T,PACIFIC
COUNTY CLERK COLUMBIA,WRITE-IN TOTALS,17,TOWN OF PACIFIC,COLUMBIA,T,PACIFIC
COUNTY TREASURER COLUMBIA,REP STACY L. OPALEWSKI,1506,TOWN OF PACIFIC,COLUMBIA,T,PACIFIC
COUNTY TREASURER COLUMBIA,WRITE-IN TOTALS,16,TOWN OF PACIFIC,COLUMBIA,T,PACIFIC
REGISTER OF DEEDS COLUMBIA,REP CHRISTINE M. CLARK,1502,TOWN OF PACIFIC,COLUMBIA,T,PACIFIC
REGISTER OF DEEDS COLUMBIA,WRITE-IN TOTALS,15,TOWN OF PACIFIC,COLUMBIA,T,PACIFIC
STATE REFERENDUM QUESTION 1,YES,1277,TOWN OF PACIFIC,COLUMBIA,T,PACIFIC
STATE REFERENDUM QUESTION 1,NO,413,TOWN OF PACIFIC,COLUMBIA,T,PACIFIC
PORTAGE SD REF QUESTION PORTAGE COMMUNITY SCHOOL DISTRICT,YES,619,TOWN OF PACIFIC,COLUMBIA,T,PACIFIC
PORTAGE SD REF QUESTION PORTAGE COMMUNITY SCHOOL DISTRICT,NO,631,TOWN OF PACIFIC,COLUMBIA,T,PACIFIC
PORTAGE SD REF QUESTION PORTAGE COMMUNITY SCHOOL DISTRICT,PRECINCT UNOFFICIAL RESULTS REPORT - 11/05/2024 09:29PM PAGE 25 OF,43,TOWN OF PACIFIC,COLUMBIA,T,PACIFIC
PRESIDENT / VICE PRESIDENT,DEM KAMALA D. HARRIS / TIM WALZ,102,TOWN OF RANDOLPH,COLUMBIA,T,RANDOLPH
PRESIDENT / VICE PRESIDENT,REP DONALD J. TRUMP / JD VANCE,343,TOWN OF RANDOLPH,COLUMBIA,T,RANDOLPH
PRESIDENT / VICE PRESIDENT,CON RANDALL TERRY / STEPHEN BRODEN,0,TOWN OF RANDOLPH,COLUMBIA,T,RANDOLPH
PRESIDENT / VICE PRESIDENT,LIB CHASE RUSSELL OLIVER / MIKE TER MAAT,1,TOWN OF RANDOLPH,COLUMBIA,T,RANDOLPH
PRESIDENT / VICE PRESIDENT,WGR JILL STEIN / RUDOLPH WARE,0,TOWN OF RANDOLPH,COLUMBIA,T,RANDOLPH
PRESIDENT / VICE PRESIDENT,IND CLAUDIA DE LA CRUZ / KARINA GARCIA,0,TOWN OF RANDOLPH,COLUMBIA,T,RANDOLPH
PRESIDENT / VICE PRESIDENT,IND CORNEL WEST / MELINA ABDULLAH,0,TOWN OF RANDOLPH,COLUMBIA,T,RANDOLPH
PRESIDENT / VICE PRESIDENT,"IND ROBERT F. KENNEDY, JR. / NICOLE SHANAHAN",2,TOWN OF RANDOLPH,COLUMBIA,T,RANDOLPH
PRESIDENT / VICE PRESIDENT,WRITE-IN TOTALS,3,TOWN OF RANDOLPH,COLUMBIA,T,RANDOLPH
UNITED STATES SENATOR,DEM TAMMY BALDWIN,102,TOWN OF RANDOLPH,COLUMBIA,T,RANDOLPH
UNITED STATES SENATOR,REP ERIC HOVDE,347,TOWN OF RANDOLPH,COLUMBIA,T,RANDOLPH
UNITED STATES SENATOR,IND PHIL ANDERSON,1,TOWN OF RANDOLPH,COLUMBIA,T,RANDOLPH
UNITED STATES SENATOR,IND THOMAS LEAGER,0,TOWN OF RANDOLPH,COLUMBIA,T,RANDOLPH
UNITED STATES SENATOR,WRITE-IN TOTALS,1,TOWN OF RANDOLPH,COLUMBIA,T,RANDOLPH
REPRESENTATIVE IN CONGRESS DISTRICT 6,DEM JOHN ZARBANO,83,TOWN OF RANDOLPH,COLUMBIA,T,RANDOLPH
REPRESENTATIVE IN CONGRESS DISTRICT 6,REP GLENN GROTHMAN,357,TOWN OF RANDOLPH,COLUMBIA,T,RANDOLPH
REPRESENTATIVE IN CONGRESS DISTRICT 6,WRITE-IN TOTALS,0,TOWN OF RANDOLPH,COLUMBIA,T,RANDOLPH
REPRESENTATIVE TO THE ASSEMBLY DISTRICT 39,DEM CHRIS GORDON,86,TOWN OF RANDOLPH,COLUMBIA,T,RANDOLPH
REPRESENTATIVE TO THE ASSEMBLY DISTRICT 39,REP ALEX DALLMAN,357,TOWN OF RANDOLPH,COLUMBIA,T,RANDOLPH
REPRESENTATIVE TO THE ASSEMBLY DISTRICT 39,WRITE-IN TOTALS,0,TOWN OF RANDOLPH,COLUMBIA,T,RANDOLPH
DISTRICT ATTORNEY COLUMBIA,DEM BRENDA L. YASKAL,216,TOWN OF RANDOLPH,COLUMBIA,T,RANDOLPH
DISTRICT ATTORNEY COLUMBIA,WRITE-IN TOTALS,15,TOWN OF RANDOLPH,COLUMBIA,T,RANDOLPH
DISTRICT ATTORNEY COLUMBIA,PRECINCT UNOFFICIAL RESULTS REPORT - 11/05/2024 09:29PM PAGE 26 OF,43,TOWN OF RANDOLPH,COLUMBIA,T,RANDOLPH
COUNTY CLERK COLUMBIA,REP SUE MOLL,388,TOWN OF RANDOLPH,COLUMBIA,T,RANDOLPH
COUNTY CLERK COLUMBIA,WRITE-IN TOTALS,4,TOWN OF RANDOLPH,COLUMBIA,T,RANDOLPH
COUNTY TREASURER COLUMBIA,REP STACY L. OPALEWSKI,387,TOWN OF RANDOLPH,COLUMBIA,T,RANDOLPH
COUNTY TREASURER COLUMBIA,WRITE-IN TOTALS,3,TOWN OF RANDOLPH,COLUMBIA,T,RANDOLPH
REGISTER OF DEEDS COLUMBIA,REP CHRISTINE M. CLARK,385,TOWN OF RANDOLPH,COLUMBIA,T,RANDOLPH
REGISTER OF DEEDS COLUMBIA,WRITE-IN TOTALS,3,TOWN OF RANDOLPH,COLUMBIA,T,RANDOLPH
STATE REFERENDUM QUESTION 1,YES,368,TOWN OF RANDOLPH,COLUMBIA,T,RANDOLPH
STATE REFERENDUM QUESTION 1,NO,67,TOWN OF RANDOLPH,COLUMBIA,T,RANDOLPH
STATE REFERENDUM QUESTION 1,PRECINCT UNOFFICIAL RESULTS REPORT - 11/05/2024 09:29PM PAGE 27 OF,43,TOWN OF RANDOLPH,COLUMBIA,T,RANDOLPH
PRESIDENT / VICE PRESIDENT,DEM KAMALA D. HARRIS / TIM WALZ,135,TOWN OF SPRINGVALE,COLUMBIA,T,SPRINGVALE
PRESIDENT / VICE PRESIDENT,REP DONALD J. TRUMP / JD VANCE,192,TOWN OF SPRINGVALE,COLUMBIA,T,SPRINGVALE
PRESIDENT / VICE PRESIDENT,CON RANDALL TERRY / STEPHEN BRODEN,0,TOWN OF SPRINGVALE,COLUMBIA,T,SPRINGVALE
PRESIDENT / VICE PRESIDENT,LIB CHASE RUSSELL OLIVER / MIKE TER MAAT,0,TOWN OF SPRINGVALE,COLUMBIA,T,SPRINGVALE
PRESIDENT / VICE PRESIDENT,WGR JILL STEIN / RUDOLPH WARE,2,TOWN OF SPRINGVALE,COLUMBIA,T,SPRINGVALE
PRESIDENT / VICE PRESIDENT,IND CLAUDIA DE LA CRUZ / KARINA GARCIA,0,TOWN OF SPRINGVALE,COLUMBIA,T,SPRINGVALE
PRESIDENT / VICE PRESIDENT,IND CORNEL WEST / MELINA ABDULLAH,2,TOWN OF SPRINGVALE,COLUMBIA,T,SPRINGVALE
PRESIDENT / VICE PRESIDENT,"IND ROBERT F. KENNEDY, JR. / NICOLE SHANAHAN",4,TOWN OF SPRINGVALE,COLUMBIA,T,SPRINGVALE
PRESIDENT / VICE PRESIDENT,WRITE-IN TOTALS,0,TOWN OF SPRINGVALE,COLUMBIA,T,SPRINGVALE
UNITED STATES SENATOR,DEM TAMMY BALDWIN,151,TOWN OF SPRINGVALE,COLUMBIA,T,SPRINGVALE
UNITED STATES SENATOR,REP ERIC HOVDE,179,TOWN OF SPRINGVALE,COLUMBIA,T,SPRINGVALE
UNITED STATES SENATOR,IND PHIL ANDERSON,2,TOWN OF SPRINGVALE,COLUMBIA,T,SPRINGVALE
UNITED STATES SENATOR,IND THOMAS LEAGER,2,TOWN OF SPRINGVALE,COLUMBIA,T,SPRINGVALE
UNITED STATES SENATOR,WRITE-IN TOTALS,0,TOWN OF SPRINGVALE,COLUMBIA,T,SPRINGVALE
REPRESENTATIVE IN CONGRESS DISTRICT 6,DEM JOHN ZARBANO,132,TOWN OF SPRINGVALE,COLUMBIA,T,SPRINGVALE
REPRESENTATIVE IN CONGRESS DISTRICT 6,REP GLENN GROTHMAN,192,TOWN OF SPRINGVALE,COLUMBIA,T,SPRINGVALE
REPRESENTATIVE IN CONGRESS DISTRICT 6,WRITE-IN TOTALS,0,TOWN OF SPRINGVALE,COLUMBIA,T,SPRINGVALE
STATE SENATOR DISTRICT 14,DEM SARAH KEYESKI,142,TOWN OF SPRINGVALE,COLUMBIA,T,SPRINGVALE
STATE SENATOR DISTRICT 14,REP JOAN A. BALLWEG,182,TOWN OF SPRINGVALE,COLUMBIA,T,SPRINGVALE
STATE SENATOR DISTRICT 14,WRITE-IN TOTALS,2,TOWN OF SPRINGVALE,COLUMBIA,T,SPRINGVALE
REPRESENTATIVE TO THE ASSEMBLY DISTRICT 42,DEM MAUREEN MCCARVILLE,141,TOWN OF SPRINGVALE,COLUMBIA,T,SPRINGVALE
REPRESENTATIVE TO THE ASSEMBLY DISTRICT 42,REP REBECCA WITHERSPOON,176,TOWN OF SPRINGVALE,COLUMBIA,T,SPRINGVALE
REPRESENTATIVE TO THE ASSEMBLY DISTRICT 42,WRITE-IN TOTALS,1,TOWN OF SPRINGVALE,COLUMBIA,T,SPRINGVALE
REPRESENTATIVE TO THE ASSEMBLY DISTRICT 42,PRECINCT UNOFFICIAL RESULTS REPORT - 11/05/2024 09:29PM PAGE 28 OF,43,TOWN OF SPRINGVALE,COLUMBIA,T,SPRINGVALE
DISTRICT ATTORNEY COLUMBIA,DEM BRENDA L. YASKAL,201,TOWN OF SPRINGVALE,COLUMBIA,T,SPRINGVALE
DISTRICT ATTORNEY COLUMBIA,WRITE-IN TOTALS,14,TOWN OF SPRINGVALE,COLUMBIA,T,SPRINGVALE
COUNTY CLERK COLUMBIA,REP SUE MOLL,259,TOWN OF SPRINGVALE,COLUMBIA,T,SPRINGVALE
COUNTY CLERK COLUMBIA,WRITE-IN TOTALS,6,TOWN OF SPRINGVALE,COLUMBIA,T,SPRINGVALE
COUNTY TREASURER COLUMBIA,REP STACY L. OPALEWSKI,254,TOWN OF SPRINGVALE,COLUMBIA,T,SPRINGVALE
COUNTY TREASURER COLUMBIA,WRITE-IN TOTALS,5,TOWN OF SPRINGVALE,COLUMBIA,T,SPRINGVALE
REGISTER OF DEEDS COLUMBIA,REP CHRISTINE M. CLARK,250,TOWN OF SPRINGVALE,COLUMBIA,T,SPRINGVALE
REGISTER OF DEEDS COLUMBIA,WRITE-IN TOTALS,4,TOWN OF SPRINGVALE,COLUMBIA,T,SPRINGVALE
STATE REFERENDUM QUESTION 1,YES,244,TOWN OF SPRINGVALE,COLUMBIA,T,SPRINGVALE
STATE REFERENDUM QUESTION 1,NO,71,TOWN OF SPRINGVALE,COLUMBIA,T,SPRINGVALE
RIO SD REF QUESTION RIO COMMUNITY SCHOOL DISTRICT,YES,83,TOWN OF SPRINGVALE,COLUMBIA,T,SPRINGVALE
RIO SD REF QUESTION RIO COMMUNITY SCHOOL DISTRICT,NO,64,TOWN OF SPRINGVALE,COLUMBIA,T,SPRINGVALE
RIO SD REF QUESTION RIO COMMUNITY SCHOOL DISTRICT,PRECINCT UNOFFICIAL RESULTS REPORT - 11/05/2024 09:29PM PAGE 29 OF,43,TOWN OF SPRINGVALE,COLUMBIA,T,SPRINGVALE
PRESIDENT / VICE PRESIDENT,DEM KAMALA D. HARRIS / TIM WALZ,240,VILLAGE OF ARLINGTON,COLUMBIA,V,ARLINGTON
PRESIDENT / VICE PRESIDENT,REP DONALD J. TRUMP / JD VANCE,271,VILLAGE OF ARLINGTON,COLUMBIA,V,ARLINGTON
PRESIDENT / VICE PRESIDENT,CON RANDALL TERRY / STEPHEN BRODEN,0,VILLAGE OF ARLINGTON,COLUMBIA,V,ARLINGTON
PRESIDENT / VICE PRESIDENT,LIB CHASE RUSSELL OLIVER / MIKE TER MAAT,2,VILLAGE OF ARLINGTON,COLUMBIA,V,ARLINGTON
PRESIDENT / VICE PRESIDENT,WGR JILL STEIN / RUDOLPH WARE,0,VILLAGE OF ARLINGTON,COLUMBIA,V,ARLINGTON
PRESIDENT / VICE PRESIDENT,IND CLAUDIA DE LA CRUZ / KARINA GARCIA,0,VILLAGE OF ARLINGTON,COLUMBIA,V,ARLINGTON
PRESIDENT / VICE PRESIDENT,IND CORNEL WEST / MELINA ABDULLAH,1,VILLAGE OF ARLINGTON,COLUMBIA,V,ARLINGTON
PRESIDENT / VICE PRESIDENT,"IND ROBERT F. KENNEDY, JR. / NICOLE SHANAHAN",4,VILLAGE OF ARLINGTON,COLUMBIA,V,ARLINGTON
PRESIDENT / VICE PRESIDENT,WRITE-IN TOTALS,2,VILLAGE OF ARLINGTON,COLUMBIA,V,ARLINGTON
UNITED STATES SENATOR,DEM TAMMY BALDWIN,244,VILLAGE OF ARLINGTON,COLUMBIA,V,ARLINGTON
UNITED STATES SENATOR,REP ERIC HOVDE,258,VILLAGE OF ARLINGTON,COLUMBIA,V,ARLINGTON
UNITED STATES SENATOR,IND PHIL ANDERSON,7,VILLAGE OF ARLINGTON,COLUMBIA,V,ARLINGTON
UNITED STATES SENATOR,IND THOMAS LEAGER,5,VILLAGE OF ARLINGTON,COLUMBIA,V,ARLINGTON
UNITED STATES SENATOR,WRITE-IN TOTALS,0,VILLAGE OF ARLINGTON,COLUMBIA,V,ARLINGTON
REPRESENTATIVE IN CONGRESS DISTRICT 6,DEM JOHN ZARBANO,221,VILLAGE OF ARLINGTON,COLUMBIA,V,ARLINGTON
REPRESENTATIVE IN CONGRESS DISTRICT 6,REP GLENN GROTHMAN,270,VILLAGE OF ARLINGTON,COLUMBIA,V,ARLINGTON
REPRESENTATIVE IN CONGRESS DISTRICT 6,WRITE-IN TOTALS,2,VILLAGE OF ARLINGTON,COLUMBIA,V,ARLINGTON
STATE SENATOR DISTRICT 14,DEM SARAH KEYESKI,227,VILLAGE OF ARLINGTON,COLUMBIA,V,ARLINGTON
STATE SENATOR DISTRICT 14,REP JOAN A. BALLWEG,273,VILLAGE OF ARLINGTON,COLUMBIA,V,ARLINGTON
STATE SENATOR DISTRICT 14,WRITE-IN TOTALS,1,VILLAGE OF ARLINGTON,COLUMBIA,V,ARLINGTON
REPRESENTATIVE TO THE ASSEMBLY DISTRICT 42,DEM MAUREEN MCCARVILLE,222,VILLAGE OF ARLINGTON,COLUMBIA,V,ARLINGTON
REPRESENTATIVE TO THE ASSEMBLY DISTRICT 42,REP REBECCA WITHERSPOON,278,VILLAGE OF ARLINGTON,COLUMBIA,V,ARLINGTON
REPRESENTATIVE TO THE ASSEMBLY DISTRICT 42,WRITE-IN TOTALS,0,VILLAGE OF ARLINGTON,COLUMBIA,V,ARLINGTON
REPRESENTATIVE TO THE ASSEMBLY DISTRICT 42,PRECINCT UNOFFICIAL RESULTS REPORT - 11/05/2024 09:29PM PAGE 30 OF,43,VILLAGE OF ARLINGTON,COLUMBIA,V,ARLINGTON
DISTRICT ATTORNEY COLUMBIA,DEM BRENDA L. YASKAL,349,VILLAGE OF ARLINGTON,COLUMBIA,V,ARLINGTON
DISTRICT ATTORNEY COLUMBIA,WRITE-IN TOTALS,17,VILLAGE OF ARLINGTON,COLUMBIA,V,ARLINGTON
COUNTY CLERK COLUMBIA,REP SUE MOLL,403,VILLAGE OF ARLINGTON,COLUMBIA,V,ARLINGTON
COUNTY CLERK COLUMBIA,WRITE-IN TOTALS,6,VILLAGE OF ARLINGTON,COLUMBIA,V,ARLINGTON
COUNTY TREASURER COLUMBIA,REP STACY L. OPALEWSKI,390,VILLAGE OF ARLINGTON,COLUMBIA,V,ARLINGTON
COUNTY TREASURER COLUMBIA,WRITE-IN TOTALS,3,VILLAGE OF ARLINGTON,COLUMBIA,V,ARLINGTON
REGISTER OF DEEDS COLUMBIA,REP CHRISTINE M. CLARK,390,VILLAGE OF ARLINGTON,COLUMBIA,V,ARLINGTON
REGISTER OF DEEDS COLUMBIA,WRITE-IN TOTALS,2,VILLAGE OF ARLINGTON,COLUMBIA,V,ARLINGTON
STATE REFERENDUM QUESTION 1,YES,377,VILLAGE OF ARLINGTON,COLUMBIA,V,ARLINGTON
STATE REFERENDUM QUESTION 1,NO,123,VILLAGE OF ARLINGTON,COLUMBIA,V,ARLINGTON
STATE REFERENDUM QUESTION 1,PRECINCT UNOFFICIAL RESULTS REPORT - 11/05/2024 09:29PM PAGE 31 OF,43,VILLAGE OF ARLINGTON,COLUMBIA,V,ARLINGTON
PRESIDENT / VICE PRESIDENT,DEM KAMALA D. HARRIS / TIM WALZ,55,VILLAGE OF FRIESLAND,COLUMBIA,V,FRIESLAND
PRESIDENT / VICE PRESIDENT,REP DONALD J. TRUMP / JD VANCE,136,VILLAGE OF FRIESLAND,COLUMBIA,V,FRIESLAND
PRESIDENT / VICE PRESIDENT,CON RANDALL TERRY / STEPHEN BRODEN,0,VILLAGE OF FRIESLAND,COLUMBIA,V,FRIESLAND
PRESIDENT / VICE PRESIDENT,LIB CHASE RUSSELL OLIVER / MIKE TER MAAT,0,VILLAGE OF FRIESLAND,COLUMBIA,V,FRIESLAND
PRESIDENT / VICE PRESIDENT,WGR JILL STEIN / RUDOLPH WARE,0,VILLAGE OF FRIESLAND,COLUMBIA,V,FRIESLAND
PRESIDENT / VICE PRESIDENT,IND CLAUDIA DE LA CRUZ / KARINA GARCIA,0,VILLAGE OF FRIESLAND,COLUMBIA,V,FRIESLAND
PRESIDENT / VICE PRESIDENT,IND CORNEL WEST / MELINA ABDULLAH,0,VILLAGE OF FRIESLAND,COLUMBIA,V,FRIESLAND
PRESIDENT / VICE PRESIDENT,"IND ROBERT F. KENNEDY, JR. / NICOLE SHANAHAN",1,VILLAGE OF FRIESLAND,COLUMBIA,V,FRIESLAND
PRESIDENT / VICE PRESIDENT,WRITE-IN TOTALS,0,VILLAGE OF FRIESLAND,COLUMBIA,V,FRIESLAND
UNITED STATES SENATOR,DEM TAMMY BALDWIN,52,VILLAGE OF FRIESLAND,COLUMBIA,V,FRIESLAND
UNITED STATES SENATOR,REP ERIC HOVDE,136,VILLAGE OF FRIESLAND,COLUMBIA,V,FRIESLAND
UNITED STATES SENATOR,IND PHIL ANDERSON,2,VILLAGE OF FRIESLAND,COLUMBIA,V,FRIESLAND
UNITED STATES SENATOR,IND THOMAS LEAGER,2,VILLAGE OF FRIESLAND,COLUMBIA,V,FRIESLAND
UNITED STATES SENATOR,WRITE-IN TOTALS,0,VILLAGE OF FRIESLAND,COLUMBIA,V,FRIESLAND
REPRESENTATIVE IN CONGRESS DISTRICT 6,DEM JOHN ZARBANO,52,VILLAGE OF FRIESLAND,COLUMBIA,V,FRIESLAND
REPRESENTATIVE IN CONGRESS DISTRICT 6,REP GLENN GROTHMAN,139,VILLAGE OF FRIESLAND,COLUMBIA,V,FRIESLAND
REPRESENTATIVE IN CONGRESS DISTRICT 6,WRITE-IN TOTALS,0,VILLAGE OF FRIESLAND,COLUMBIA,V,FRIESLAND
REPRESENTATIVE TO THE ASSEMBLY DISTRICT 39,DEM CHRIS GORDON,51,VILLAGE OF FRIESLAND,COLUMBIA,V,FRIESLAND
REPRESENTATIVE TO THE ASSEMBLY DISTRICT 39,REP ALEX DALLMAN,137,VILLAGE OF FRIESLAND,COLUMBIA,V,FRIESLAND
REPRESENTATIVE TO THE ASSEMBLY DISTRICT 39,WRITE-IN TOTALS,0,VILLAGE OF FRIESLAND,COLUMBIA,V,FRIESLAND
DISTRICT ATTORNEY COLUMBIA,DEM BRENDA L. YASKAL,103,VILLAGE OF FRIESLAND,COLUMBIA,V,FRIESLAND
DISTRICT ATTORNEY COLUMBIA,WRITE-IN TOTALS,7,VILLAGE OF FRIESLAND,COLUMBIA,V,FRIESLAND
DISTRICT ATTORNEY COLUMBIA,PRECINCT UNOFFICIAL RESULTS REPORT - 11/05/2024 09:29PM PAGE 32 OF,43,VILLAGE OF FRIESLAND,COLUMBIA,V,FRIESLAND
COUNTY CLERK COLUMBIA,REP SUE MOLL,178,VILLAGE OF FRIESLAND,COLUMBIA,V,FRIESLAND
COUNTY CLERK COLUMBIA,WRITE-IN TOTALS,1,VILLAGE OF FRIESLAND,COLUMBIA,V,FRIESLAND
COUNTY TREASURER COLUMBIA,REP STACY L. OPALEWSKI,177,VILLAGE OF FRIESLAND,COLUMBIA,V,FRIESLAND
COUNTY TREASURER COLUMBIA,WRITE-IN TOTALS,0,VILLAGE OF FRIESLAND,COLUMBIA,V,FRIESLAND
REGISTER OF DEEDS COLUMBIA,REP CHRISTINE M. CLARK,173,VILLAGE OF FRIESLAND,COLUMBIA,V,FRIESLAND
REGISTER OF DEEDS COLUMBIA,WRITE-IN TOTALS,0,VILLAGE OF FRIESLAND,COLUMBIA,V,FRIESLAND
STATE REFERENDUM QUESTION 1,YES,154,VILLAGE OF FRIESLAND,COLUMBIA,V,FRIESLAND
STATE REFERENDUM QUESTION 1,NO,27,VILLAGE OF FRIESLAND,COLUMBIA,V,FRIESLAND
STATE REFERENDUM QUESTION 1,PRECINCT UNOFFICIAL RESULTS REPORT - 11/05/2024 09:29PM PAGE 33 OF,43,VILLAGE OF FRIESLAND,COLUMBIA,V,FRIESLAND
PRESIDENT / VICE PRESIDENT,DEM KAMALA D. HARRIS / TIM WALZ,504,VILLAGE OF PARDEEVILLE,COLUMBIA,V,PARDEEVILLE
PRESIDENT / VICE PRESIDENT,REP DONALD J. TRUMP / JD VANCE,661,VILLAGE OF PARDEEVILLE,COLUMBIA,V,PARDEEVILLE
PRESIDENT / VICE PRESIDENT,CON RANDALL TERRY / STEPHEN BRODEN,2,VILLAGE OF PARDEEVILLE,COLUMBIA,V,PARDEEVILLE
PRESIDENT / VICE PRESIDENT,LIB CHASE RUSSELL OLIVER / MIKE TER MAAT,3,VILLAGE OF PARDEEVILLE,COLUMBIA,V,PARDEEVILLE
PRESIDENT / VICE PRESIDENT,WGR JILL STEIN / RUDOLPH WARE,2,VILLAGE OF PARDEEVILLE,COLUMBIA,V,PARDEEVILLE
PRESIDENT / VICE PRESIDENT,IND CLAUDIA DE LA CRUZ / KARINA GARCIA,2,VILLAGE OF PARDEEVILLE,COLUMBIA,V,PARDEEVILLE
PRESIDENT / VICE PRESIDENT,IND CORNEL WEST / MELINA ABDULLAH,0,VILLAGE OF PARDEEVILLE,COLUMBIA,V,PARDEEVILLE
PRESIDENT / VICE PRESIDENT,"IND ROBERT F. KENNEDY, JR. / NICOLE SHANAHAN",3,VILLAGE OF PARDEEVILLE,COLUMBIA,V,PARDEEVILLE
PRESIDENT / VICE PRESIDENT,WRITE-IN TOTALS,2,VILLAGE OF PARDEEVILLE,COLUMBIA,V,PARDEEVILLE
UNITED STATES SENATOR,DEM TAMMY BALDWIN,526,VILLAGE OF PARDEEVILLE,COLUMBIA,V,PARDEEVILLE
UNITED STATES SENATOR,REP ERIC HOVDE,609,VILLAGE OF PARDEEVILLE,COLUMBIA,V,PARDEEVILLE
UNITED STATES SENATOR,IND PHIL ANDERSON,21,VILLAGE OF PARDEEVILLE,COLUMBIA,V,PARDEEVILLE
UNITED STATES SENATOR,IND THOMAS LEAGER,10,VILLAGE OF PARDEEVILLE,COLUMBIA,V,PARDEEVILLE
UNITED STATES SENATOR,WRITE-IN TOTALS,2,VILLAGE OF PARDEEVILLE,COLUMBIA,V,PARDEEVILLE
REPRESENTATIVE IN CONGRESS DISTRICT 6,DEM JOHN ZARBANO,453,VILLAGE OF PARDEEVILLE,COLUMBIA,V,PARDEEVILLE
REPRESENTATIVE IN CONGRESS DISTRICT 6,REP GLENN GROTHMAN,660,VILLAGE OF PARDEEVILLE,COLUMBIA,V,PARDEEVILLE
REPRESENTATIVE IN CONGRESS DISTRICT 6,WRITE-IN TOTALS,2,VILLAGE OF PARDEEVILLE,COLUMBIA,V,PARDEEVILLE
STATE SENATOR DISTRICT 14,DEM SARAH KEYESKI,498,VILLAGE OF PARDEEVILLE,COLUMBIA,V,PARDEEVILLE
STATE SENATOR DISTRICT 14,REP JOAN A. BALLWEG,647,VILLAGE OF PARDEEVILLE,COLUMBIA,V,PARDEEVILLE
STATE SENATOR DISTRICT 14,WRITE-IN TOTALS,4,VILLAGE OF PARDEEVILLE,COLUMBIA,V,PARDEEVILLE
REPRESENTATIVE TO THE ASSEMBLY DISTRICT 40,DEM KAREN DESANTO,502,VILLAGE OF PARDEEVILLE,COLUMBIA,V,PARDEEVILLE
REPRESENTATIVE TO THE ASSEMBLY DISTRICT 40,REP JERRY HELMER,617,VILLAGE OF PARDEEVILLE,COLUMBIA,V,PARDEEVILLE
REPRESENTATIVE TO THE ASSEMBLY DISTRICT 40,WRITE-IN TOTALS,3,VILLAGE OF PARDEEVILLE,COLUMBIA,V,PARDEEVILLE
REPRESENTATIVE TO THE ASSEMBLY DISTRICT 40,PRECINCT UNOFFICIAL RESULTS REPORT - 11/05/2024 09:29PM PAGE 34 OF,43,VILLAGE OF PARDEEVILLE,COLUMBIA,V,PARDEEVILLE
DISTRICT ATTORNEY COLUMBIA,DEM BRENDA L. YASKAL,772,VILLAGE OF PARDEEVILLE,COLUMBIA,V,PARDEEVILLE
DISTRICT ATTORNEY COLUMBIA,WRITE-IN TOTALS,44,VILLAGE OF PARDEEVILLE,COLUMBIA,V,PARDEEVILLE
COUNTY CLERK COLUMBIA,REP SUE MOLL,893,VILLAGE OF PARDEEVILLE,COLUMBIA,V,PARDEEVILLE
COUNTY CLERK COLUMBIA,WRITE-IN TOTALS,19,VILLAGE OF PARDEEVILLE,COLUMBIA,V,PARDEEVILLE
COUNTY TREASURER COLUMBIA,REP STACY L. OPALEWSKI,875,VILLAGE OF PARDEEVILLE,COLUMBIA,V,PARDEEVILLE
COUNTY TREASURER COLUMBIA,WRITE-IN TOTALS,16,VILLAGE OF PARDEEVILLE,COLUMBIA,V,PARDEEVILLE
REGISTER OF DEEDS COLUMBIA,REP CHRISTINE M. CLARK,869,VILLAGE OF PARDEEVILLE,COLUMBIA,V,PARDEEVILLE
REGISTER OF DEEDS COLUMBIA,WRITE-IN TOTALS,16,VILLAGE OF PARDEEVILLE,COLUMBIA,V,PARDEEVILLE
STATE REFERENDUM QUESTION 1,YES,834,VILLAGE OF PARDEEVILLE,COLUMBIA,V,PARDEEVILLE
STATE REFERENDUM QUESTION 1,NO,243,VILLAGE OF PARDEEVILLE,COLUMBIA,V,PARDEEVILLE
STATE REFERENDUM QUESTION 1,PRECINCT UNOFFICIAL RESULTS REPORT - 11/05/2024 09:29PM PAGE 35 OF,43,VILLAGE OF PARDEEVILLE,COLUMBIA,V,PARDEEVILLE
PRESIDENT / VICE PRESIDENT,DEM KAMALA D. HARRIS / TIM WALZ,745,VILLAGE OF POYNETTE,COLUMBIA,V,POYNETTE
PRESIDENT / VICE PRESIDENT,REP DONALD J. TRUMP / JD VANCE,745,VILLAGE OF POYNETTE,COLUMBIA,V,POYNETTE
PRESIDENT / VICE PRESIDENT,CON RANDALL TERRY / STEPHEN BRODEN,1,VILLAGE OF POYNETTE,COLUMBIA,V,POYNETTE
PRESIDENT / VICE PRESIDENT,LIB CHASE RUSSELL OLIVER / MIKE TER MAAT,8,VILLAGE OF POYNETTE,COLUMBIA,V,POYNETTE
PRESIDENT / VICE PRESIDENT,WGR JILL STEIN / RUDOLPH WARE,4,VILLAGE OF POYNETTE,COLUMBIA,V,POYNETTE
PRESIDENT / VICE PRESIDENT,IND CLAUDIA DE LA CRUZ / KARINA GARCIA,0,VILLAGE OF POYNETTE,COLUMBIA,V,POYNETTE
PRESIDENT / VICE PRESIDENT,IND CORNEL WEST / MELINA ABDULLAH,2,VILLAGE OF POYNETTE,COLUMBIA,V,POYNETTE
PRESIDENT / VICE PRESIDENT,"IND ROBERT F. KENNEDY, JR. / NICOLE SHANAHAN",9,VILLAGE OF POYNETTE,COLUMBIA,V,POYNETTE
PRESIDENT / VICE PRESIDENT,WRITE-IN TOTALS,2,VILLAGE OF POYNETTE,COLUMBIA,V,POYNETTE
UNITED STATES SENATOR,DEM TAMMY BALDWIN,755,VILLAGE OF POYNETTE,COLUMBIA,V,POYNETTE
UNITED STATES SENATOR,REP ERIC HOVDE,714,VILLAGE OF POYNETTE,COLUMBIA,V,POYNETTE
UNITED STATES SENATOR,IND PHIL ANDERSON,22,VILLAGE OF POYNETTE,COLUMBIA,V,POYNETTE
UNITED STATES SENATOR,IND THOMAS LEAGER,15,VILLAGE OF POYNETTE,COLUMBIA,V,POYNETTE
UNITED STATES SENATOR,WRITE-IN TOTALS,2,VILLAGE OF POYNETTE,COLUMBIA,V,POYNETTE
REPRESENTATIVE IN CONGRESS DISTRICT 6,DEM JOHN ZARBANO,705,VILLAGE OF POYNETTE,COLUMBIA,V,POYNETTE
REPRESENTATIVE IN CONGRESS DISTRICT 6,REP GLENN GROTHMAN,730,VILLAGE OF POYNETTE,COLUMBIA,V,POYNETTE
REPRESENTATIVE IN CONGRESS DISTRICT 6,WRITE-IN TOTALS,5,VILLAGE OF POYNETTE,COLUMBIA,V,POYNETTE
STATE SENATOR DISTRICT 14,DEM SARAH KEYESKI,743,VILLAGE OF POYNETTE,COLUMBIA,V,POYNETTE
STATE SENATOR DISTRICT 14,REP JOAN A. BALLWEG,738,VILLAGE OF POYNETTE,COLUMBIA,V,POYNETTE
STATE SENATOR DISTRICT 14,WRITE-IN TOTALS,1,VILLAGE OF POYNETTE,COLUMBIA,V,POYNETTE
REPRESENTATIVE TO THE ASSEMBLY DISTRICT 42,DEM MAUREEN MCCARVILLE,699,VILLAGE OF POYNETTE,COLUMBIA,V,POYNETTE
REPRESENTATIVE TO THE ASSEMBLY DISTRICT 42,REP REBECCA WITHERSPOON,748,VILLAGE OF POYNETTE,COLUMBIA,V,POYNETTE
REPRESENTATIVE TO THE ASSEMBLY DISTRICT 42,WRITE-IN TOTALS,0,VILLAGE OF POYNETTE,COLUMBIA,V,POYNETTE
REPRESENTATIVE TO THE ASSEMBLY DISTRICT 42,PRECINCT UNOFFICIAL RESULTS REPORT - 11/05/2024 09:29PM PAGE 36 OF,43,VILLAGE OF POYNETTE,COLUMBIA,V,POYNETTE
DISTRICT ATTORNEY COLUMBIA,DEM BRENDA L. YASKAL,1026,VILLAGE OF POYNETTE,COLUMBIA,V,POYNETTE
DISTRICT ATTORNEY COLUMBIA,WRITE-IN TOTALS,41,VILLAGE OF POYNETTE,COLUMBIA,V,POYNETTE
COUNTY CLERK COLUMBIA,REP SUE MOLL,1148,VILLAGE OF POYNETTE,COLUMBIA,V,POYNETTE
COUNTY CLERK COLUMBIA,WRITE-IN TOTALS,21,VILLAGE OF POYNETTE,COLUMBIA,V,POYNETTE
COUNTY TREASURER COLUMBIA,REP STACY L. OPALEWSKI,1116,VILLAGE OF POYNETTE,COLUMBIA,V,POYNETTE
COUNTY TREASURER COLUMBIA,WRITE-IN TOTALS,17,VILLAGE OF POYNETTE,COLUMBIA,V,POYNETTE
REGISTER OF DEEDS COLUMBIA,REP CHRISTINE M. CLARK,1119,VILLAGE OF POYNETTE,COLUMBIA,V,POYNETTE
REGISTER OF DEEDS COLUMBIA,WRITE-IN TOTALS,17,VILLAGE OF POYNETTE,COLUMBIA,V,POYNETTE
STATE REFERENDUM QUESTION 1,YES,1009,VILLAGE OF POYNETTE,COLUMBIA,V,POYNETTE
STATE REFERENDUM QUESTION 1,NO,428,VILLAGE OF POYNETTE,COLUMBIA,V,POYNETTE
STATE REFERENDUM QUESTION 1,PRECINCT UNOFFICIAL RESULTS REPORT - 11/05/2024 09:29PM PAGE 37 OF,43,VILLAGE OF POYNETTE,COLUMBIA,V,POYNETTE
PRESIDENT / VICE PRESIDENT,DEM KAMALA D. HARRIS / TIM WALZ,321,VILLAGE OF RIO,COLUMBIA,V,RIO
PRESIDENT / VICE PRESIDENT,REP DONALD J. TRUMP / JD VANCE,321,VILLAGE OF RIO,COLUMBIA,V,RIO
PRESIDENT / VICE PRESIDENT,CON RANDALL TERRY / STEPHEN BRODEN,0,VILLAGE OF RIO,COLUMBIA,V,RIO
PRESIDENT / VICE PRESIDENT,LIB CHASE RUSSELL OLIVER / MIKE TER MAAT,0,VILLAGE OF RIO,COLUMBIA,V,RIO
PRESIDENT / VICE PRESIDENT,WGR JILL STEIN / RUDOLPH WARE,2,VILLAGE OF RIO,COLUMBIA,V,RIO
PRESIDENT / VICE PRESIDENT,IND CLAUDIA DE LA CRUZ / KARINA GARCIA,0,VILLAGE OF RIO,COLUMBIA,V,RIO
PRESIDENT / VICE PRESIDENT,IND CORNEL WEST / MELINA ABDULLAH,1,VILLAGE OF RIO,COLUMBIA,V,RIO
PRESIDENT / VICE PRESIDENT,"IND ROBERT F. KENNEDY, JR. / NICOLE SHANAHAN",2,VILLAGE OF RIO,COLUMBIA,V,RIO
PRESIDENT / VICE PRESIDENT,WRITE-IN TOTALS,1,VILLAGE OF RIO,COLUMBIA,V,RIO
UNITED STATES SENATOR,DEM TAMMY BALDWIN,344,VILLAGE OF RIO,COLUMBIA,V,RIO
UNITED STATES SENATOR,REP ERIC HOVDE,283,VILLAGE OF RIO,COLUMBIA,V,RIO
UNITED STATES SENATOR,IND PHIL ANDERSON,9,VILLAGE OF RIO,COLUMBIA,V,RIO
UNITED STATES SENATOR,IND THOMAS LEAGER,4,VILLAGE OF RIO,COLUMBIA,V,RIO
UNITED STATES SENATOR,WRITE-IN TOTALS,0,VILLAGE OF RIO,COLUMBIA,V,RIO
REPRESENTATIVE IN CONGRESS DISTRICT 6,DEM JOHN ZARBANO,303,VILLAGE OF RIO,COLUMBIA,V,RIO
REPRESENTATIVE IN CONGRESS DISTRICT 6,REP GLENN GROTHMAN,306,VILLAGE OF RIO,COLUMBIA,V,RIO
REPRESENTATIVE IN CONGRESS DISTRICT 6,WRITE-IN TOTALS,1,VILLAGE OF RIO,COLUMBIA,V,RIO
STATE SENATOR DISTRICT 14,DEM SARAH KEYESKI,326,VILLAGE OF RIO,COLUMBIA,V,RIO
STATE SENATOR DISTRICT 14,REP JOAN A. BALLWEG,298,VILLAGE OF RIO,COLUMBIA,V,RIO
STATE SENATOR DISTRICT 14,WRITE-IN TOTALS,3,VILLAGE OF RIO,COLUMBIA,V,RIO
REPRESENTATIVE TO THE ASSEMBLY DISTRICT 42,DEM MAUREEN MCCARVILLE,300,VILLAGE OF RIO,COLUMBIA,V,RIO
REPRESENTATIVE TO THE ASSEMBLY DISTRICT 42,REP REBECCA WITHERSPOON,315,VILLAGE OF RIO,COLUMBIA,V,RIO
REPRESENTATIVE TO THE ASSEMBLY DISTRICT 42,WRITE-IN TOTALS,1,VILLAGE OF RIO,COLUMBIA,V,RIO
REPRESENTATIVE TO THE ASSEMBLY DISTRICT 42,PRECINCT UNOFFICIAL RESULTS REPORT - 11/05/2024 09:29PM PAGE 38 OF,43,VILLAGE OF RIO,COLUMBIA,V,RIO
DISTRICT ATTORNEY COLUMBIA,DEM BRENDA L. YASKAL,438,VILLAGE OF RIO,COLUMBIA,V,RIO
DISTRICT ATTORNEY COLUMBIA,WRITE-IN TOTALS,25,VILLAGE OF RIO,COLUMBIA,V,RIO
COUNTY CLERK COLUMBIA,REP SUE MOLL,503,VILLAGE OF RIO,COLUMBIA,V,RIO
COUNTY CLERK COLUMBIA,WRITE-IN TOTALS,3,VILLAGE OF RIO,COLUMBIA,V,RIO
COUNTY TREASURER COLUMBIA,REP STACY L. OPALEWSKI,498,VILLAGE OF RIO,COLUMBIA,V,RIO
COUNTY TREASURER COLUMBIA,WRITE-IN TOTALS,2,VILLAGE OF RIO,COLUMBIA,V,RIO
REGISTER OF DEEDS COLUMBIA,REP CHRISTINE M. CLARK,499,VILLAGE OF RIO,COLUMBIA,V,RIO
REGISTER OF DEEDS COLUMBIA,WRITE-IN TOTALS,2,VILLAGE OF RIO,COLUMBIA,V,RIO
STATE REFERENDUM QUESTION 1,YES,446,VILLAGE OF RIO,COLUMBIA,V,RIO
STATE REFERENDUM QUESTION 1,NO,166,VILLAGE OF RIO,COLUMBIA,V,RIO
RIO SD REF QUESTION RIO COMMUNITY SCHOOL DISTRICT,YES,371,VILLAGE OF RIO,COLUMBIA,V,RIO
RIO SD REF QUESTION RIO COMMUNITY SCHOOL DISTRICT,NO,264,VILLAGE OF RIO,COLUMBIA,V,RIO
RIO SD REF QUESTION RIO COMMUNITY SCHOOL DISTRICT,PRECINCT UNOFFICIAL RESULTS REPORT - 11/05/2024 09:29PM PAGE 39 OF,43,VILLAGE OF RIO,COLUMBIA,V,RIO
PRESIDENT / VICE PRESIDENT,DEM KAMALA D. HARRIS / TIM WALZ,157,VILLAGE OF WYOCENA,COLUMBIA,V,WYOCENA
PRESIDENT / VICE PRESIDENT,REP DONALD J. TRUMP / JD VANCE,209,VILLAGE OF WYOCENA,COLUMBIA,V,WYOCENA
PRESIDENT / VICE PRESIDENT,CON RANDALL TERRY / STEPHEN BRODEN,2,VILLAGE OF WYOCENA,COLUMBIA,V,WYOCENA
PRESIDENT / VICE PRESIDENT,LIB CHASE RUSSELL OLIVER / MIKE TER MAAT,0,VILLAGE OF WYOCENA,COLUMBIA,V,WYOCENA
PRESIDENT / VICE PRESIDENT,WGR JILL STEIN / RUDOLPH WARE,0,VILLAGE OF WYOCENA,COLUMBIA,V,WYOCENA
PRESIDENT / VICE PRESIDENT,IND CLAUDIA DE LA CRUZ / KARINA GARCIA,0,VILLAGE OF WYOCENA,COLUMBIA,V,WYOCENA
PRESIDENT / VICE PRESIDENT,IND CORNEL WEST / MELINA ABDULLAH,0,VILLAGE OF WYOCENA,COLUMBIA,V,WYOCENA
PRESIDENT / VICE PRESIDENT,"IND ROBERT F. KENNEDY, JR. / NICOLE SHANAHAN",2,VILLAGE OF WYOCENA,COLUMBIA,V,WYOCENA
PRESIDENT / VICE PRESIDENT,WRITE-IN TOTALS,0,VILLAGE OF WYOCENA,COLUMBIA,V,WYOCENA
UNITED STATES SENATOR,DEM TAMMY BALDWIN,163,VILLAGE OF WYOCENA,COLUMBIA,V,WYOCENA
UNITED STATES SENATOR,REP ERIC HOVDE,192,VILLAGE OF WYOCENA,COLUMBIA,V,WYOCENA
UNITED STATES SENATOR,IND PHIL ANDERSON,5,VILLAGE OF WYOCENA,COLUMBIA,V,WYOCENA
UNITED STATES SENATOR,IND THOMAS LEAGER,5,VILLAGE OF WYOCENA,COLUMBIA,V,WYOCENA
UNITED STATES SENATOR,WRITE-IN TOTALS,0,VILLAGE OF WYOCENA,COLUMBIA,V,WYOCENA
REPRESENTATIVE IN CONGRESS DISTRICT 6,DEM JOHN ZARBANO,141,VILLAGE OF WYOCENA,COLUMBIA,V,WYOCENA
REPRESENTATIVE IN CONGRESS DISTRICT 6,REP GLENN GROTHMAN,207,VILLAGE OF WYOCENA,COLUMBIA,V,WYOCENA
REPRESENTATIVE IN CONGRESS DISTRICT 6,WRITE-IN TOTALS,0,VILLAGE OF WYOCENA,COLUMBIA,V,WYOCENA
STATE SENATOR DISTRICT 14,DEM SARAH KEYESKI,157,VILLAGE OF WYOCENA,COLUMBIA,V,WYOCENA
STATE SENATOR DISTRICT 14,REP JOAN A. BALLWEG,202,VILLAGE OF WYOCENA,COLUMBIA,V,WYOCENA
STATE SENATOR DISTRICT 14,WRITE-IN TOTALS,0,VILLAGE OF WYOCENA,COLUMBIA,V,WYOCENA
REPRESENTATIVE TO THE ASSEMBLY DISTRICT 40,DEM KAREN DESANTO,160,VILLAGE OF WYOCENA,COLUMBIA,V,WYOCENA
REPRESENTATIVE TO THE ASSEMBLY DISTRICT 40,REP JERRY HELMER,189,VILLAGE OF WYOCENA,COLUMBIA,V,WYOCENA
REPRESENTATIVE TO THE ASSEMBLY DISTRICT 40,WRITE-IN TOTALS,0,VILLAGE OF WYOCENA,COLUMBIA,V,WYOCENA
REPRESENTATIVE TO THE ASSEMBLY DISTRICT 40,PRECINCT UNOFFICIAL RESULTS REPORT - 11/05/2024 09:29PM PAGE 40 OF,43,VILLAGE OF WYOCENA,COLUMBIA,V,WYOCENA
DISTRICT ATTORNEY COLUMBIA,DEM BRENDA L. YASKAL,228,VILLAGE OF WYOCENA,COLUMBIA,V,WYOCENA
DISTRICT ATTORNEY COLUMBIA,WRITE-IN TOTALS,11,VILLAGE OF WYOCENA,COLUMBIA,V,WYOCENA
COUNTY CLERK COLUMBIA,REP SUE MOLL,284,VILLAGE OF WYOCENA,COLUMBIA,V,WYOCENA
COUNTY CLERK COLUMBIA,WRITE-IN TOTALS,4,VILLAGE OF WYOCENA,COLUMBIA,V,WYOCENA
COUNTY TREASURER COLUMBIA,REP STACY L. OPALEWSKI,282,VILLAGE OF WYOCENA,COLUMBIA,V,WYOCENA
COUNTY TREASURER COLUMBIA,WRITE-IN TOTALS,4,VILLAGE OF WYOCENA,COLUMBIA,V,WYOCENA
REGISTER OF DEEDS COLUMBIA,REP CHRISTINE M. CLARK,280,VILLAGE OF WYOCENA,COLUMBIA,V,WYOCENA
REGISTER OF DEEDS COLUMBIA,WRITE-IN TOTALS,5,VILLAGE OF WYOCENA,COLUMBIA,V,WYOCENA
STATE REFERENDUM QUESTION 1,YES,242,VILLAGE OF WYOCENA,COLUMBIA,V,WYOCENA
STATE REFERENDUM QUESTION 1,NO,105,VILLAGE OF WYOCENA,COLUMBIA,V,WYOCENA
STATE REFERENDUM QUESTION 1,PRECINCT UNOFFICIAL RESULTS REPORT - 11/05/2024 09:29PM PAGE 41 OF,43,VILLAGE OF WYOCENA,COLUMBIA,V,WYOCENA
PRESIDENT / VICE PRESIDENT,DEM KAMALA D. HARRIS / TIM WALZ,1201,CITY OF LODI,COLUMBIA,C,LODI
PRESIDENT / VICE PRESIDENT,REP DONALD J. TRUMP / JD VANCE,841,CITY OF LODI,COLUMBIA,C,LODI
PRESIDENT / VICE PRESIDENT,CON RANDALL TERRY / STEPHEN BRODEN,3,CITY OF LODI,COLUMBIA,C,LODI
PRESIDENT / VICE PRESIDENT,LIB CHASE RUSSELL OLIVER / MIKE TER MAAT,5,CITY OF LODI,COLUMBIA,C,LODI
PRESIDENT / VICE PRESIDENT,WGR JILL STEIN / RUDOLPH WARE,10,CITY OF LODI,COLUMBIA,C,LODI
PRESIDENT / VICE PRESIDENT,IND CLAUDIA DE LA CRUZ / KARINA GARCIA,2,CITY OF LODI,COLUMBIA,C,LODI
PRESIDENT / VICE PRESIDENT,IND CORNEL WEST / MELINA ABDULLAH,0,CITY OF LODI,COLUMBIA,C,LODI
PRESIDENT / VICE PRESIDENT,"IND ROBERT F. KENNEDY, JR. / NICOLE SHANAHAN",14,CITY OF LODI,COLUMBIA,C,LODI
PRESIDENT / VICE PRESIDENT,WRITE-IN TOTALS,7,CITY OF LODI,COLUMBIA,C,LODI
UNITED STATES SENATOR,DEM TAMMY BALDWIN,1211,CITY OF LODI,COLUMBIA,C,LODI
UNITED STATES SENATOR,REP ERIC HOVDE,812,CITY OF LODI,COLUMBIA,C,LODI
UNITED STATES SENATOR,IND PHIL ANDERSON,25,CITY OF LODI,COLUMBIA,C,LODI
UNITED STATES SENATOR,IND THOMAS LEAGER,16,CITY OF LODI,COLUMBIA,C,LODI
UNITED STATES SENATOR,WRITE-IN TOTALS,1,CITY OF LODI,COLUMBIA,C,LODI
REPRESENTATIVE IN CONGRESS DISTRICT 6,DEM JOHN ZARBANO,1129,CITY OF LODI,COLUMBIA,C,LODI
REPRESENTATIVE IN CONGRESS DISTRICT 6,REP GLENN GROTHMAN,843,CITY OF LODI,COLUMBIA,C,LODI
REPRESENTATIVE IN CONGRESS DISTRICT 6,WRITE-IN TOTALS,2,CITY OF LODI,COLUMBIA,C,LODI
STATE SENATOR DISTRICT 14,DEM SARAH KEYESKI,1191,CITY OF LODI,COLUMBIA,C,LODI
STATE SENATOR DISTRICT 14,REP JOAN A. BALLWEG,831,CITY OF LODI,COLUMBIA,C,LODI
STATE SENATOR DISTRICT 14,WRITE-IN TOTALS,4,CITY OF LODI,COLUMBIA,C,LODI
REPRESENTATIVE TO THE ASSEMBLY DISTRICT 42,DEM MAUREEN MCCARVILLE,1125,CITY OF LODI,COLUMBIA,C,LODI
REPRESENTATIVE TO THE ASSEMBLY DISTRICT 42,REP REBECCA WITHERSPOON,849,CITY OF LODI,COLUMBIA,C,LODI
REPRESENTATIVE TO THE ASSEMBLY DISTRICT 42,WRITE-IN TOTALS,3,CITY OF LODI,COLUMBIA,C,LODI
REPRESENTATIVE TO THE ASSEMBLY DISTRICT 42,PRECINCT UNOFFICIAL RESULTS REPORT - 11/05/2024 09:29PM PAGE 42 OF,43,CITY OF LODI,COLUMBIA,C,LODI
DISTRICT ATTORNEY COLUMBIA,DEM BRENDA L. YASKAL,1435,CITY OF LODI,COLUMBIA,C,LODI
DISTRICT ATTORNEY COLUMBIA,WRITE-IN TOTALS,56,CITY OF LODI,COLUMBIA,C,LODI
COUNTY CLERK COLUMBIA,REP SUE MOLL,1383,CITY OF LODI,COLUMBIA,C,LODI
COUNTY CLERK COLUMBIA,WRITE-IN TOTALS,45,CITY OF LODI,COLUMBIA,C,LODI
COUNTY TREASURER COLUMBIA,REP STACY L. OPALEWSKI,1362,CITY OF LODI,COLUMBIA,C,LODI
COUNTY TREASURER COLUMBIA,WRITE-IN TOTALS,44,CITY OF LODI,COLUMBIA,C,LODI
REGISTER OF DEEDS COLUMBIA,REP CHRISTINE M. CLARK,1359,CITY OF LODI,COLUMBIA,C,LODI
REGISTER OF DEEDS COLUMBIA,WRITE-IN TOTALS,39,CITY OF LODI,COLUMBIA,C,LODI
STATE REFERENDUM QUESTION 1,YES,1189,CITY OF LODI,COLUMBIA,C,LODI
STATE REFERENDUM QUESTION 1,NO,747,CITY OF LODI,COLUMBIA,C,LODI
STATE REFERENDUM QUESTION 1,PRECINCT UNOFFICIAL RESULTS REPORT - 11/05/2024 09:29PM PAGE 43 OF,43,CITY OF LODI,COLUMBIA,C,LODI
