municipality,reporting_unit,contest,candidate,votes,county,ctv
ADAMS,TOWN OF ADAMS WARDS 1-3,PRESIDENT,KAMALA D. HARRIS TIM WALZ,351,JACKSON,T
ADAMS,TOWN OF ADAMS WARDS 1-3,PRESIDENT,DONALD J. TRUMP JD VANCE,541,JACKSON,T
ADAMS,TOWN OF ADAMS WARDS 1-3,PRESIDENT,RANDALL TERRY STEPHEN BRODEN,3,JACKSON,T
ADAMS,TOWN OF ADAMS WARDS 1-3,PRESIDENT,CHASE RUSSELL OLIVER MIKE TER MAAT,0,JACKSON,T
ADAMS,TOWN OF ADAMS WARDS 1-3,PRESIDENT,JILL STEIN RUDOLPH WARE,0,JACKSON,T
ADAMS,TOWN OF ADAMS WARDS 1-3,PRESIDENT,CLAUDIA DE LA CRUZ KARINA GARCIA,0,JACKSON,T
ADAMS,TOWN OF ADAMS WARDS 1-3,PRESIDENT,CORNEL WEST MELINA ABDULLAH,0,JACKSON,T
ADAMS,TOWN OF ADAMS WARDS 1-3,PRESIDENT,"ROBERT F. KENNEDY, JR. NICOLE SHANAHAN",4,JACKSON,T
ADAMS,TOWN OF ADAMS WARDS 1-3,PRESIDENT,PETER SONSKI LAUREN ONAK (WRITE-IN),0,JACKSON,T
ADAMS,TOWN OF ADAMS WARDS 1-3,PRESIDENT,CHERUNDA LYNN FOX (WRITE-IN),0,JACKSON,T
ADAMS,TOWN OF ADAMS WARDS 1-3,PRESIDENT,BRIAN KIENITZ (WRITE-IN),0,JACKSON,T
ADAMS,TOWN OF ADAMS WARDS 1-3,PRESIDENT,DOUG JENKINS KIMBERLY LALONDE (WRITE-IN),0,JACKSON,T
ADAMS,TOWN OF ADAMS WARDS 1-3,PRESIDENT,FUTURE MADAM POTUS JESSICA KENNEDY (WRITE-IN),0,JACKSON,T
ADAMS,TOWN OF ADAMS WARDS 1-3,PRESIDENT,"ANDRÉ RAMONE MCNEIL, SR. (WRITE-IN)",0,JACKSON,T
ADAMS,TOWN OF ADAMS WARDS 1-3,PRESIDENT,SCATTERING,0,JACKSON,T
ALBION,TOWN OF ALBION WARDS 1-4,PRESIDENT,KAMALA D. HARRIS TIM WALZ,251,JACKSON,T
ALBION,TOWN OF ALBION WARDS 1-4,PRESIDENT,DONALD J. TRUMP JD VANCE,424,JACKSON,T
ALBION,TOWN OF ALBION WARDS 1-4,PRESIDENT,RANDALL TERRY STEPHEN BRODEN,0,JACKSON,T
ALBION,TOWN OF ALBION WARDS 1-4,PRESIDENT,CHASE RUSSELL OLIVER MIKE TER MAAT,0,JACKSON,T
ALBION,TOWN OF ALBION WARDS 1-4,PRESIDENT,JILL STEIN RUDOLPH WARE,0,JACKSON,T
ALBION,TOWN OF ALBION WARDS 1-4,PRESIDENT,CLAUDIA DE LA CRUZ KARINA GARCIA,0,JACKSON,T
ALBION,TOWN OF ALBION WARDS 1-4,PRESIDENT,CORNEL WEST MELINA ABDULLAH,1,JACKSON,T
ALBION,TOWN OF ALBION WARDS 1-4,PRESIDENT,"ROBERT F. KENNEDY, JR. NICOLE SHANAHAN",1,JACKSON,T
ALBION,TOWN OF ALBION WARDS 1-4,PRESIDENT,PETER SONSKI LAUREN ONAK (WRITE-IN),0,JACKSON,T
ALBION,TOWN OF ALBION WARDS 1-4,PRESIDENT,CHERUNDA LYNN FOX (WRITE-IN),0,JACKSON,T
ALBION,TOWN OF ALBION WARDS 1-4,PRESIDENT,BRIAN KIENITZ (WRITE-IN),0,JACKSON,T
ALBION,TOWN OF ALBION WARDS 1-4,PRESIDENT,DOUG JENKINS KIMBERLY LALONDE (WRITE-IN),0,JACKSON,T
ALBION,TOWN OF ALBION WARDS 1-4,PRESIDENT,FUTURE MADAM POTUS JESSICA KENNEDY (WRITE-IN),0,JACKSON,T
ALBION,TOWN OF ALBION WARDS 1-4,PRESIDENT,"ANDRÉ RAMONE MCNEIL, SR. (WRITE-IN)",0,JACKSON,T
ALBION,TOWN OF ALBION WARDS 1-4,PRESIDENT,SCATTERING,0,JACKSON,T
ALMA,"TOWN OF ALMA WARDS 1,4- 5",PRESIDENT,KAMALA D. HARRIS TIM WALZ,53,JACKSON,T
ALMA,"TOWN OF ALMA WARDS 1,4- 5",PRESIDENT,DONALD J. TRUMP JD VANCE,121,JACKSON,T
ALMA,"TOWN OF ALMA WARDS 1,4- 5",PRESIDENT,RANDALL TERRY STEPHEN BRODEN,0,JACKSON,T
ALMA,"TOWN OF ALMA WARDS 1,4- 5",PRESIDENT,CHASE RUSSELL OLIVER MIKE TER MAAT,0,JACKSON,T
ALMA,"TOWN OF ALMA WARDS 1,4- 5",PRESIDENT,JILL STEIN RUDOLPH WARE,0,JACKSON,T
ALMA,"TOWN OF ALMA WARDS 1,4- 5",PRESIDENT,CLAUDIA DE LA CRUZ KARINA GARCIA,0,JACKSON,T
ALMA,"TOWN OF ALMA WARDS 1,4- 5",PRESIDENT,CORNEL WEST MELINA ABDULLAH,0,JACKSON,T
ALMA,"TOWN OF ALMA WARDS 1,4- 5",PRESIDENT,"ROBERT F. KENNEDY, JR. NICOLE SHANAHAN",0,JACKSON,T
ALMA,"TOWN OF ALMA WARDS 1,4- 5",PRESIDENT,PETER SONSKI LAUREN ONAK (WRITE-IN),0,JACKSON,T
ALMA,"TOWN OF ALMA WARDS 1,4- 5",PRESIDENT,CHERUNDA LYNN FOX (WRITE-IN),0,JACKSON,T
ALMA,"TOWN OF ALMA WARDS 1,4- 5",PRESIDENT,BRIAN KIENITZ (WRITE-IN),0,JACKSON,T
ALMA,"TOWN OF ALMA WARDS 1,4- 5",PRESIDENT,DOUG JENKINS KIMBERLY LALONDE (WRITE-IN),0,JACKSON,T
ALMA,"TOWN OF ALMA WARDS 1,4- 5",PRESIDENT,FUTURE MADAM POTUS JESSICA KENNEDY (WRITE-IN),0,JACKSON,T
ALMA,"TOWN OF ALMA WARDS 1,4- 5",PRESIDENT,"ANDRÉ RAMONE MCNEIL, SR. (WRITE-IN)",0,JACKSON,T
ALMA,"TOWN OF ALMA WARDS 1,4- 5",PRESIDENT,SCATTERING,0,JACKSON,T
ALMA,TOWN OF ALMA WARDS 2-3,PRESIDENT,KAMALA D. HARRIS TIM WALZ,134,JACKSON,T
ALMA,TOWN OF ALMA WARDS 2-3,PRESIDENT,DONALD J. TRUMP JD VANCE,227,JACKSON,T
ALMA,TOWN OF ALMA WARDS 2-3,PRESIDENT,RANDALL TERRY STEPHEN BRODEN,0,JACKSON,T
ALMA,TOWN OF ALMA WARDS 2-3,PRESIDENT,CHASE RUSSELL OLIVER MIKE TER MAAT,0,JACKSON,T
ALMA,TOWN OF ALMA WARDS 2-3,PRESIDENT,JILL STEIN RUDOLPH WARE,1,JACKSON,T
ALMA,TOWN OF ALMA WARDS 2-3,PRESIDENT,CLAUDIA DE LA CRUZ KARINA GARCIA,0,JACKSON,T
ALMA,TOWN OF ALMA WARDS 2-3,PRESIDENT,CORNEL WEST MELINA ABDULLAH,0,JACKSON,T
ALMA,TOWN OF ALMA WARDS 2-3,PRESIDENT,"ROBERT F. KENNEDY, JR. NICOLE SHANAHAN",0,JACKSON,T
ALMA,TOWN OF ALMA WARDS 2-3,PRESIDENT,PETER SONSKI LAUREN ONAK (WRITE-IN),0,JACKSON,T
ALMA,TOWN OF ALMA WARDS 2-3,PRESIDENT,CHERUNDA LYNN FOX (WRITE-IN),0,JACKSON,T
ALMA,TOWN OF ALMA WARDS 2-3,PRESIDENT,BRIAN KIENITZ (WRITE-IN),0,JACKSON,T
ALMA,TOWN OF ALMA WARDS 2-3,PRESIDENT,DOUG JENKINS KIMBERLY LALONDE (WRITE-IN),0,JACKSON,T
ALMA,TOWN OF ALMA WARDS 2-3,PRESIDENT,FUTURE MADAM POTUS JESSICA KENNEDY (WRITE-IN),0,JACKSON,T
ALMA,TOWN OF ALMA WARDS 2-3,PRESIDENT,"ANDRÉ RAMONE MCNEIL, SR. (WRITE-IN)",0,JACKSON,T
ALMA,TOWN OF ALMA WARDS 2-3,PRESIDENT,SCATTERING,0,JACKSON,T
BEAR BLUFF,TOWN OF BEAR BLUFF WARD 1,PRESIDENT,KAMALA D. HARRIS TIM WALZ,11,JACKSON,T
BEAR BLUFF,TOWN OF BEAR BLUFF WARD 1,PRESIDENT,DONALD J. TRUMP JD VANCE,73,JACKSON,T
BEAR BLUFF,TOWN OF BEAR BLUFF WARD 1,PRESIDENT,RANDALL TERRY STEPHEN BRODEN,0,JACKSON,T
BEAR BLUFF,TOWN OF BEAR BLUFF WARD 1,PRESIDENT,CHASE RUSSELL OLIVER MIKE TER MAAT,0,JACKSON,T
BEAR BLUFF,TOWN OF BEAR BLUFF WARD 1,PRESIDENT,JILL STEIN RUDOLPH WARE,0,JACKSON,T
BEAR BLUFF,TOWN OF BEAR BLUFF WARD 1,PRESIDENT,CLAUDIA DE LA CRUZ KARINA GARCIA,0,JACKSON,T
BEAR BLUFF,TOWN OF BEAR BLUFF WARD 1,PRESIDENT,CORNEL WEST MELINA ABDULLAH,0,JACKSON,T
BEAR BLUFF,TOWN OF BEAR BLUFF WARD 1,PRESIDENT,"ROBERT F. KENNEDY, JR. NICOLE SHANAHAN",0,JACKSON,T
BEAR BLUFF,TOWN OF BEAR BLUFF WARD 1,PRESIDENT,PETER SONSKI LAUREN ONAK (WRITE-IN),0,JACKSON,T
BEAR BLUFF,TOWN OF BEAR BLUFF WARD 1,PRESIDENT,CHERUNDA LYNN FOX (WRITE-IN),0,JACKSON,T
BEAR BLUFF,TOWN OF BEAR BLUFF WARD 1,PRESIDENT,BRIAN KIENITZ (WRITE-IN),0,JACKSON,T
BEAR BLUFF,TOWN OF BEAR BLUFF WARD 1,PRESIDENT,DOUG JENKINS KIMBERLY LALONDE (WRITE-IN),0,JACKSON,T
BEAR BLUFF,TOWN OF BEAR BLUFF WARD 1,PRESIDENT,FUTURE MADAM POTUS JESSICA KENNEDY (WRITE-IN),0,JACKSON,T
BEAR BLUFF,TOWN OF BEAR BLUFF WARD 1,PRESIDENT,"ANDRÉ RAMONE MCNEIL, SR. (WRITE-IN)",0,JACKSON,T
BEAR BLUFF,TOWN OF BEAR BLUFF WARD 1,PRESIDENT,SCATTERING,0,JACKSON,T
BROCKWAY,TOWN OF BROCKWAY WARDS 1-6,PRESIDENT,KAMALA D. HARRIS TIM WALZ,520,JACKSON,T
BROCKWAY,TOWN OF BROCKWAY WARDS 1-6,PRESIDENT,DONALD J. TRUMP JD VANCE,416,JACKSON,T
BROCKWAY,TOWN OF BROCKWAY WARDS 1-6,PRESIDENT,RANDALL TERRY STEPHEN BRODEN,3,JACKSON,T
BROCKWAY,TOWN OF BROCKWAY WARDS 1-6,PRESIDENT,CHASE RUSSELL OLIVER MIKE TER MAAT,0,JACKSON,T
BROCKWAY,TOWN OF BROCKWAY WARDS 1-6,PRESIDENT,JILL STEIN RUDOLPH WARE,6,JACKSON,T
BROCKWAY,TOWN OF BROCKWAY WARDS 1-6,PRESIDENT,CLAUDIA DE LA CRUZ KARINA GARCIA,0,JACKSON,T
BROCKWAY,TOWN OF BROCKWAY WARDS 1-6,PRESIDENT,CORNEL WEST MELINA ABDULLAH,1,JACKSON,T
BROCKWAY,TOWN OF BROCKWAY WARDS 1-6,PRESIDENT,"ROBERT F. KENNEDY, JR. NICOLE SHANAHAN",4,JACKSON,T
BROCKWAY,TOWN OF BROCKWAY WARDS 1-6,PRESIDENT,PETER SONSKI LAUREN ONAK (WRITE-IN),0,JACKSON,T
BROCKWAY,TOWN OF BROCKWAY WARDS 1-6,PRESIDENT,CHERUNDA LYNN FOX (WRITE-IN),0,JACKSON,T
BROCKWAY,TOWN OF BROCKWAY WARDS 1-6,PRESIDENT,BRIAN KIENITZ (WRITE-IN),0,JACKSON,T
BROCKWAY,TOWN OF BROCKWAY WARDS 1-6,PRESIDENT,DOUG JENKINS KIMBERLY LALONDE (WRITE-IN),0,JACKSON,T
BROCKWAY,TOWN OF BROCKWAY WARDS 1-6,PRESIDENT,FUTURE MADAM POTUS JESSICA KENNEDY (WRITE-IN),0,JACKSON,T
BROCKWAY,TOWN OF BROCKWAY WARDS 1-6,PRESIDENT,"ANDRÉ RAMONE MCNEIL, SR. (WRITE-IN)",0,JACKSON,T
BROCKWAY,TOWN OF BROCKWAY WARDS 1-6,PRESIDENT,SCATTERING,0,JACKSON,T
CITY POINT,TOWN OF CITY POINT WARD 1,PRESIDENT,KAMALA D. HARRIS TIM WALZ,50,JACKSON,T
CITY POINT,TOWN OF CITY POINT WARD 1,PRESIDENT,DONALD J. TRUMP JD VANCE,83,JACKSON,T
CITY POINT,TOWN OF CITY POINT WARD 1,PRESIDENT,RANDALL TERRY STEPHEN BRODEN,0,JACKSON,T
CITY POINT,TOWN OF CITY POINT WARD 1,PRESIDENT,CHASE RUSSELL OLIVER MIKE TER MAAT,0,JACKSON,T
CITY POINT,TOWN OF CITY POINT WARD 1,PRESIDENT,JILL STEIN RUDOLPH WARE,0,JACKSON,T
CITY POINT,TOWN OF CITY POINT WARD 1,PRESIDENT,CLAUDIA DE LA CRUZ KARINA GARCIA,0,JACKSON,T
CITY POINT,TOWN OF CITY POINT WARD 1,PRESIDENT,CORNEL WEST MELINA ABDULLAH,0,JACKSON,T
CITY POINT,TOWN OF CITY POINT WARD 1,PRESIDENT,"ROBERT F. KENNEDY, JR. NICOLE SHANAHAN",0,JACKSON,T
CITY POINT,TOWN OF CITY POINT WARD 1,PRESIDENT,PETER SONSKI LAUREN ONAK (WRITE-IN),1,JACKSON,T
CITY POINT,TOWN OF CITY POINT WARD 1,PRESIDENT,CHERUNDA LYNN FOX (WRITE-IN),0,JACKSON,T
CITY POINT,TOWN OF CITY POINT WARD 1,PRESIDENT,BRIAN KIENITZ (WRITE-IN),0,JACKSON,T
CITY POINT,TOWN OF CITY POINT WARD 1,PRESIDENT,DOUG JENKINS KIMBERLY LALONDE (WRITE-IN),0,JACKSON,T
CITY POINT,TOWN OF CITY POINT WARD 1,PRESIDENT,FUTURE MADAM POTUS JESSICA KENNEDY (WRITE-IN),0,JACKSON,T
CITY POINT,TOWN OF CITY POINT WARD 1,PRESIDENT,"ANDRÉ RAMONE MCNEIL, SR. (WRITE-IN)",0,JACKSON,T
CITY POINT,TOWN OF CITY POINT WARD 1,PRESIDENT,SCATTERING,0,JACKSON,T
CLEVELAND,TOWN OF CLEVELAND WARD 1,PRESIDENT,KAMALA D. HARRIS TIM WALZ,88,JACKSON,T
CLEVELAND,TOWN OF CLEVELAND WARD 1,PRESIDENT,DONALD J. TRUMP JD VANCE,208,JACKSON,T
CLEVELAND,TOWN OF CLEVELAND WARD 1,PRESIDENT,RANDALL TERRY STEPHEN BRODEN,1,JACKSON,T
CLEVELAND,TOWN OF CLEVELAND WARD 1,PRESIDENT,CHASE RUSSELL OLIVER MIKE TER MAAT,2,JACKSON,T
CLEVELAND,TOWN OF CLEVELAND WARD 1,PRESIDENT,JILL STEIN RUDOLPH WARE,1,JACKSON,T
CLEVELAND,TOWN OF CLEVELAND WARD 1,PRESIDENT,CLAUDIA DE LA CRUZ KARINA GARCIA,0,JACKSON,T
CLEVELAND,TOWN OF CLEVELAND WARD 1,PRESIDENT,CORNEL WEST MELINA ABDULLAH,1,JACKSON,T
CLEVELAND,TOWN OF CLEVELAND WARD 1,PRESIDENT,"ROBERT F. KENNEDY, JR. NICOLE SHANAHAN",3,JACKSON,T
CLEVELAND,TOWN OF CLEVELAND WARD 1,PRESIDENT,PETER SONSKI LAUREN ONAK (WRITE-IN),0,JACKSON,T
CLEVELAND,TOWN OF CLEVELAND WARD 1,PRESIDENT,CHERUNDA LYNN FOX (WRITE-IN),0,JACKSON,T
CLEVELAND,TOWN OF CLEVELAND WARD 1,PRESIDENT,BRIAN KIENITZ (WRITE-IN),0,JACKSON,T
CLEVELAND,TOWN OF CLEVELAND WARD 1,PRESIDENT,DOUG JENKINS KIMBERLY LALONDE (WRITE-IN),0,JACKSON,T
CLEVELAND,TOWN OF CLEVELAND WARD 1,PRESIDENT,FUTURE MADAM POTUS JESSICA KENNEDY (WRITE-IN),0,JACKSON,T
CLEVELAND,TOWN OF CLEVELAND WARD 1,PRESIDENT,"ANDRÉ RAMONE MCNEIL, SR. (WRITE-IN)",0,JACKSON,T
CLEVELAND,TOWN OF CLEVELAND WARD 1,PRESIDENT,SCATTERING,0,JACKSON,T
CURRAN,TOWN OF CURRAN WARD 1,PRESIDENT,KAMALA D. HARRIS TIM WALZ,58,JACKSON,T
CURRAN,TOWN OF CURRAN WARD 1,PRESIDENT,DONALD J. TRUMP JD VANCE,107,JACKSON,T
CURRAN,TOWN OF CURRAN WARD 1,PRESIDENT,RANDALL TERRY STEPHEN BRODEN,0,JACKSON,T
CURRAN,TOWN OF CURRAN WARD 1,PRESIDENT,CHASE RUSSELL OLIVER MIKE TER MAAT,0,JACKSON,T
CURRAN,TOWN OF CURRAN WARD 1,PRESIDENT,JILL STEIN RUDOLPH WARE,1,JACKSON,T
CURRAN,TOWN OF CURRAN WARD 1,PRESIDENT,CLAUDIA DE LA CRUZ KARINA GARCIA,0,JACKSON,T
CURRAN,TOWN OF CURRAN WARD 1,PRESIDENT,CORNEL WEST MELINA ABDULLAH,0,JACKSON,T
CURRAN,TOWN OF CURRAN WARD 1,PRESIDENT,"ROBERT F. KENNEDY, JR. NICOLE SHANAHAN",3,JACKSON,T
CURRAN,TOWN OF CURRAN WARD 1,PRESIDENT,PETER SONSKI LAUREN ONAK (WRITE-IN),0,JACKSON,T
CURRAN,TOWN OF CURRAN WARD 1,PRESIDENT,CHERUNDA LYNN FOX (WRITE-IN),0,JACKSON,T
CURRAN,TOWN OF CURRAN WARD 1,PRESIDENT,BRIAN KIENITZ (WRITE-IN),0,JACKSON,T
CURRAN,TOWN OF CURRAN WARD 1,PRESIDENT,DOUG JENKINS KIMBERLY LALONDE (WRITE-IN),0,JACKSON,T
CURRAN,TOWN OF CURRAN WARD 1,PRESIDENT,FUTURE MADAM POTUS JESSICA KENNEDY (WRITE-IN),0,JACKSON,T
CURRAN,TOWN OF CURRAN WARD 1,PRESIDENT,"ANDRÉ RAMONE MCNEIL, SR. (WRITE-IN)",0,JACKSON,T
CURRAN,TOWN OF CURRAN WARD 1,PRESIDENT,SCATTERING,0,JACKSON,T
FRANKLIN,TOWN OF FRANKLIN WARD 1,PRESIDENT,KAMALA D. HARRIS TIM WALZ,70,JACKSON,T
FRANKLIN,TOWN OF FRANKLIN WARD 1,PRESIDENT,DONALD J. TRUMP JD VANCE,112,JACKSON,T
FRANKLIN,TOWN OF FRANKLIN WARD 1,PRESIDENT,RANDALL TERRY STEPHEN BRODEN,0,JACKSON,T
FRANKLIN,TOWN OF FRANKLIN WARD 1,PRESIDENT,CHASE RUSSELL OLIVER MIKE TER MAAT,1,JACKSON,T
FRANKLIN,TOWN OF FRANKLIN WARD 1,PRESIDENT,JILL STEIN RUDOLPH WARE,0,JACKSON,T
FRANKLIN,TOWN OF FRANKLIN WARD 1,PRESIDENT,CLAUDIA DE LA CRUZ KARINA GARCIA,0,JACKSON,T
FRANKLIN,TOWN OF FRANKLIN WARD 1,PRESIDENT,CORNEL WEST MELINA ABDULLAH,0,JACKSON,T
FRANKLIN,TOWN OF FRANKLIN WARD 1,PRESIDENT,"ROBERT F. KENNEDY, JR. NICOLE SHANAHAN",0,JACKSON,T
FRANKLIN,TOWN OF FRANKLIN WARD 1,PRESIDENT,PETER SONSKI LAUREN ONAK (WRITE-IN),0,JACKSON,T
FRANKLIN,TOWN OF FRANKLIN WARD 1,PRESIDENT,CHERUNDA LYNN FOX (WRITE-IN),0,JACKSON,T
FRANKLIN,TOWN OF FRANKLIN WARD 1,PRESIDENT,BRIAN KIENITZ (WRITE-IN),0,JACKSON,T
FRANKLIN,TOWN OF FRANKLIN WARD 1,PRESIDENT,DOUG JENKINS KIMBERLY LALONDE (WRITE-IN),0,JACKSON,T
FRANKLIN,TOWN OF FRANKLIN WARD 1,PRESIDENT,FUTURE MADAM POTUS JESSICA KENNEDY (WRITE-IN),0,JACKSON,T
FRANKLIN,TOWN OF FRANKLIN WARD 1,PRESIDENT,"ANDRÉ RAMONE MCNEIL, SR. (WRITE-IN)",0,JACKSON,T
FRANKLIN,TOWN OF FRANKLIN WARD 1,PRESIDENT,SCATTERING,0,JACKSON,T
GARDEN VALLEY,TOWN OF GARDEN VALLEY WARD 1,PRESIDENT,KAMALA D. HARRIS TIM WALZ,70,JACKSON,T
GARDEN VALLEY,TOWN OF GARDEN VALLEY WARD 1,PRESIDENT,DONALD J. TRUMP JD VANCE,170,JACKSON,T
GARDEN VALLEY,TOWN OF GARDEN VALLEY WARD 1,PRESIDENT,RANDALL TERRY STEPHEN BRODEN,2,JACKSON,T
GARDEN VALLEY,TOWN OF GARDEN VALLEY WARD 1,PRESIDENT,CHASE RUSSELL OLIVER MIKE TER MAAT,1,JACKSON,T
GARDEN VALLEY,TOWN OF GARDEN VALLEY WARD 1,PRESIDENT,JILL STEIN RUDOLPH WARE,0,JACKSON,T
GARDEN VALLEY,TOWN OF GARDEN VALLEY WARD 1,PRESIDENT,CLAUDIA DE LA CRUZ KARINA GARCIA,1,JACKSON,T
GARDEN VALLEY,TOWN OF GARDEN VALLEY WARD 1,PRESIDENT,CORNEL WEST MELINA ABDULLAH,0,JACKSON,T
GARDEN VALLEY,TOWN OF GARDEN VALLEY WARD 1,PRESIDENT,"ROBERT F. KENNEDY, JR. NICOLE SHANAHAN",2,JACKSON,T
GARDEN VALLEY,TOWN OF GARDEN VALLEY WARD 1,PRESIDENT,PETER SONSKI LAUREN ONAK (WRITE-IN),0,JACKSON,T
GARDEN VALLEY,TOWN OF GARDEN VALLEY WARD 1,PRESIDENT,CHERUNDA LYNN FOX (WRITE-IN),0,JACKSON,T
GARDEN VALLEY,TOWN OF GARDEN VALLEY WARD 1,PRESIDENT,BRIAN KIENITZ (WRITE-IN),0,JACKSON,T
GARDEN VALLEY,TOWN OF GARDEN VALLEY WARD 1,PRESIDENT,DOUG JENKINS KIMBERLY LALONDE (WRITE-IN),0,JACKSON,T
GARDEN VALLEY,TOWN OF GARDEN VALLEY WARD 1,PRESIDENT,FUTURE MADAM POTUS JESSICA KENNEDY (WRITE-IN),0,JACKSON,T
GARDEN VALLEY,TOWN OF GARDEN VALLEY WARD 1,PRESIDENT,"ANDRÉ RAMONE MCNEIL, SR. (WRITE-IN)",0,JACKSON,T
GARDEN VALLEY,TOWN OF GARDEN VALLEY WARD 1,PRESIDENT,SCATTERING,0,JACKSON,T
GARFIELD,TOWN OF GARFIELD WARDS 1-2,PRESIDENT,KAMALA D. HARRIS TIM WALZ,107,JACKSON,T
GARFIELD,TOWN OF GARFIELD WARDS 1-2,PRESIDENT,DONALD J. TRUMP JD VANCE,310,JACKSON,T
GARFIELD,TOWN OF GARFIELD WARDS 1-2,PRESIDENT,RANDALL TERRY STEPHEN BRODEN,0,JACKSON,T
GARFIELD,TOWN OF GARFIELD WARDS 1-2,PRESIDENT,CHASE RUSSELL OLIVER MIKE TER MAAT,0,JACKSON,T
GARFIELD,TOWN OF GARFIELD WARDS 1-2,PRESIDENT,JILL STEIN RUDOLPH WARE,6,JACKSON,T
GARFIELD,TOWN OF GARFIELD WARDS 1-2,PRESIDENT,CLAUDIA DE LA CRUZ KARINA GARCIA,0,JACKSON,T
GARFIELD,TOWN OF GARFIELD WARDS 1-2,PRESIDENT,CORNEL WEST MELINA ABDULLAH,0,JACKSON,T
GARFIELD,TOWN OF GARFIELD WARDS 1-2,PRESIDENT,"ROBERT F. KENNEDY, JR. NICOLE SHANAHAN",3,JACKSON,T
GARFIELD,TOWN OF GARFIELD WARDS 1-2,PRESIDENT,PETER SONSKI LAUREN ONAK (WRITE-IN),0,JACKSON,T
GARFIELD,TOWN OF GARFIELD WARDS 1-2,PRESIDENT,CHERUNDA LYNN FOX (WRITE-IN),0,JACKSON,T
GARFIELD,TOWN OF GARFIELD WARDS 1-2,PRESIDENT,BRIAN KIENITZ (WRITE-IN),0,JACKSON,T
GARFIELD,TOWN OF GARFIELD WARDS 1-2,PRESIDENT,DOUG JENKINS KIMBERLY LALONDE (WRITE-IN),0,JACKSON,T
GARFIELD,TOWN OF GARFIELD WARDS 1-2,PRESIDENT,FUTURE MADAM POTUS JESSICA KENNEDY (WRITE-IN),0,JACKSON,T
GARFIELD,TOWN OF GARFIELD WARDS 1-2,PRESIDENT,"ANDRÉ RAMONE MCNEIL, SR. (WRITE-IN)",0,JACKSON,T
GARFIELD,TOWN OF GARFIELD WARDS 1-2,PRESIDENT,SCATTERING,0,JACKSON,T
HIXTON,TOWN OF HIXTON WARDS 1-2,PRESIDENT,KAMALA D. HARRIS TIM WALZ,102,JACKSON,T
HIXTON,TOWN OF HIXTON WARDS 1-2,PRESIDENT,DONALD J. TRUMP JD VANCE,239,JACKSON,T
HIXTON,TOWN OF HIXTON WARDS 1-2,PRESIDENT,RANDALL TERRY STEPHEN BRODEN,0,JACKSON,T
HIXTON,TOWN OF HIXTON WARDS 1-2,PRESIDENT,CHASE RUSSELL OLIVER MIKE TER MAAT,1,JACKSON,T
HIXTON,TOWN OF HIXTON WARDS 1-2,PRESIDENT,JILL STEIN RUDOLPH WARE,0,JACKSON,T
HIXTON,TOWN OF HIXTON WARDS 1-2,PRESIDENT,CLAUDIA DE LA CRUZ KARINA GARCIA,0,JACKSON,T
HIXTON,TOWN OF HIXTON WARDS 1-2,PRESIDENT,CORNEL WEST MELINA ABDULLAH,0,JACKSON,T
HIXTON,TOWN OF HIXTON WARDS 1-2,PRESIDENT,"ROBERT F. KENNEDY, JR. NICOLE SHANAHAN",2,JACKSON,T
HIXTON,TOWN OF HIXTON WARDS 1-2,PRESIDENT,PETER SONSKI LAUREN ONAK (WRITE-IN),0,JACKSON,T
HIXTON,TOWN OF HIXTON WARDS 1-2,PRESIDENT,CHERUNDA LYNN FOX (WRITE-IN),0,JACKSON,T
HIXTON,TOWN OF HIXTON WARDS 1-2,PRESIDENT,BRIAN KIENITZ (WRITE-IN),0,JACKSON,T
HIXTON,TOWN OF HIXTON WARDS 1-2,PRESIDENT,DOUG JENKINS KIMBERLY LALONDE (WRITE-IN),0,JACKSON,T
HIXTON,TOWN OF HIXTON WARDS 1-2,PRESIDENT,FUTURE MADAM POTUS JESSICA KENNEDY (WRITE-IN),0,JACKSON,T
HIXTON,TOWN OF HIXTON WARDS 1-2,PRESIDENT,"ANDRÉ RAMONE MCNEIL, SR. (WRITE-IN)",0,JACKSON,T
HIXTON,TOWN OF HIXTON WARDS 1-2,PRESIDENT,SCATTERING,0,JACKSON,T
IRVING,TOWN OF IRVING WARDS 1-3,PRESIDENT,KAMALA D. HARRIS TIM WALZ,146,JACKSON,T
IRVING,TOWN OF IRVING WARDS 1-3,PRESIDENT,DONALD J. TRUMP JD VANCE,259,JACKSON,T
IRVING,TOWN OF IRVING WARDS 1-3,PRESIDENT,RANDALL TERRY STEPHEN BRODEN,1,JACKSON,T
IRVING,TOWN OF IRVING WARDS 1-3,PRESIDENT,CHASE RUSSELL OLIVER MIKE TER MAAT,1,JACKSON,T
IRVING,TOWN OF IRVING WARDS 1-3,PRESIDENT,JILL STEIN RUDOLPH WARE,2,JACKSON,T
IRVING,TOWN OF IRVING WARDS 1-3,PRESIDENT,CLAUDIA DE LA CRUZ KARINA GARCIA,0,JACKSON,T
IRVING,TOWN OF IRVING WARDS 1-3,PRESIDENT,CORNEL WEST MELINA ABDULLAH,0,JACKSON,T
IRVING,TOWN OF IRVING WARDS 1-3,PRESIDENT,"ROBERT F. KENNEDY, JR. NICOLE SHANAHAN",3,JACKSON,T
IRVING,TOWN OF IRVING WARDS 1-3,PRESIDENT,PETER SONSKI LAUREN ONAK (WRITE-IN),0,JACKSON,T
IRVING,TOWN OF IRVING WARDS 1-3,PRESIDENT,CHERUNDA LYNN FOX (WRITE-IN),0,JACKSON,T
IRVING,TOWN OF IRVING WARDS 1-3,PRESIDENT,BRIAN KIENITZ (WRITE-IN),0,JACKSON,T
IRVING,TOWN OF IRVING WARDS 1-3,PRESIDENT,DOUG JENKINS KIMBERLY LALONDE (WRITE-IN),0,JACKSON,T
IRVING,TOWN OF IRVING WARDS 1-3,PRESIDENT,FUTURE MADAM POTUS JESSICA KENNEDY (WRITE-IN),0,JACKSON,T
IRVING,TOWN OF IRVING WARDS 1-3,PRESIDENT,"ANDRÉ RAMONE MCNEIL, SR. (WRITE-IN)",0,JACKSON,T
IRVING,TOWN OF IRVING WARDS 1-3,PRESIDENT,SCATTERING,0,JACKSON,T
KNAPP,TOWN OF KNAPP WARD 1,PRESIDENT,KAMALA D. HARRIS TIM WALZ,57,JACKSON,T
KNAPP,TOWN OF KNAPP WARD 1,PRESIDENT,DONALD J. TRUMP JD VANCE,149,JACKSON,T
KNAPP,TOWN OF KNAPP WARD 1,PRESIDENT,RANDALL TERRY STEPHEN BRODEN,0,JACKSON,T
KNAPP,TOWN OF KNAPP WARD 1,PRESIDENT,CHASE RUSSELL OLIVER MIKE TER MAAT,2,JACKSON,T
KNAPP,TOWN OF KNAPP WARD 1,PRESIDENT,JILL STEIN RUDOLPH WARE,1,JACKSON,T
KNAPP,TOWN OF KNAPP WARD 1,PRESIDENT,CLAUDIA DE LA CRUZ KARINA GARCIA,0,JACKSON,T
KNAPP,TOWN OF KNAPP WARD 1,PRESIDENT,CORNEL WEST MELINA ABDULLAH,0,JACKSON,T
KNAPP,TOWN OF KNAPP WARD 1,PRESIDENT,"ROBERT F. KENNEDY, JR. NICOLE SHANAHAN",1,JACKSON,T
KNAPP,TOWN OF KNAPP WARD 1,PRESIDENT,PETER SONSKI LAUREN ONAK (WRITE-IN),0,JACKSON,T
KNAPP,TOWN OF KNAPP WARD 1,PRESIDENT,CHERUNDA LYNN FOX (WRITE-IN),0,JACKSON,T
KNAPP,TOWN OF KNAPP WARD 1,PRESIDENT,BRIAN KIENITZ (WRITE-IN),0,JACKSON,T
KNAPP,TOWN OF KNAPP WARD 1,PRESIDENT,DOUG JENKINS KIMBERLY LALONDE (WRITE-IN),0,JACKSON,T
KNAPP,TOWN OF KNAPP WARD 1,PRESIDENT,FUTURE MADAM POTUS JESSICA KENNEDY (WRITE-IN),0,JACKSON,T
KNAPP,TOWN OF KNAPP WARD 1,PRESIDENT,"ANDRÉ RAMONE MCNEIL, SR. (WRITE-IN)",0,JACKSON,T
KNAPP,TOWN OF KNAPP WARD 1,PRESIDENT,SCATTERING,0,JACKSON,T
KOMENSKY,TOWN OF KOMENSKY WARD 1,PRESIDENT,KAMALA D. HARRIS TIM WALZ,130,JACKSON,T
KOMENSKY,TOWN OF KOMENSKY WARD 1,PRESIDENT,DONALD J. TRUMP JD VANCE,36,JACKSON,T
KOMENSKY,TOWN OF KOMENSKY WARD 1,PRESIDENT,RANDALL TERRY STEPHEN BRODEN,1,JACKSON,T
KOMENSKY,TOWN OF KOMENSKY WARD 1,PRESIDENT,CHASE RUSSELL OLIVER MIKE TER MAAT,0,JACKSON,T
KOMENSKY,TOWN OF KOMENSKY WARD 1,PRESIDENT,JILL STEIN RUDOLPH WARE,0,JACKSON,T
KOMENSKY,TOWN OF KOMENSKY WARD 1,PRESIDENT,CLAUDIA DE LA CRUZ KARINA GARCIA,0,JACKSON,T
KOMENSKY,TOWN OF KOMENSKY WARD 1,PRESIDENT,CORNEL WEST MELINA ABDULLAH,1,JACKSON,T
KOMENSKY,TOWN OF KOMENSKY WARD 1,PRESIDENT,"ROBERT F. KENNEDY, JR. NICOLE SHANAHAN",0,JACKSON,T
KOMENSKY,TOWN OF KOMENSKY WARD 1,PRESIDENT,PETER SONSKI LAUREN ONAK (WRITE-IN),0,JACKSON,T
KOMENSKY,TOWN OF KOMENSKY WARD 1,PRESIDENT,CHERUNDA LYNN FOX (WRITE-IN),0,JACKSON,T
KOMENSKY,TOWN OF KOMENSKY WARD 1,PRESIDENT,BRIAN KIENITZ (WRITE-IN),0,JACKSON,T
KOMENSKY,TOWN OF KOMENSKY WARD 1,PRESIDENT,DOUG JENKINS KIMBERLY LALONDE (WRITE-IN),0,JACKSON,T
KOMENSKY,TOWN OF KOMENSKY WARD 1,PRESIDENT,FUTURE MADAM POTUS JESSICA KENNEDY (WRITE-IN),0,JACKSON,T
KOMENSKY,TOWN OF KOMENSKY WARD 1,PRESIDENT,"ANDRÉ RAMONE MCNEIL, SR. (WRITE-IN)",0,JACKSON,T
KOMENSKY,TOWN OF KOMENSKY WARD 1,PRESIDENT,SCATTERING,0,JACKSON,T
MANCHESTER,TOWN OF MANCHESTER WARD 1,PRESIDENT,KAMALA D. HARRIS TIM WALZ,130,JACKSON,T
MANCHESTER,TOWN OF MANCHESTER WARD 1,PRESIDENT,DONALD J. TRUMP JD VANCE,348,JACKSON,T
MANCHESTER,TOWN OF MANCHESTER WARD 1,PRESIDENT,RANDALL TERRY STEPHEN BRODEN,0,JACKSON,T
MANCHESTER,TOWN OF MANCHESTER WARD 1,PRESIDENT,CHASE RUSSELL OLIVER MIKE TER MAAT,1,JACKSON,T
MANCHESTER,TOWN OF MANCHESTER WARD 1,PRESIDENT,JILL STEIN RUDOLPH WARE,2,JACKSON,T
MANCHESTER,TOWN OF MANCHESTER WARD 1,PRESIDENT,CLAUDIA DE LA CRUZ KARINA GARCIA,0,JACKSON,T
MANCHESTER,TOWN OF MANCHESTER WARD 1,PRESIDENT,CORNEL WEST MELINA ABDULLAH,0,JACKSON,T
MANCHESTER,TOWN OF MANCHESTER WARD 1,PRESIDENT,"ROBERT F. KENNEDY, JR. NICOLE SHANAHAN",2,JACKSON,T
MANCHESTER,TOWN OF MANCHESTER WARD 1,PRESIDENT,PETER SONSKI LAUREN ONAK (WRITE-IN),0,JACKSON,T
MANCHESTER,TOWN OF MANCHESTER WARD 1,PRESIDENT,CHERUNDA LYNN FOX (WRITE-IN),0,JACKSON,T
MANCHESTER,TOWN OF MANCHESTER WARD 1,PRESIDENT,BRIAN KIENITZ (WRITE-IN),0,JACKSON,T
MANCHESTER,TOWN OF MANCHESTER WARD 1,PRESIDENT,DOUG JENKINS KIMBERLY LALONDE (WRITE-IN),0,JACKSON,T
MANCHESTER,TOWN OF MANCHESTER WARD 1,PRESIDENT,FUTURE MADAM POTUS JESSICA KENNEDY (WRITE-IN),0,JACKSON,T
MANCHESTER,TOWN OF MANCHESTER WARD 1,PRESIDENT,"ANDRÉ RAMONE MCNEIL, SR. (WRITE-IN)",0,JACKSON,T
MANCHESTER,TOWN OF MANCHESTER WARD 1,PRESIDENT,SCATTERING,0,JACKSON,T
MELROSE,TOWN OF MELROSE WARD 1,PRESIDENT,KAMALA D. HARRIS TIM WALZ,81,JACKSON,T
MELROSE,TOWN OF MELROSE WARD 1,PRESIDENT,DONALD J. TRUMP JD VANCE,187,JACKSON,T
MELROSE,TOWN OF MELROSE WARD 1,PRESIDENT,RANDALL TERRY STEPHEN BRODEN,0,JACKSON,T
MELROSE,TOWN OF MELROSE WARD 1,PRESIDENT,CHASE RUSSELL OLIVER MIKE TER MAAT,1,JACKSON,T
MELROSE,TOWN OF MELROSE WARD 1,PRESIDENT,JILL STEIN RUDOLPH WARE,1,JACKSON,T
MELROSE,TOWN OF MELROSE WARD 1,PRESIDENT,CLAUDIA DE LA CRUZ KARINA GARCIA,0,JACKSON,T
MELROSE,TOWN OF MELROSE WARD 1,PRESIDENT,CORNEL WEST MELINA ABDULLAH,0,JACKSON,T
MELROSE,TOWN OF MELROSE WARD 1,PRESIDENT,"ROBERT F. KENNEDY, JR. NICOLE SHANAHAN",0,JACKSON,T
MELROSE,TOWN OF MELROSE WARD 1,PRESIDENT,PETER SONSKI LAUREN ONAK (WRITE-IN),0,JACKSON,T
MELROSE,TOWN OF MELROSE WARD 1,PRESIDENT,CHERUNDA LYNN FOX (WRITE-IN),0,JACKSON,T
MELROSE,TOWN OF MELROSE WARD 1,PRESIDENT,BRIAN KIENITZ (WRITE-IN),0,JACKSON,T
MELROSE,TOWN OF MELROSE WARD 1,PRESIDENT,DOUG JENKINS KIMBERLY LALONDE (WRITE-IN),0,JACKSON,T
MELROSE,TOWN OF MELROSE WARD 1,PRESIDENT,FUTURE MADAM POTUS JESSICA KENNEDY (WRITE-IN),0,JACKSON,T
MELROSE,TOWN OF MELROSE WARD 1,PRESIDENT,"ANDRÉ RAMONE MCNEIL, SR. (WRITE-IN)",0,JACKSON,T
MELROSE,TOWN OF MELROSE WARD 1,PRESIDENT,SCATTERING,0,JACKSON,T
MILLSTON,TOWN OF MILLSTON WARDS 1-2,PRESIDENT,KAMALA D. HARRIS TIM WALZ,36,JACKSON,T
MILLSTON,TOWN OF MILLSTON WARDS 1-2,PRESIDENT,DONALD J. TRUMP JD VANCE,77,JACKSON,T
MILLSTON,TOWN OF MILLSTON WARDS 1-2,PRESIDENT,RANDALL TERRY STEPHEN BRODEN,0,JACKSON,T
MILLSTON,TOWN OF MILLSTON WARDS 1-2,PRESIDENT,CHASE RUSSELL OLIVER MIKE TER MAAT,0,JACKSON,T
MILLSTON,TOWN OF MILLSTON WARDS 1-2,PRESIDENT,JILL STEIN RUDOLPH WARE,0,JACKSON,T
MILLSTON,TOWN OF MILLSTON WARDS 1-2,PRESIDENT,CLAUDIA DE LA CRUZ KARINA GARCIA,0,JACKSON,T
MILLSTON,TOWN OF MILLSTON WARDS 1-2,PRESIDENT,CORNEL WEST MELINA ABDULLAH,0,JACKSON,T
MILLSTON,TOWN OF MILLSTON WARDS 1-2,PRESIDENT,"ROBERT F. KENNEDY, JR. NICOLE SHANAHAN",0,JACKSON,T
MILLSTON,TOWN OF MILLSTON WARDS 1-2,PRESIDENT,PETER SONSKI LAUREN ONAK (WRITE-IN),0,JACKSON,T
MILLSTON,TOWN OF MILLSTON WARDS 1-2,PRESIDENT,CHERUNDA LYNN FOX (WRITE-IN),0,JACKSON,T
MILLSTON,TOWN OF MILLSTON WARDS 1-2,PRESIDENT,BRIAN KIENITZ (WRITE-IN),0,JACKSON,T
MILLSTON,TOWN OF MILLSTON WARDS 1-2,PRESIDENT,DOUG JENKINS KIMBERLY LALONDE (WRITE-IN),0,JACKSON,T
MILLSTON,TOWN OF MILLSTON WARDS 1-2,PRESIDENT,FUTURE MADAM POTUS JESSICA KENNEDY (WRITE-IN),0,JACKSON,T
MILLSTON,TOWN OF MILLSTON WARDS 1-2,PRESIDENT,"ANDRÉ RAMONE MCNEIL, SR. (WRITE-IN)",0,JACKSON,T
MILLSTON,TOWN OF MILLSTON WARDS 1-2,PRESIDENT,SCATTERING,0,JACKSON,T
NORTH BEND,TOWN OF NORTH BEND WARD 1,PRESIDENT,KAMALA D. HARRIS TIM WALZ,114,JACKSON,T
NORTH BEND,TOWN OF NORTH BEND WARD 1,PRESIDENT,DONALD J. TRUMP JD VANCE,173,JACKSON,T
NORTH BEND,TOWN OF NORTH BEND WARD 1,PRESIDENT,RANDALL TERRY STEPHEN BRODEN,0,JACKSON,T
NORTH BEND,TOWN OF NORTH BEND WARD 1,PRESIDENT,CHASE RUSSELL OLIVER MIKE TER MAAT,1,JACKSON,T
NORTH BEND,TOWN OF NORTH BEND WARD 1,PRESIDENT,JILL STEIN RUDOLPH WARE,0,JACKSON,T
NORTH BEND,TOWN OF NORTH BEND WARD 1,PRESIDENT,CLAUDIA DE LA CRUZ KARINA GARCIA,0,JACKSON,T
NORTH BEND,TOWN OF NORTH BEND WARD 1,PRESIDENT,CORNEL WEST MELINA ABDULLAH,0,JACKSON,T
NORTH BEND,TOWN OF NORTH BEND WARD 1,PRESIDENT,"ROBERT F. KENNEDY, JR. NICOLE SHANAHAN",2,JACKSON,T
NORTH BEND,TOWN OF NORTH BEND WARD 1,PRESIDENT,PETER SONSKI LAUREN ONAK (WRITE-IN),0,JACKSON,T
NORTH BEND,TOWN OF NORTH BEND WARD 1,PRESIDENT,CHERUNDA LYNN FOX (WRITE-IN),0,JACKSON,T
NORTH BEND,TOWN OF NORTH BEND WARD 1,PRESIDENT,BRIAN KIENITZ (WRITE-IN),0,JACKSON,T
NORTH BEND,TOWN OF NORTH BEND WARD 1,PRESIDENT,DOUG JENKINS KIMBERLY LALONDE (WRITE-IN),0,JACKSON,T
NORTH BEND,TOWN OF NORTH BEND WARD 1,PRESIDENT,FUTURE MADAM POTUS JESSICA KENNEDY (WRITE-IN),0,JACKSON,T
NORTH BEND,TOWN OF NORTH BEND WARD 1,PRESIDENT,"ANDRÉ RAMONE MCNEIL, SR. (WRITE-IN)",0,JACKSON,T
NORTH BEND,TOWN OF NORTH BEND WARD 1,PRESIDENT,SCATTERING,0,JACKSON,T
NORTHFIELD,TOWN OF NORTHFIELD WARD 1,PRESIDENT,KAMALA D. HARRIS TIM WALZ,114,JACKSON,T
NORTHFIELD,TOWN OF NORTHFIELD WARD 1,PRESIDENT,DONALD J. TRUMP JD VANCE,255,JACKSON,T
NORTHFIELD,TOWN OF NORTHFIELD WARD 1,PRESIDENT,RANDALL TERRY STEPHEN BRODEN,1,JACKSON,T
NORTHFIELD,TOWN OF NORTHFIELD WARD 1,PRESIDENT,CHASE RUSSELL OLIVER MIKE TER MAAT,1,JACKSON,T
NORTHFIELD,TOWN OF NORTHFIELD WARD 1,PRESIDENT,JILL STEIN RUDOLPH WARE,0,JACKSON,T
NORTHFIELD,TOWN OF NORTHFIELD WARD 1,PRESIDENT,CLAUDIA DE LA CRUZ KARINA GARCIA,0,JACKSON,T
NORTHFIELD,TOWN OF NORTHFIELD WARD 1,PRESIDENT,CORNEL WEST MELINA ABDULLAH,0,JACKSON,T
NORTHFIELD,TOWN OF NORTHFIELD WARD 1,PRESIDENT,"ROBERT F. KENNEDY, JR. NICOLE SHANAHAN",0,JACKSON,T
NORTHFIELD,TOWN OF NORTHFIELD WARD 1,PRESIDENT,PETER SONSKI LAUREN ONAK (WRITE-IN),0,JACKSON,T
NORTHFIELD,TOWN OF NORTHFIELD WARD 1,PRESIDENT,CHERUNDA LYNN FOX (WRITE-IN),0,JACKSON,T
NORTHFIELD,TOWN OF NORTHFIELD WARD 1,PRESIDENT,BRIAN KIENITZ (WRITE-IN),0,JACKSON,T
NORTHFIELD,TOWN OF NORTHFIELD WARD 1,PRESIDENT,DOUG JENKINS KIMBERLY LALONDE (WRITE-IN),0,JACKSON,T
NORTHFIELD,TOWN OF NORTHFIELD WARD 1,PRESIDENT,FUTURE MADAM POTUS JESSICA KENNEDY (WRITE-IN),0,JACKSON,T
NORTHFIELD,TOWN OF NORTHFIELD WARD 1,PRESIDENT,"ANDRÉ RAMONE MCNEIL, SR. (WRITE-IN)",0,JACKSON,T
NORTHFIELD,TOWN OF NORTHFIELD WARD 1,PRESIDENT,SCATTERING,0,JACKSON,T
SPRINGFIELD,TOWN OF SPRINGFIELD WARDS 1-2,PRESIDENT,KAMALA D. HARRIS TIM WALZ,105,JACKSON,T
SPRINGFIELD,TOWN OF SPRINGFIELD WARDS 1-2,PRESIDENT,DONALD J. TRUMP JD VANCE,168,JACKSON,T
SPRINGFIELD,TOWN OF SPRINGFIELD WARDS 1-2,PRESIDENT,RANDALL TERRY STEPHEN BRODEN,1,JACKSON,T
SPRINGFIELD,TOWN OF SPRINGFIELD WARDS 1-2,PRESIDENT,CHASE RUSSELL OLIVER MIKE TER MAAT,0,JACKSON,T
SPRINGFIELD,TOWN OF SPRINGFIELD WARDS 1-2,PRESIDENT,JILL STEIN RUDOLPH WARE,0,JACKSON,T
SPRINGFIELD,TOWN OF SPRINGFIELD WARDS 1-2,PRESIDENT,CLAUDIA DE LA CRUZ KARINA GARCIA,0,JACKSON,T
SPRINGFIELD,TOWN OF SPRINGFIELD WARDS 1-2,PRESIDENT,CORNEL WEST MELINA ABDULLAH,0,JACKSON,T
SPRINGFIELD,TOWN OF SPRINGFIELD WARDS 1-2,PRESIDENT,"ROBERT F. KENNEDY, JR. NICOLE SHANAHAN",4,JACKSON,T
SPRINGFIELD,TOWN OF SPRINGFIELD WARDS 1-2,PRESIDENT,PETER SONSKI LAUREN ONAK (WRITE-IN),0,JACKSON,T
SPRINGFIELD,TOWN OF SPRINGFIELD WARDS 1-2,PRESIDENT,CHERUNDA LYNN FOX (WRITE-IN),0,JACKSON,T
SPRINGFIELD,TOWN OF SPRINGFIELD WARDS 1-2,PRESIDENT,BRIAN KIENITZ (WRITE-IN),0,JACKSON,T
SPRINGFIELD,TOWN OF SPRINGFIELD WARDS 1-2,PRESIDENT,DOUG JENKINS KIMBERLY LALONDE (WRITE-IN),0,JACKSON,T
SPRINGFIELD,TOWN OF SPRINGFIELD WARDS 1-2,PRESIDENT,FUTURE MADAM POTUS JESSICA KENNEDY (WRITE-IN),0,JACKSON,T
SPRINGFIELD,TOWN OF SPRINGFIELD WARDS 1-2,PRESIDENT,"ANDRÉ RAMONE MCNEIL, SR. (WRITE-IN)",0,JACKSON,T
SPRINGFIELD,TOWN OF SPRINGFIELD WARDS 1-2,PRESIDENT,SCATTERING,0,JACKSON,T
ALMA CENTER,VILLAGE OF ALMA CENTER WARD 1,PRESIDENT,KAMALA D. HARRIS TIM WALZ,131,JACKSON,V
ALMA CENTER,VILLAGE OF ALMA CENTER WARD 1,PRESIDENT,DONALD J. TRUMP JD VANCE,129,JACKSON,V
ALMA CENTER,VILLAGE OF ALMA CENTER WARD 1,PRESIDENT,RANDALL TERRY STEPHEN BRODEN,1,JACKSON,V
ALMA CENTER,VILLAGE OF ALMA CENTER WARD 1,PRESIDENT,CHASE RUSSELL OLIVER MIKE TER MAAT,0,JACKSON,V
ALMA CENTER,VILLAGE OF ALMA CENTER WARD 1,PRESIDENT,JILL STEIN RUDOLPH WARE,0,JACKSON,V
ALMA CENTER,VILLAGE OF ALMA CENTER WARD 1,PRESIDENT,CLAUDIA DE LA CRUZ KARINA GARCIA,0,JACKSON,V
ALMA CENTER,VILLAGE OF ALMA CENTER WARD 1,PRESIDENT,CORNEL WEST MELINA ABDULLAH,1,JACKSON,V
ALMA CENTER,VILLAGE OF ALMA CENTER WARD 1,PRESIDENT,"ROBERT F. KENNEDY, JR. NICOLE SHANAHAN",2,JACKSON,V
ALMA CENTER,VILLAGE OF ALMA CENTER WARD 1,PRESIDENT,PETER SONSKI LAUREN ONAK (WRITE-IN),0,JACKSON,V
ALMA CENTER,VILLAGE OF ALMA CENTER WARD 1,PRESIDENT,CHERUNDA LYNN FOX (WRITE-IN),0,JACKSON,V
ALMA CENTER,VILLAGE OF ALMA CENTER WARD 1,PRESIDENT,BRIAN KIENITZ (WRITE-IN),0,JACKSON,V
ALMA CENTER,VILLAGE OF ALMA CENTER WARD 1,PRESIDENT,DOUG JENKINS KIMBERLY LALONDE (WRITE-IN),0,JACKSON,V
ALMA CENTER,VILLAGE OF ALMA CENTER WARD 1,PRESIDENT,FUTURE MADAM POTUS JESSICA KENNEDY (WRITE-IN),0,JACKSON,V
ALMA CENTER,VILLAGE OF ALMA CENTER WARD 1,PRESIDENT,"ANDRÉ RAMONE MCNEIL, SR. (WRITE-IN)",0,JACKSON,V
ALMA CENTER,VILLAGE OF ALMA CENTER WARD 1,PRESIDENT,SCATTERING,0,JACKSON,V
HIXTON,VILLAGE OF HIXTON WARD 1,PRESIDENT,KAMALA D. HARRIS TIM WALZ,109,JACKSON,V
HIXTON,VILLAGE OF HIXTON WARD 1,PRESIDENT,DONALD J. TRUMP JD VANCE,133,JACKSON,V
HIXTON,VILLAGE OF HIXTON WARD 1,PRESIDENT,RANDALL TERRY STEPHEN BRODEN,0,JACKSON,V
HIXTON,VILLAGE OF HIXTON WARD 1,PRESIDENT,CHASE RUSSELL OLIVER MIKE TER MAAT,0,JACKSON,V
HIXTON,VILLAGE OF HIXTON WARD 1,PRESIDENT,JILL STEIN RUDOLPH WARE,0,JACKSON,V
HIXTON,VILLAGE OF HIXTON WARD 1,PRESIDENT,CLAUDIA DE LA CRUZ KARINA GARCIA,0,JACKSON,V
HIXTON,VILLAGE OF HIXTON WARD 1,PRESIDENT,CORNEL WEST MELINA ABDULLAH,0,JACKSON,V
HIXTON,VILLAGE OF HIXTON WARD 1,PRESIDENT,"ROBERT F. KENNEDY, JR. NICOLE SHANAHAN",3,JACKSON,V
HIXTON,VILLAGE OF HIXTON WARD 1,PRESIDENT,PETER SONSKI LAUREN ONAK (WRITE-IN),0,JACKSON,V
HIXTON,VILLAGE OF HIXTON WARD 1,PRESIDENT,CHERUNDA LYNN FOX (WRITE-IN),0,JACKSON,V
HIXTON,VILLAGE OF HIXTON WARD 1,PRESIDENT,BRIAN KIENITZ (WRITE-IN),0,JACKSON,V
HIXTON,VILLAGE OF HIXTON WARD 1,PRESIDENT,DOUG JENKINS KIMBERLY LALONDE (WRITE-IN),0,JACKSON,V
HIXTON,VILLAGE OF HIXTON WARD 1,PRESIDENT,FUTURE MADAM POTUS JESSICA KENNEDY (WRITE-IN),0,JACKSON,V
HIXTON,VILLAGE OF HIXTON WARD 1,PRESIDENT,"ANDRÉ RAMONE MCNEIL, SR. (WRITE-IN)",0,JACKSON,V
HIXTON,VILLAGE OF HIXTON WARD 1,PRESIDENT,SCATTERING,0,JACKSON,V
MELROSE,VILLAGE OF MELROSE WARD 1,PRESIDENT,KAMALA D. HARRIS TIM WALZ,119,JACKSON,V
MELROSE,VILLAGE OF MELROSE WARD 1,PRESIDENT,DONALD J. TRUMP JD VANCE,166,JACKSON,V
MELROSE,VILLAGE OF MELROSE WARD 1,PRESIDENT,RANDALL TERRY STEPHEN BRODEN,0,JACKSON,V
MELROSE,VILLAGE OF MELROSE WARD 1,PRESIDENT,CHASE RUSSELL OLIVER MIKE TER MAAT,3,JACKSON,V
MELROSE,VILLAGE OF MELROSE WARD 1,PRESIDENT,JILL STEIN RUDOLPH WARE,1,JACKSON,V
MELROSE,VILLAGE OF MELROSE WARD 1,PRESIDENT,CLAUDIA DE LA CRUZ KARINA GARCIA,1,JACKSON,V
MELROSE,VILLAGE OF MELROSE WARD 1,PRESIDENT,CORNEL WEST MELINA ABDULLAH,0,JACKSON,V
MELROSE,VILLAGE OF MELROSE WARD 1,PRESIDENT,"ROBERT F. KENNEDY, JR. NICOLE SHANAHAN",4,JACKSON,V
MELROSE,VILLAGE OF MELROSE WARD 1,PRESIDENT,PETER SONSKI LAUREN ONAK (WRITE-IN),0,JACKSON,V
MELROSE,VILLAGE OF MELROSE WARD 1,PRESIDENT,CHERUNDA LYNN FOX (WRITE-IN),0,JACKSON,V
MELROSE,VILLAGE OF MELROSE WARD 1,PRESIDENT,BRIAN KIENITZ (WRITE-IN),0,JACKSON,V
MELROSE,VILLAGE OF MELROSE WARD 1,PRESIDENT,DOUG JENKINS KIMBERLY LALONDE (WRITE-IN),0,JACKSON,V
MELROSE,VILLAGE OF MELROSE WARD 1,PRESIDENT,FUTURE MADAM POTUS JESSICA KENNEDY (WRITE-IN),0,JACKSON,V
MELROSE,VILLAGE OF MELROSE WARD 1,PRESIDENT,"ANDRÉ RAMONE MCNEIL, SR. (WRITE-IN)",0,JACKSON,V
MELROSE,VILLAGE OF MELROSE WARD 1,PRESIDENT,SCATTERING,0,JACKSON,V
MERRILLAN,VILLAGE OF MERRILLAN WARD 1,PRESIDENT,KAMALA D. HARRIS TIM WALZ,76,JACKSON,V
MERRILLAN,VILLAGE OF MERRILLAN WARD 1,PRESIDENT,DONALD J. TRUMP JD VANCE,115,JACKSON,V
MERRILLAN,VILLAGE OF MERRILLAN WARD 1,PRESIDENT,RANDALL TERRY STEPHEN BRODEN,0,JACKSON,V
MERRILLAN,VILLAGE OF MERRILLAN WARD 1,PRESIDENT,CHASE RUSSELL OLIVER MIKE TER MAAT,1,JACKSON,V
MERRILLAN,VILLAGE OF MERRILLAN WARD 1,PRESIDENT,JILL STEIN RUDOLPH WARE,0,JACKSON,V
MERRILLAN,VILLAGE OF MERRILLAN WARD 1,PRESIDENT,CLAUDIA DE LA CRUZ KARINA GARCIA,0,JACKSON,V
MERRILLAN,VILLAGE OF MERRILLAN WARD 1,PRESIDENT,CORNEL WEST MELINA ABDULLAH,0,JACKSON,V
MERRILLAN,VILLAGE OF MERRILLAN WARD 1,PRESIDENT,"ROBERT F. KENNEDY, JR. NICOLE SHANAHAN",4,JACKSON,V
MERRILLAN,VILLAGE OF MERRILLAN WARD 1,PRESIDENT,PETER SONSKI LAUREN ONAK (WRITE-IN),0,JACKSON,V
MERRILLAN,VILLAGE OF MERRILLAN WARD 1,PRESIDENT,CHERUNDA LYNN FOX (WRITE-IN),0,JACKSON,V
MERRILLAN,VILLAGE OF MERRILLAN WARD 1,PRESIDENT,BRIAN KIENITZ (WRITE-IN),0,JACKSON,V
MERRILLAN,VILLAGE OF MERRILLAN WARD 1,PRESIDENT,DOUG JENKINS KIMBERLY LALONDE (WRITE-IN),0,JACKSON,V
MERRILLAN,VILLAGE OF MERRILLAN WARD 1,PRESIDENT,FUTURE MADAM POTUS JESSICA KENNEDY (WRITE-IN),0,JACKSON,V
MERRILLAN,VILLAGE OF MERRILLAN WARD 1,PRESIDENT,"ANDRÉ RAMONE MCNEIL, SR. (WRITE-IN)",0,JACKSON,V
MERRILLAN,VILLAGE OF MERRILLAN WARD 1,PRESIDENT,SCATTERING,0,JACKSON,V
MERRILLAN,VILLAGE OF MERRILLAN WARD 2,PRESIDENT,KAMALA D. HARRIS TIM WALZ,14,JACKSON,V
MERRILLAN,VILLAGE OF MERRILLAN WARD 2,PRESIDENT,DONALD J. TRUMP JD VANCE,21,JACKSON,V
MERRILLAN,VILLAGE OF MERRILLAN WARD 2,PRESIDENT,RANDALL TERRY STEPHEN BRODEN,0,JACKSON,V
MERRILLAN,VILLAGE OF MERRILLAN WARD 2,PRESIDENT,CHASE RUSSELL OLIVER MIKE TER MAAT,0,JACKSON,V
MERRILLAN,VILLAGE OF MERRILLAN WARD 2,PRESIDENT,JILL STEIN RUDOLPH WARE,0,JACKSON,V
MERRILLAN,VILLAGE OF MERRILLAN WARD 2,PRESIDENT,CLAUDIA DE LA CRUZ KARINA GARCIA,0,JACKSON,V
MERRILLAN,VILLAGE OF MERRILLAN WARD 2,PRESIDENT,CORNEL WEST MELINA ABDULLAH,0,JACKSON,V
MERRILLAN,VILLAGE OF MERRILLAN WARD 2,PRESIDENT,"ROBERT F. KENNEDY, JR. NICOLE SHANAHAN",0,JACKSON,V
MERRILLAN,VILLAGE OF MERRILLAN WARD 2,PRESIDENT,PETER SONSKI LAUREN ONAK (WRITE-IN),0,JACKSON,V
MERRILLAN,VILLAGE OF MERRILLAN WARD 2,PRESIDENT,CHERUNDA LYNN FOX (WRITE-IN),0,JACKSON,V
MERRILLAN,VILLAGE OF MERRILLAN WARD 2,PRESIDENT,BRIAN KIENITZ (WRITE-IN),0,JACKSON,V
MERRILLAN,VILLAGE OF MERRILLAN WARD 2,PRESIDENT,DOUG JENKINS KIMBERLY LALONDE (WRITE-IN),0,JACKSON,V
MERRILLAN,VILLAGE OF MERRILLAN WARD 2,PRESIDENT,FUTURE MADAM POTUS JESSICA KENNEDY (WRITE-IN),0,JACKSON,V
MERRILLAN,VILLAGE OF MERRILLAN WARD 2,PRESIDENT,"ANDRÉ RAMONE MCNEIL, SR. (WRITE-IN)",0,JACKSON,V
MERRILLAN,VILLAGE OF MERRILLAN WARD 2,PRESIDENT,SCATTERING,0,JACKSON,V
TAYLOR,VILLAGE OF TAYLOR WARD 1,PRESIDENT,KAMALA D. HARRIS TIM WALZ,69,JACKSON,V
TAYLOR,VILLAGE OF TAYLOR WARD 1,PRESIDENT,DONALD J. TRUMP JD VANCE,112,JACKSON,V
TAYLOR,VILLAGE OF TAYLOR WARD 1,PRESIDENT,RANDALL TERRY STEPHEN BRODEN,0,JACKSON,V
TAYLOR,VILLAGE OF TAYLOR WARD 1,PRESIDENT,CHASE RUSSELL OLIVER MIKE TER MAAT,0,JACKSON,V
TAYLOR,VILLAGE OF TAYLOR WARD 1,PRESIDENT,JILL STEIN RUDOLPH WARE,0,JACKSON,V
TAYLOR,VILLAGE OF TAYLOR WARD 1,PRESIDENT,CLAUDIA DE LA CRUZ KARINA GARCIA,0,JACKSON,V
TAYLOR,VILLAGE OF TAYLOR WARD 1,PRESIDENT,CORNEL WEST MELINA ABDULLAH,0,JACKSON,V
TAYLOR,VILLAGE OF TAYLOR WARD 1,PRESIDENT,"ROBERT F. KENNEDY, JR. NICOLE SHANAHAN",0,JACKSON,V
TAYLOR,VILLAGE OF TAYLOR WARD 1,PRESIDENT,PETER SONSKI LAUREN ONAK (WRITE-IN),0,JACKSON,V
TAYLOR,VILLAGE OF TAYLOR WARD 1,PRESIDENT,CHERUNDA LYNN FOX (WRITE-IN),0,JACKSON,V
TAYLOR,VILLAGE OF TAYLOR WARD 1,PRESIDENT,BRIAN KIENITZ (WRITE-IN),0,JACKSON,V
TAYLOR,VILLAGE OF TAYLOR WARD 1,PRESIDENT,DOUG JENKINS KIMBERLY LALONDE (WRITE-IN),0,JACKSON,V
TAYLOR,VILLAGE OF TAYLOR WARD 1,PRESIDENT,FUTURE MADAM POTUS JESSICA KENNEDY (WRITE-IN),0,JACKSON,V
TAYLOR,VILLAGE OF TAYLOR WARD 1,PRESIDENT,"ANDRÉ RAMONE MCNEIL, SR. (WRITE-IN)",0,JACKSON,V
TAYLOR,VILLAGE OF TAYLOR WARD 1,PRESIDENT,SCATTERING,0,JACKSON,V
BLACK RIVER FALLS,CITY OF BLACK RIVER FALLS WARD 1,PRESIDENT,KAMALA D. HARRIS TIM WALZ,246,JACKSON,C
BLACK RIVER FALLS,CITY OF BLACK RIVER FALLS WARD 1,PRESIDENT,DONALD J. TRUMP JD VANCE,235,JACKSON,C
BLACK RIVER FALLS,CITY OF BLACK RIVER FALLS WARD 1,PRESIDENT,RANDALL TERRY STEPHEN BRODEN,1,JACKSON,C
BLACK RIVER FALLS,CITY OF BLACK RIVER FALLS WARD 1,PRESIDENT,CHASE RUSSELL OLIVER MIKE TER MAAT,1,JACKSON,C
BLACK RIVER FALLS,CITY OF BLACK RIVER FALLS WARD 1,PRESIDENT,JILL STEIN RUDOLPH WARE,2,JACKSON,C
BLACK RIVER FALLS,CITY OF BLACK RIVER FALLS WARD 1,PRESIDENT,CLAUDIA DE LA CRUZ KARINA GARCIA,0,JACKSON,C
BLACK RIVER FALLS,CITY OF BLACK RIVER FALLS WARD 1,PRESIDENT,CORNEL WEST MELINA ABDULLAH,0,JACKSON,C
BLACK RIVER FALLS,CITY OF BLACK RIVER FALLS WARD 1,PRESIDENT,"ROBERT F. KENNEDY, JR. NICOLE SHANAHAN",1,JACKSON,C
BLACK RIVER FALLS,CITY OF BLACK RIVER FALLS WARD 1,PRESIDENT,PETER SONSKI LAUREN ONAK (WRITE-IN),0,JACKSON,C
BLACK RIVER FALLS,CITY OF BLACK RIVER FALLS WARD 1,PRESIDENT,CHERUNDA LYNN FOX (WRITE-IN),0,JACKSON,C
BLACK RIVER FALLS,CITY OF BLACK RIVER FALLS WARD 1,PRESIDENT,BRIAN KIENITZ (WRITE-IN),0,JACKSON,C
BLACK RIVER FALLS,CITY OF BLACK RIVER FALLS WARD 1,PRESIDENT,DOUG JENKINS KIMBERLY LALONDE (WRITE-IN),0,JACKSON,C
BLACK RIVER FALLS,CITY OF BLACK RIVER FALLS WARD 1,PRESIDENT,FUTURE MADAM POTUS JESSICA KENNEDY (WRITE-IN),0,JACKSON,C
BLACK RIVER FALLS,CITY OF BLACK RIVER FALLS WARD 1,PRESIDENT,"ANDRÉ RAMONE MCNEIL, SR. (WRITE-IN)",0,JACKSON,C
BLACK RIVER FALLS,CITY OF BLACK RIVER FALLS WARD 1,PRESIDENT,SCATTERING,0,JACKSON,C
BLACK RIVER FALLS,CITY OF BLACK RIVER FALLS WARD 2,PRESIDENT,KAMALA D. HARRIS TIM WALZ,245,JACKSON,C
BLACK RIVER FALLS,CITY OF BLACK RIVER FALLS WARD 2,PRESIDENT,DONALD J. TRUMP JD VANCE,221,JACKSON,C
BLACK RIVER FALLS,CITY OF BLACK RIVER FALLS WARD 2,PRESIDENT,RANDALL TERRY STEPHEN BRODEN,1,JACKSON,C
BLACK RIVER FALLS,CITY OF BLACK RIVER FALLS WARD 2,PRESIDENT,CHASE RUSSELL OLIVER MIKE TER MAAT,1,JACKSON,C
BLACK RIVER FALLS,CITY OF BLACK RIVER FALLS WARD 2,PRESIDENT,JILL STEIN RUDOLPH WARE,0,JACKSON,C
BLACK RIVER FALLS,CITY OF BLACK RIVER FALLS WARD 2,PRESIDENT,CLAUDIA DE LA CRUZ KARINA GARCIA,0,JACKSON,C
BLACK RIVER FALLS,CITY OF BLACK RIVER FALLS WARD 2,PRESIDENT,CORNEL WEST MELINA ABDULLAH,0,JACKSON,C
BLACK RIVER FALLS,CITY OF BLACK RIVER FALLS WARD 2,PRESIDENT,"ROBERT F. KENNEDY, JR. NICOLE SHANAHAN",3,JACKSON,C
BLACK RIVER FALLS,CITY OF BLACK RIVER FALLS WARD 2,PRESIDENT,PETER SONSKI LAUREN ONAK (WRITE-IN),0,JACKSON,C
BLACK RIVER FALLS,CITY OF BLACK RIVER FALLS WARD 2,PRESIDENT,CHERUNDA LYNN FOX (WRITE-IN),0,JACKSON,C
BLACK RIVER FALLS,CITY OF BLACK RIVER FALLS WARD 2,PRESIDENT,BRIAN KIENITZ (WRITE-IN),0,JACKSON,C
BLACK RIVER FALLS,CITY OF BLACK RIVER FALLS WARD 2,PRESIDENT,DOUG JENKINS KIMBERLY LALONDE (WRITE-IN),0,JACKSON,C
BLACK RIVER FALLS,CITY OF BLACK RIVER FALLS WARD 2,PRESIDENT,FUTURE MADAM POTUS JESSICA KENNEDY (WRITE-IN),0,JACKSON,C
BLACK RIVER FALLS,CITY OF BLACK RIVER FALLS WARD 2,PRESIDENT,"ANDRÉ RAMONE MCNEIL, SR. (WRITE-IN)",0,JACKSON,C
BLACK RIVER FALLS,CITY OF BLACK RIVER FALLS WARD 2,PRESIDENT,SCATTERING,0,JACKSON,C
BLACK RIVER FALLS,CITY OF BLACK RIVER FALLS WARD 3,PRESIDENT,KAMALA D. HARRIS TIM WALZ,124,JACKSON,C
BLACK RIVER FALLS,CITY OF BLACK RIVER FALLS WARD 3,PRESIDENT,DONALD J. TRUMP JD VANCE,118,JACKSON,C
BLACK RIVER FALLS,CITY OF BLACK RIVER FALLS WARD 3,PRESIDENT,RANDALL TERRY STEPHEN BRODEN,1,JACKSON,C
BLACK RIVER FALLS,CITY OF BLACK RIVER FALLS WARD 3,PRESIDENT,CHASE RUSSELL OLIVER MIKE TER MAAT,0,JACKSON,C
BLACK RIVER FALLS,CITY OF BLACK RIVER FALLS WARD 3,PRESIDENT,JILL STEIN RUDOLPH WARE,0,JACKSON,C
BLACK RIVER FALLS,CITY OF BLACK RIVER FALLS WARD 3,PRESIDENT,CLAUDIA DE LA CRUZ KARINA GARCIA,0,JACKSON,C
BLACK RIVER FALLS,CITY OF BLACK RIVER FALLS WARD 3,PRESIDENT,CORNEL WEST MELINA ABDULLAH,0,JACKSON,C
BLACK RIVER FALLS,CITY OF BLACK RIVER FALLS WARD 3,PRESIDENT,"ROBERT F. KENNEDY, JR. NICOLE SHANAHAN",2,JACKSON,C
BLACK RIVER FALLS,CITY OF BLACK RIVER FALLS WARD 3,PRESIDENT,PETER SONSKI LAUREN ONAK (WRITE-IN),0,JACKSON,C
BLACK RIVER FALLS,CITY OF BLACK RIVER FALLS WARD 3,PRESIDENT,CHERUNDA LYNN FOX (WRITE-IN),0,JACKSON,C
BLACK RIVER FALLS,CITY OF BLACK RIVER FALLS WARD 3,PRESIDENT,BRIAN KIENITZ (WRITE-IN),0,JACKSON,C
BLACK RIVER FALLS,CITY OF BLACK RIVER FALLS WARD 3,PRESIDENT,DOUG JENKINS KIMBERLY LALONDE (WRITE-IN),0,JACKSON,C
BLACK RIVER FALLS,CITY OF BLACK RIVER FALLS WARD 3,PRESIDENT,FUTURE MADAM POTUS JESSICA KENNEDY (WRITE-IN),0,JACKSON,C
BLACK RIVER FALLS,CITY OF BLACK RIVER FALLS WARD 3,PRESIDENT,"ANDRÉ RAMONE MCNEIL, SR. (WRITE-IN)",0,JACKSON,C
BLACK RIVER FALLS,CITY OF BLACK RIVER FALLS WARD 3,PRESIDENT,SCATTERING,0,JACKSON,C
BLACK RIVER FALLS,CITY OF BLACK RIVER FALLS WARD 4,PRESIDENT,KAMALA D. HARRIS TIM WALZ,246,JACKSON,C
BLACK RIVER FALLS,CITY OF BLACK RIVER FALLS WARD 4,PRESIDENT,DONALD J. TRUMP JD VANCE,271,JACKSON,C
BLACK RIVER FALLS,CITY OF BLACK RIVER FALLS WARD 4,PRESIDENT,RANDALL TERRY STEPHEN BRODEN,2,JACKSON,C
BLACK RIVER FALLS,CITY OF BLACK RIVER FALLS WARD 4,PRESIDENT,CHASE RUSSELL OLIVER MIKE TER MAAT,3,JACKSON,C
BLACK RIVER FALLS,CITY OF BLACK RIVER FALLS WARD 4,PRESIDENT,JILL STEIN RUDOLPH WARE,5,JACKSON,C
BLACK RIVER FALLS,CITY OF BLACK RIVER FALLS WARD 4,PRESIDENT,CLAUDIA DE LA CRUZ KARINA GARCIA,1,JACKSON,C
BLACK RIVER FALLS,CITY OF BLACK RIVER FALLS WARD 4,PRESIDENT,CORNEL WEST MELINA ABDULLAH,1,JACKSON,C
BLACK RIVER FALLS,CITY OF BLACK RIVER FALLS WARD 4,PRESIDENT,"ROBERT F. KENNEDY, JR. NICOLE SHANAHAN",1,JACKSON,C
BLACK RIVER FALLS,CITY OF BLACK RIVER FALLS WARD 4,PRESIDENT,PETER SONSKI LAUREN ONAK (WRITE-IN),0,JACKSON,C
BLACK RIVER FALLS,CITY OF BLACK RIVER FALLS WARD 4,PRESIDENT,CHERUNDA LYNN FOX (WRITE-IN),0,JACKSON,C
BLACK RIVER FALLS,CITY OF BLACK RIVER FALLS WARD 4,PRESIDENT,BRIAN KIENITZ (WRITE-IN),0,JACKSON,C
BLACK RIVER FALLS,CITY OF BLACK RIVER FALLS WARD 4,PRESIDENT,DOUG JENKINS KIMBERLY LALONDE (WRITE-IN),0,JACKSON,C
BLACK RIVER FALLS,CITY OF BLACK RIVER FALLS WARD 4,PRESIDENT,FUTURE MADAM POTUS JESSICA KENNEDY (WRITE-IN),0,JACKSON,C
BLACK RIVER FALLS,CITY OF BLACK RIVER FALLS WARD 4,PRESIDENT,"ANDRÉ RAMONE MCNEIL, SR. (WRITE-IN)",0,JACKSON,C
BLACK RIVER FALLS,CITY OF BLACK RIVER FALLS WARD 4,PRESIDENT,SCATTERING,0,JACKSON,C
ADAMS,TOWN OF ADAMS WARDS 1-3,US SENATE,TAMMY BALDWIN,355,JACKSON,T
ADAMS,TOWN OF ADAMS WARDS 1-3,US SENATE,ERIC HOVDE,517,JACKSON,T
ADAMS,TOWN OF ADAMS WARDS 1-3,US SENATE,PHIL ANDERSON,8,JACKSON,T
ADAMS,TOWN OF ADAMS WARDS 1-3,US SENATE,THOMAS LEAGER,12,JACKSON,T
ADAMS,TOWN OF ADAMS WARDS 1-3,US SENATE,JOHN SCHIESS (WRITE-IN),0,JACKSON,T
ADAMS,TOWN OF ADAMS WARDS 1-3,US SENATE,SCATTERING,0,JACKSON,T
ALBION,TOWN OF ALBION WARDS 1-4,US SENATE,TAMMY BALDWIN,265,JACKSON,T
ALBION,TOWN OF ALBION WARDS 1-4,US SENATE,ERIC HOVDE,407,JACKSON,T
ALBION,TOWN OF ALBION WARDS 1-4,US SENATE,PHIL ANDERSON,6,JACKSON,T
ALBION,TOWN OF ALBION WARDS 1-4,US SENATE,THOMAS LEAGER,4,JACKSON,T
ALBION,TOWN OF ALBION WARDS 1-4,US SENATE,JOHN SCHIESS (WRITE-IN),0,JACKSON,T
ALBION,TOWN OF ALBION WARDS 1-4,US SENATE,SCATTERING,0,JACKSON,T
ALMA,"TOWN OF ALMA WARDS 1,4- 5",US SENATE,TAMMY BALDWIN,55,JACKSON,T
ALMA,"TOWN OF ALMA WARDS 1,4- 5",US SENATE,ERIC HOVDE,111,JACKSON,T
ALMA,"TOWN OF ALMA WARDS 1,4- 5",US SENATE,PHIL ANDERSON,1,JACKSON,T
ALMA,"TOWN OF ALMA WARDS 1,4- 5",US SENATE,THOMAS LEAGER,3,JACKSON,T
ALMA,"TOWN OF ALMA WARDS 1,4- 5",US SENATE,JOHN SCHIESS (WRITE-IN),0,JACKSON,T
ALMA,"TOWN OF ALMA WARDS 1,4- 5",US SENATE,SCATTERING,0,JACKSON,T
ALMA,TOWN OF ALMA WARDS 2-3,US SENATE,TAMMY BALDWIN,139,JACKSON,T
ALMA,TOWN OF ALMA WARDS 2-3,US SENATE,ERIC HOVDE,219,JACKSON,T
ALMA,TOWN OF ALMA WARDS 2-3,US SENATE,PHIL ANDERSON,3,JACKSON,T
ALMA,TOWN OF ALMA WARDS 2-3,US SENATE,THOMAS LEAGER,3,JACKSON,T
ALMA,TOWN OF ALMA WARDS 2-3,US SENATE,JOHN SCHIESS (WRITE-IN),0,JACKSON,T
ALMA,TOWN OF ALMA WARDS 2-3,US SENATE,SCATTERING,0,JACKSON,T
BEAR BLUFF,TOWN OF BEAR BLUFF WARD 1,US SENATE,TAMMY BALDWIN,13,JACKSON,T
BEAR BLUFF,TOWN OF BEAR BLUFF WARD 1,US SENATE,ERIC HOVDE,68,JACKSON,T
BEAR BLUFF,TOWN OF BEAR BLUFF WARD 1,US SENATE,PHIL ANDERSON,2,JACKSON,T
BEAR BLUFF,TOWN OF BEAR BLUFF WARD 1,US SENATE,THOMAS LEAGER,1,JACKSON,T
BEAR BLUFF,TOWN OF BEAR BLUFF WARD 1,US SENATE,JOHN SCHIESS (WRITE-IN),0,JACKSON,T
BEAR BLUFF,TOWN OF BEAR BLUFF WARD 1,US SENATE,SCATTERING,0,JACKSON,T
BROCKWAY,TOWN OF BROCKWAY WARDS 1-6,US SENATE,TAMMY BALDWIN,527,JACKSON,T
BROCKWAY,TOWN OF BROCKWAY WARDS 1-6,US SENATE,ERIC HOVDE,372,JACKSON,T
BROCKWAY,TOWN OF BROCKWAY WARDS 1-6,US SENATE,PHIL ANDERSON,23,JACKSON,T
BROCKWAY,TOWN OF BROCKWAY WARDS 1-6,US SENATE,THOMAS LEAGER,19,JACKSON,T
BROCKWAY,TOWN OF BROCKWAY WARDS 1-6,US SENATE,JOHN SCHIESS (WRITE-IN),0,JACKSON,T
BROCKWAY,TOWN OF BROCKWAY WARDS 1-6,US SENATE,SCATTERING,0,JACKSON,T
CITY POINT,TOWN OF CITY POINT WARD 1,US SENATE,TAMMY BALDWIN,50,JACKSON,T
CITY POINT,TOWN OF CITY POINT WARD 1,US SENATE,ERIC HOVDE,77,JACKSON,T
CITY POINT,TOWN OF CITY POINT WARD 1,US SENATE,PHIL ANDERSON,4,JACKSON,T
CITY POINT,TOWN OF CITY POINT WARD 1,US SENATE,THOMAS LEAGER,1,JACKSON,T
CITY POINT,TOWN OF CITY POINT WARD 1,US SENATE,JOHN SCHIESS (WRITE-IN),0,JACKSON,T
CITY POINT,TOWN OF CITY POINT WARD 1,US SENATE,SCATTERING,0,JACKSON,T
CLEVELAND,TOWN OF CLEVELAND WARD 1,US SENATE,TAMMY BALDWIN,94,JACKSON,T
CLEVELAND,TOWN OF CLEVELAND WARD 1,US SENATE,ERIC HOVDE,195,JACKSON,T
CLEVELAND,TOWN OF CLEVELAND WARD 1,US SENATE,PHIL ANDERSON,6,JACKSON,T
CLEVELAND,TOWN OF CLEVELAND WARD 1,US SENATE,THOMAS LEAGER,5,JACKSON,T
CLEVELAND,TOWN OF CLEVELAND WARD 1,US SENATE,JOHN SCHIESS (WRITE-IN),0,JACKSON,T
CLEVELAND,TOWN OF CLEVELAND WARD 1,US SENATE,SCATTERING,0,JACKSON,T
CURRAN,TOWN OF CURRAN WARD 1,US SENATE,TAMMY BALDWIN,61,JACKSON,T
CURRAN,TOWN OF CURRAN WARD 1,US SENATE,ERIC HOVDE,105,JACKSON,T
CURRAN,TOWN OF CURRAN WARD 1,US SENATE,PHIL ANDERSON,1,JACKSON,T
CURRAN,TOWN OF CURRAN WARD 1,US SENATE,THOMAS LEAGER,2,JACKSON,T
CURRAN,TOWN OF CURRAN WARD 1,US SENATE,JOHN SCHIESS (WRITE-IN),0,JACKSON,T
CURRAN,TOWN OF CURRAN WARD 1,US SENATE,SCATTERING,0,JACKSON,T
FRANKLIN,TOWN OF FRANKLIN WARD 1,US SENATE,TAMMY BALDWIN,75,JACKSON,T
FRANKLIN,TOWN OF FRANKLIN WARD 1,US SENATE,ERIC HOVDE,103,JACKSON,T
FRANKLIN,TOWN OF FRANKLIN WARD 1,US SENATE,PHIL ANDERSON,1,JACKSON,T
FRANKLIN,TOWN OF FRANKLIN WARD 1,US SENATE,THOMAS LEAGER,4,JACKSON,T
FRANKLIN,TOWN OF FRANKLIN WARD 1,US SENATE,JOHN SCHIESS (WRITE-IN),0,JACKSON,T
FRANKLIN,TOWN OF FRANKLIN WARD 1,US SENATE,SCATTERING,0,JACKSON,T
GARDEN VALLEY,TOWN OF GARDEN VALLEY WARD 1,US SENATE,TAMMY BALDWIN,74,JACKSON,T
GARDEN VALLEY,TOWN OF GARDEN VALLEY WARD 1,US SENATE,ERIC HOVDE,165,JACKSON,T
GARDEN VALLEY,TOWN OF GARDEN VALLEY WARD 1,US SENATE,PHIL ANDERSON,3,JACKSON,T
GARDEN VALLEY,TOWN OF GARDEN VALLEY WARD 1,US SENATE,THOMAS LEAGER,0,JACKSON,T
GARDEN VALLEY,TOWN OF GARDEN VALLEY WARD 1,US SENATE,JOHN SCHIESS (WRITE-IN),0,JACKSON,T
GARDEN VALLEY,TOWN OF GARDEN VALLEY WARD 1,US SENATE,SCATTERING,0,JACKSON,T
GARFIELD,TOWN OF GARFIELD WARDS 1-2,US SENATE,TAMMY BALDWIN,117,JACKSON,T
GARFIELD,TOWN OF GARFIELD WARDS 1-2,US SENATE,ERIC HOVDE,294,JACKSON,T
GARFIELD,TOWN OF GARFIELD WARDS 1-2,US SENATE,PHIL ANDERSON,7,JACKSON,T
GARFIELD,TOWN OF GARFIELD WARDS 1-2,US SENATE,THOMAS LEAGER,4,JACKSON,T
GARFIELD,TOWN OF GARFIELD WARDS 1-2,US SENATE,JOHN SCHIESS (WRITE-IN),0,JACKSON,T
GARFIELD,TOWN OF GARFIELD WARDS 1-2,US SENATE,SCATTERING,0,JACKSON,T
HIXTON,TOWN OF HIXTON WARDS 1-2,US SENATE,TAMMY BALDWIN,108,JACKSON,T
HIXTON,TOWN OF HIXTON WARDS 1-2,US SENATE,ERIC HOVDE,225,JACKSON,T
HIXTON,TOWN OF HIXTON WARDS 1-2,US SENATE,PHIL ANDERSON,3,JACKSON,T
HIXTON,TOWN OF HIXTON WARDS 1-2,US SENATE,THOMAS LEAGER,3,JACKSON,T
HIXTON,TOWN OF HIXTON WARDS 1-2,US SENATE,JOHN SCHIESS (WRITE-IN),0,JACKSON,T
HIXTON,TOWN OF HIXTON WARDS 1-2,US SENATE,SCATTERING,0,JACKSON,T
IRVING,TOWN OF IRVING WARDS 1-3,US SENATE,TAMMY BALDWIN,159,JACKSON,T
IRVING,TOWN OF IRVING WARDS 1-3,US SENATE,ERIC HOVDE,239,JACKSON,T
IRVING,TOWN OF IRVING WARDS 1-3,US SENATE,PHIL ANDERSON,12,JACKSON,T
IRVING,TOWN OF IRVING WARDS 1-3,US SENATE,THOMAS LEAGER,1,JACKSON,T
IRVING,TOWN OF IRVING WARDS 1-3,US SENATE,JOHN SCHIESS (WRITE-IN),0,JACKSON,T
IRVING,TOWN OF IRVING WARDS 1-3,US SENATE,SCATTERING,0,JACKSON,T
KNAPP,TOWN OF KNAPP WARD 1,US SENATE,TAMMY BALDWIN,64,JACKSON,T
KNAPP,TOWN OF KNAPP WARD 1,US SENATE,ERIC HOVDE,141,JACKSON,T
KNAPP,TOWN OF KNAPP WARD 1,US SENATE,PHIL ANDERSON,5,JACKSON,T
KNAPP,TOWN OF KNAPP WARD 1,US SENATE,THOMAS LEAGER,2,JACKSON,T
KNAPP,TOWN OF KNAPP WARD 1,US SENATE,JOHN SCHIESS (WRITE-IN),0,JACKSON,T
KNAPP,TOWN OF KNAPP WARD 1,US SENATE,SCATTERING,0,JACKSON,T
KOMENSKY,TOWN OF KOMENSKY WARD 1,US SENATE,TAMMY BALDWIN,122,JACKSON,T
KOMENSKY,TOWN OF KOMENSKY WARD 1,US SENATE,ERIC HOVDE,33,JACKSON,T
KOMENSKY,TOWN OF KOMENSKY WARD 1,US SENATE,PHIL ANDERSON,4,JACKSON,T
KOMENSKY,TOWN OF KOMENSKY WARD 1,US SENATE,THOMAS LEAGER,4,JACKSON,T
KOMENSKY,TOWN OF KOMENSKY WARD 1,US SENATE,JOHN SCHIESS (WRITE-IN),1,JACKSON,T
KOMENSKY,TOWN OF KOMENSKY WARD 1,US SENATE,SCATTERING,0,JACKSON,T
MANCHESTER,TOWN OF MANCHESTER WARD 1,US SENATE,TAMMY BALDWIN,137,JACKSON,T
MANCHESTER,TOWN OF MANCHESTER WARD 1,US SENATE,ERIC HOVDE,327,JACKSON,T
MANCHESTER,TOWN OF MANCHESTER WARD 1,US SENATE,PHIL ANDERSON,6,JACKSON,T
MANCHESTER,TOWN OF MANCHESTER WARD 1,US SENATE,THOMAS LEAGER,6,JACKSON,T
MANCHESTER,TOWN OF MANCHESTER WARD 1,US SENATE,JOHN SCHIESS (WRITE-IN),1,JACKSON,T
MANCHESTER,TOWN OF MANCHESTER WARD 1,US SENATE,SCATTERING,0,JACKSON,T
MELROSE,TOWN OF MELROSE WARD 1,US SENATE,TAMMY BALDWIN,86,JACKSON,T
MELROSE,TOWN OF MELROSE WARD 1,US SENATE,ERIC HOVDE,173,JACKSON,T
MELROSE,TOWN OF MELROSE WARD 1,US SENATE,PHIL ANDERSON,1,JACKSON,T
MELROSE,TOWN OF MELROSE WARD 1,US SENATE,THOMAS LEAGER,2,JACKSON,T
MELROSE,TOWN OF MELROSE WARD 1,US SENATE,JOHN SCHIESS (WRITE-IN),0,JACKSON,T
MELROSE,TOWN OF MELROSE WARD 1,US SENATE,SCATTERING,0,JACKSON,T
MILLSTON,TOWN OF MILLSTON WARDS 1-2,US SENATE,TAMMY BALDWIN,39,JACKSON,T
MILLSTON,TOWN OF MILLSTON WARDS 1-2,US SENATE,ERIC HOVDE,70,JACKSON,T
MILLSTON,TOWN OF MILLSTON WARDS 1-2,US SENATE,PHIL ANDERSON,2,JACKSON,T
MILLSTON,TOWN OF MILLSTON WARDS 1-2,US SENATE,THOMAS LEAGER,2,JACKSON,T
MILLSTON,TOWN OF MILLSTON WARDS 1-2,US SENATE,JOHN SCHIESS (WRITE-IN),0,JACKSON,T
MILLSTON,TOWN OF MILLSTON WARDS 1-2,US SENATE,SCATTERING,0,JACKSON,T
NORTH BEND,TOWN OF NORTH BEND WARD 1,US SENATE,TAMMY BALDWIN,118,JACKSON,T
NORTH BEND,TOWN OF NORTH BEND WARD 1,US SENATE,ERIC HOVDE,165,JACKSON,T
NORTH BEND,TOWN OF NORTH BEND WARD 1,US SENATE,PHIL ANDERSON,3,JACKSON,T
NORTH BEND,TOWN OF NORTH BEND WARD 1,US SENATE,THOMAS LEAGER,2,JACKSON,T
NORTH BEND,TOWN OF NORTH BEND WARD 1,US SENATE,JOHN SCHIESS (WRITE-IN),1,JACKSON,T
NORTH BEND,TOWN OF NORTH BEND WARD 1,US SENATE,SCATTERING,0,JACKSON,T
NORTHFIELD,TOWN OF NORTHFIELD WARD 1,US SENATE,TAMMY BALDWIN,129,JACKSON,T
NORTHFIELD,TOWN OF NORTHFIELD WARD 1,US SENATE,ERIC HOVDE,228,JACKSON,T
NORTHFIELD,TOWN OF NORTHFIELD WARD 1,US SENATE,PHIL ANDERSON,5,JACKSON,T
NORTHFIELD,TOWN OF NORTHFIELD WARD 1,US SENATE,THOMAS LEAGER,6,JACKSON,T
NORTHFIELD,TOWN OF NORTHFIELD WARD 1,US SENATE,JOHN SCHIESS (WRITE-IN),0,JACKSON,T
NORTHFIELD,TOWN OF NORTHFIELD WARD 1,US SENATE,SCATTERING,0,JACKSON,T
SPRINGFIELD,TOWN OF SPRINGFIELD WARDS 1-2,US SENATE,TAMMY BALDWIN,112,JACKSON,T
SPRINGFIELD,TOWN OF SPRINGFIELD WARDS 1-2,US SENATE,ERIC HOVDE,152,JACKSON,T
SPRINGFIELD,TOWN OF SPRINGFIELD WARDS 1-2,US SENATE,PHIL ANDERSON,5,JACKSON,T
SPRINGFIELD,TOWN OF SPRINGFIELD WARDS 1-2,US SENATE,THOMAS LEAGER,5,JACKSON,T
SPRINGFIELD,TOWN OF SPRINGFIELD WARDS 1-2,US SENATE,JOHN SCHIESS (WRITE-IN),0,JACKSON,T
SPRINGFIELD,TOWN OF SPRINGFIELD WARDS 1-2,US SENATE,SCATTERING,0,JACKSON,T
ALMA CENTER,VILLAGE OF ALMA CENTER WARD 1,US SENATE,TAMMY BALDWIN,131,JACKSON,V
ALMA CENTER,VILLAGE OF ALMA CENTER WARD 1,US SENATE,ERIC HOVDE,120,JACKSON,V
ALMA CENTER,VILLAGE OF ALMA CENTER WARD 1,US SENATE,PHIL ANDERSON,4,JACKSON,V
ALMA CENTER,VILLAGE OF ALMA CENTER WARD 1,US SENATE,THOMAS LEAGER,2,JACKSON,V
ALMA CENTER,VILLAGE OF ALMA CENTER WARD 1,US SENATE,JOHN SCHIESS (WRITE-IN),1,JACKSON,V
ALMA CENTER,VILLAGE OF ALMA CENTER WARD 1,US SENATE,SCATTERING,0,JACKSON,V
HIXTON,VILLAGE OF HIXTON WARD 1,US SENATE,TAMMY BALDWIN,106,JACKSON,V
HIXTON,VILLAGE OF HIXTON WARD 1,US SENATE,ERIC HOVDE,121,JACKSON,V
HIXTON,VILLAGE OF HIXTON WARD 1,US SENATE,PHIL ANDERSON,7,JACKSON,V
HIXTON,VILLAGE OF HIXTON WARD 1,US SENATE,THOMAS LEAGER,7,JACKSON,V
HIXTON,VILLAGE OF HIXTON WARD 1,US SENATE,JOHN SCHIESS (WRITE-IN),0,JACKSON,V
HIXTON,VILLAGE OF HIXTON WARD 1,US SENATE,SCATTERING,0,JACKSON,V
MELROSE,VILLAGE OF MELROSE WARD 1,US SENATE,TAMMY BALDWIN,123,JACKSON,V
MELROSE,VILLAGE OF MELROSE WARD 1,US SENATE,ERIC HOVDE,155,JACKSON,V
MELROSE,VILLAGE OF MELROSE WARD 1,US SENATE,PHIL ANDERSON,7,JACKSON,V
MELROSE,VILLAGE OF MELROSE WARD 1,US SENATE,THOMAS LEAGER,8,JACKSON,V
MELROSE,VILLAGE OF MELROSE WARD 1,US SENATE,JOHN SCHIESS (WRITE-IN),0,JACKSON,V
MELROSE,VILLAGE OF MELROSE WARD 1,US SENATE,SCATTERING,0,JACKSON,V
MERRILLAN,VILLAGE OF MERRILLAN WARD 1,US SENATE,TAMMY BALDWIN,82,JACKSON,V
MERRILLAN,VILLAGE OF MERRILLAN WARD 1,US SENATE,ERIC HOVDE,98,JACKSON,V
MERRILLAN,VILLAGE OF MERRILLAN WARD 1,US SENATE,PHIL ANDERSON,8,JACKSON,V
MERRILLAN,VILLAGE OF MERRILLAN WARD 1,US SENATE,THOMAS LEAGER,8,JACKSON,V
MERRILLAN,VILLAGE OF MERRILLAN WARD 1,US SENATE,JOHN SCHIESS (WRITE-IN),0,JACKSON,V
MERRILLAN,VILLAGE OF MERRILLAN WARD 1,US SENATE,SCATTERING,0,JACKSON,V
MERRILLAN,VILLAGE OF MERRILLAN WARD 2,US SENATE,TAMMY BALDWIN,15,JACKSON,V
MERRILLAN,VILLAGE OF MERRILLAN WARD 2,US SENATE,ERIC HOVDE,15,JACKSON,V
MERRILLAN,VILLAGE OF MERRILLAN WARD 2,US SENATE,PHIL ANDERSON,0,JACKSON,V
MERRILLAN,VILLAGE OF MERRILLAN WARD 2,US SENATE,THOMAS LEAGER,2,JACKSON,V
MERRILLAN,VILLAGE OF MERRILLAN WARD 2,US SENATE,JOHN SCHIESS (WRITE-IN),0,JACKSON,V
MERRILLAN,VILLAGE OF MERRILLAN WARD 2,US SENATE,SCATTERING,0,JACKSON,V
TAYLOR,VILLAGE OF TAYLOR WARD 1,US SENATE,TAMMY BALDWIN,72,JACKSON,V
TAYLOR,VILLAGE OF TAYLOR WARD 1,US SENATE,ERIC HOVDE,103,JACKSON,V
TAYLOR,VILLAGE OF TAYLOR WARD 1,US SENATE,PHIL ANDERSON,5,JACKSON,V
TAYLOR,VILLAGE OF TAYLOR WARD 1,US SENATE,THOMAS LEAGER,2,JACKSON,V
TAYLOR,VILLAGE OF TAYLOR WARD 1,US SENATE,JOHN SCHIESS (WRITE-IN),0,JACKSON,V
TAYLOR,VILLAGE OF TAYLOR WARD 1,US SENATE,SCATTERING,0,JACKSON,V
BLACK RIVER FALLS,CITY OF BLACK RIVER FALLS WARD 1,US SENATE,TAMMY BALDWIN,257,JACKSON,C
BLACK RIVER FALLS,CITY OF BLACK RIVER FALLS WARD 1,US SENATE,ERIC HOVDE,216,JACKSON,C
BLACK RIVER FALLS,CITY OF BLACK RIVER FALLS WARD 1,US SENATE,PHIL ANDERSON,7,JACKSON,C
BLACK RIVER FALLS,CITY OF BLACK RIVER FALLS WARD 1,US SENATE,THOMAS LEAGER,5,JACKSON,C
BLACK RIVER FALLS,CITY OF BLACK RIVER FALLS WARD 1,US SENATE,JOHN SCHIESS (WRITE-IN),0,JACKSON,C
BLACK RIVER FALLS,CITY OF BLACK RIVER FALLS WARD 1,US SENATE,SCATTERING,0,JACKSON,C
BLACK RIVER FALLS,CITY OF BLACK RIVER FALLS WARD 2,US SENATE,TAMMY BALDWIN,249,JACKSON,C
BLACK RIVER FALLS,CITY OF BLACK RIVER FALLS WARD 2,US SENATE,ERIC HOVDE,200,JACKSON,C
BLACK RIVER FALLS,CITY OF BLACK RIVER FALLS WARD 2,US SENATE,PHIL ANDERSON,4,JACKSON,C
BLACK RIVER FALLS,CITY OF BLACK RIVER FALLS WARD 2,US SENATE,THOMAS LEAGER,5,JACKSON,C
BLACK RIVER FALLS,CITY OF BLACK RIVER FALLS WARD 2,US SENATE,JOHN SCHIESS (WRITE-IN),0,JACKSON,C
BLACK RIVER FALLS,CITY OF BLACK RIVER FALLS WARD 2,US SENATE,SCATTERING,0,JACKSON,C
BLACK RIVER FALLS,CITY OF BLACK RIVER FALLS WARD 3,US SENATE,TAMMY BALDWIN,126,JACKSON,C
BLACK RIVER FALLS,CITY OF BLACK RIVER FALLS WARD 3,US SENATE,ERIC HOVDE,95,JACKSON,C
BLACK RIVER FALLS,CITY OF BLACK RIVER FALLS WARD 3,US SENATE,PHIL ANDERSON,8,JACKSON,C
BLACK RIVER FALLS,CITY OF BLACK RIVER FALLS WARD 3,US SENATE,THOMAS LEAGER,14,JACKSON,C
BLACK RIVER FALLS,CITY OF BLACK RIVER FALLS WARD 3,US SENATE,JOHN SCHIESS (WRITE-IN),0,JACKSON,C
BLACK RIVER FALLS,CITY OF BLACK RIVER FALLS WARD 3,US SENATE,SCATTERING,0,JACKSON,C
BLACK RIVER FALLS,CITY OF BLACK RIVER FALLS WARD 4,US SENATE,TAMMY BALDWIN,255,JACKSON,C
BLACK RIVER FALLS,CITY OF BLACK RIVER FALLS WARD 4,US SENATE,ERIC HOVDE,255,JACKSON,C
BLACK RIVER FALLS,CITY OF BLACK RIVER FALLS WARD 4,US SENATE,PHIL ANDERSON,9,JACKSON,C
BLACK RIVER FALLS,CITY OF BLACK RIVER FALLS WARD 4,US SENATE,THOMAS LEAGER,5,JACKSON,C
BLACK RIVER FALLS,CITY OF BLACK RIVER FALLS WARD 4,US SENATE,JOHN SCHIESS (WRITE-IN),0,JACKSON,C
BLACK RIVER FALLS,CITY OF BLACK RIVER FALLS WARD 4,US SENATE,SCATTERING,0,JACKSON,C
