reporting_unit,votes,candidate,contest,county,ctv,municipality
TOWN OF AMBERG - W 1,160,LYERLY_DEMOCRATIC,"REPRESENTATIVE_TO CONGRESS DIST. 8_TERM ENDING JAN. 3, 2025_",MARINETTE,T,AMBERG
TOWN OF AMBERG - W 1,338,WIED_REPUBLICAN,"REPRESENTATIVE_TO CONGRESS DIST. 8_TERM ENDING JAN. 3, 2025_",MARINETTE,T,AMBERG
TOWN OF AMBERG - W 1,1,SCATTERING,"REPRESENTATIVE_TO CONGRESS DIST. 8_TERM ENDING JAN. 3, 2025_",MARINETTE,T,AMBERG
TOWN OF AMBERG - W 1,149,BALDWIN_DEMOCRATIC,"UNITED STATES SENATOR_TO CONGRESS DIST. 8_TERM ENDING JAN. 3, 2025_",MARINETTE,T,AMBERG
TOWN OF AMBERG - W 1,337,HOVDE_REPUBLICAN,"UNITED STATES SENATOR_TO CONGRESS DIST. 8_TERM ENDING JAN. 3, 2025_",MARINETTE,T,AMBERG
TOWN OF AMBERG - W 1,6,ANDERSON_DISRUPT THE_CORRUPTION,"UNITED STATES SENATOR_TO CONGRESS DIST. 8_TERM ENDING JAN. 3, 2025_",MARINETTE,T,AMBERG
TOWN OF AMBERG - W 1,7,LEAGER_AMERICA FIRST,"UNITED STATES SENATOR_TO CONGRESS DIST. 8_TERM ENDING JAN. 3, 2025_",MARINETTE,T,AMBERG
TOWN OF AMBERG - W 1,4,SCATTERING,"UNITED STATES SENATOR_TO CONGRESS DIST. 8_TERM ENDING JAN. 3, 2025_",MARINETTE,T,AMBERG
TOWN OF AMBERG - W 1,159,LYERLY_DEMOCRATIC,"REPRESENTATIVE_TO CONGRESS DIST. 8_TERM JAN. 3, 2025 - JAN. 3, 2027_",MARINETTE,T,AMBERG
TOWN OF AMBERG - W 1,331,WIED_REPUBLICAN,"REPRESENTATIVE_TO CONGRESS DIST. 8_TERM JAN. 3, 2025 - JAN. 3, 2027_",MARINETTE,T,AMBERG
TOWN OF AMBERG - W 1,1,SCATTERING,"REPRESENTATIVE_TO CONGRESS DIST. 8_TERM JAN. 3, 2025 - JAN. 3, 2027_",MARINETTE,T,AMBERG
"TOWN OF ATHELSTANE - W 1, 2",123,LYERLY_DEMOCRATIC,"REPRESENTATIVE_TO CONGRESS DIST. 8_TERM ENDING JAN. 3, 2025_",MARINETTE,T,ATHELSTANE
"TOWN OF ATHELSTANE - W 1, 2",272,WIED_REPUBLICAN,"REPRESENTATIVE_TO CONGRESS DIST. 8_TERM ENDING JAN. 3, 2025_",MARINETTE,T,ATHELSTANE
"TOWN OF ATHELSTANE - W 1, 2",0,SCATTERING,"REPRESENTATIVE_TO CONGRESS DIST. 8_TERM ENDING JAN. 3, 2025_",MARINETTE,T,ATHELSTANE
"TOWN OF ATHELSTANE - W 1, 2",106,BALDWIN_DEMOCRATIC,"UNITED STATES SENATOR_TO CONGRESS DIST. 8_TERM ENDING JAN. 3, 2025_",MARINETTE,T,ATHELSTANE
"TOWN OF ATHELSTANE - W 1, 2",278,HOVDE_REPUBLICAN,"UNITED STATES SENATOR_TO CONGRESS DIST. 8_TERM ENDING JAN. 3, 2025_",MARINETTE,T,ATHELSTANE
"TOWN OF ATHELSTANE - W 1, 2",4,ANDERSON_DISRUPT THE_CORRUPTION,"UNITED STATES SENATOR_TO CONGRESS DIST. 8_TERM ENDING JAN. 3, 2025_",MARINETTE,T,ATHELSTANE
"TOWN OF ATHELSTANE - W 1, 2",5,LEAGER_AMERICA FIRST,"UNITED STATES SENATOR_TO CONGRESS DIST. 8_TERM ENDING JAN. 3, 2025_",MARINETTE,T,ATHELSTANE
"TOWN OF ATHELSTANE - W 1, 2",0,SCATTERING,"UNITED STATES SENATOR_TO CONGRESS DIST. 8_TERM ENDING JAN. 3, 2025_",MARINETTE,T,ATHELSTANE
"TOWN OF ATHELSTANE - W 1, 2",119,LYERLY_DEMOCRATIC,"REPRESENTATIVE_TO CONGRESS DIST. 8_TERM JAN. 3, 2025 - JAN. 3, 2027_",MARINETTE,T,ATHELSTANE
"TOWN OF ATHELSTANE - W 1, 2",272,WIED_REPUBLICAN,"REPRESENTATIVE_TO CONGRESS DIST. 8_TERM JAN. 3, 2025 - JAN. 3, 2027_",MARINETTE,T,ATHELSTANE
"TOWN OF ATHELSTANE - W 1, 2",0,SCATTERING,"REPRESENTATIVE_TO CONGRESS DIST. 8_TERM JAN. 3, 2025 - JAN. 3, 2027_",MARINETTE,T,ATHELSTANE
"TOWN OF BEAVER - W 1, 2",184,LYERLY_DEMOCRATIC,"REPRESENTATIVE_TO CONGRESS DIST. 8_TERM ENDING JAN. 3, 2025_",MARINETTE,T,BEAVER
"TOWN OF BEAVER - W 1, 2",550,WIED_REPUBLICAN,"REPRESENTATIVE_TO CONGRESS DIST. 8_TERM ENDING JAN. 3, 2025_",MARINETTE,T,BEAVER
"TOWN OF BEAVER - W 1, 2",2,SCATTERING,"REPRESENTATIVE_TO CONGRESS DIST. 8_TERM ENDING JAN. 3, 2025_",MARINETTE,T,BEAVER
"TOWN OF BEAVER - W 1, 2",175,BALDWIN_DEMOCRATIC,"UNITED STATES SENATOR_TO CONGRESS DIST. 8_TERM ENDING JAN. 3, 2025_",MARINETTE,T,BEAVER
"TOWN OF BEAVER - W 1, 2",546,HOVDE_REPUBLICAN,"UNITED STATES SENATOR_TO CONGRESS DIST. 8_TERM ENDING JAN. 3, 2025_",MARINETTE,T,BEAVER
"TOWN OF BEAVER - W 1, 2",9,ANDERSON_DISRUPT THE_CORRUPTION,"UNITED STATES SENATOR_TO CONGRESS DIST. 8_TERM ENDING JAN. 3, 2025_",MARINETTE,T,BEAVER
"TOWN OF BEAVER - W 1, 2",9,LEAGER_AMERICA FIRST,"UNITED STATES SENATOR_TO CONGRESS DIST. 8_TERM ENDING JAN. 3, 2025_",MARINETTE,T,BEAVER
"TOWN OF BEAVER - W 1, 2",1,SCATTERING,"UNITED STATES SENATOR_TO CONGRESS DIST. 8_TERM ENDING JAN. 3, 2025_",MARINETTE,T,BEAVER
"TOWN OF BEAVER - W 1, 2",182,LYERLY_DEMOCRATIC,"REPRESENTATIVE_TO CONGRESS DIST. 8_TERM JAN. 3, 2025 - JAN. 3, 2027_",MARINETTE,T,BEAVER
"TOWN OF BEAVER - W 1, 2",546,WIED_REPUBLICAN,"REPRESENTATIVE_TO CONGRESS DIST. 8_TERM JAN. 3, 2025 - JAN. 3, 2027_",MARINETTE,T,BEAVER
"TOWN OF BEAVER - W 1, 2",1,SCATTERING,"REPRESENTATIVE_TO CONGRESS DIST. 8_TERM JAN. 3, 2025 - JAN. 3, 2027_",MARINETTE,T,BEAVER
TOWN OF BEECHER - W 1,130,LYERLY_DEMOCRATIC,"REPRESENTATIVE_TO CONGRESS DIST. 8_TERM ENDING JAN. 3, 2025_",MARINETTE,T,BEECHER
TOWN OF BEECHER - W 1,389,WIED_REPUBLICAN,"REPRESENTATIVE_TO CONGRESS DIST. 8_TERM ENDING JAN. 3, 2025_",MARINETTE,T,BEECHER
TOWN OF BEECHER - W 1,1,SCATTERING,"REPRESENTATIVE_TO CONGRESS DIST. 8_TERM ENDING JAN. 3, 2025_",MARINETTE,T,BEECHER
TOWN OF BEECHER - W 1,120,BALDWIN_DEMOCRATIC,"UNITED STATES SENATOR_TO CONGRESS DIST. 8_TERM ENDING JAN. 3, 2025_",MARINETTE,T,BEECHER
TOWN OF BEECHER - W 1,380,HOVDE_REPUBLICAN,"UNITED STATES SENATOR_TO CONGRESS DIST. 8_TERM ENDING JAN. 3, 2025_",MARINETTE,T,BEECHER
TOWN OF BEECHER - W 1,8,ANDERSON_DISRUPT THE_CORRUPTION,"UNITED STATES SENATOR_TO CONGRESS DIST. 8_TERM ENDING JAN. 3, 2025_",MARINETTE,T,BEECHER
TOWN OF BEECHER - W 1,12,LEAGER_AMERICA FIRST,"UNITED STATES SENATOR_TO CONGRESS DIST. 8_TERM ENDING JAN. 3, 2025_",MARINETTE,T,BEECHER
TOWN OF BEECHER - W 1,1,SCATTERING,"UNITED STATES SENATOR_TO CONGRESS DIST. 8_TERM ENDING JAN. 3, 2025_",MARINETTE,T,BEECHER
TOWN OF BEECHER - W 1,132,LYERLY_DEMOCRATIC,"REPRESENTATIVE_TO CONGRESS DIST. 8_TERM JAN. 3, 2025 - JAN. 3, 2027_",MARINETTE,T,BEECHER
TOWN OF BEECHER - W 1,387,WIED_REPUBLICAN,"REPRESENTATIVE_TO CONGRESS DIST. 8_TERM JAN. 3, 2025 - JAN. 3, 2027_",MARINETTE,T,BEECHER
TOWN OF BEECHER - W 1,1,SCATTERING,"REPRESENTATIVE_TO CONGRESS DIST. 8_TERM JAN. 3, 2025 - JAN. 3, 2027_",MARINETTE,T,BEECHER
TOWN OF DUNBAR - W 1,104,LYERLY_DEMOCRATIC,"REPRESENTATIVE_TO CONGRESS DIST. 8_TERM ENDING JAN. 3, 2025_",MARINETTE,T,DUNBAR
TOWN OF DUNBAR - W 1,261,WIED_REPUBLICAN,"REPRESENTATIVE_TO CONGRESS DIST. 8_TERM ENDING JAN. 3, 2025_",MARINETTE,T,DUNBAR
TOWN OF DUNBAR - W 1,0,SCATTERING,"REPRESENTATIVE_TO CONGRESS DIST. 8_TERM ENDING JAN. 3, 2025_",MARINETTE,T,DUNBAR
TOWN OF DUNBAR - W 1,102,BALDWIN_DEMOCRATIC,"UNITED STATES SENATOR_TO CONGRESS DIST. 8_TERM ENDING JAN. 3, 2025_",MARINETTE,T,DUNBAR
TOWN OF DUNBAR - W 1,260,HOVDE_REPUBLICAN,"UNITED STATES SENATOR_TO CONGRESS DIST. 8_TERM ENDING JAN. 3, 2025_",MARINETTE,T,DUNBAR
TOWN OF DUNBAR - W 1,5,ANDERSON_DISRUPT THE_CORRUPTION,"UNITED STATES SENATOR_TO CONGRESS DIST. 8_TERM ENDING JAN. 3, 2025_",MARINETTE,T,DUNBAR
TOWN OF DUNBAR - W 1,3,LEAGER_AMERICA FIRST,"UNITED STATES SENATOR_TO CONGRESS DIST. 8_TERM ENDING JAN. 3, 2025_",MARINETTE,T,DUNBAR
TOWN OF DUNBAR - W 1,0,SCATTERING,"UNITED STATES SENATOR_TO CONGRESS DIST. 8_TERM ENDING JAN. 3, 2025_",MARINETTE,T,DUNBAR
TOWN OF DUNBAR - W 1,105,LYERLY_DEMOCRATIC,"REPRESENTATIVE_TO CONGRESS DIST. 8_TERM JAN. 3, 2025 - JAN. 3, 2027_",MARINETTE,T,DUNBAR
TOWN OF DUNBAR - W 1,255,WIED_REPUBLICAN,"REPRESENTATIVE_TO CONGRESS DIST. 8_TERM JAN. 3, 2025 - JAN. 3, 2027_",MARINETTE,T,DUNBAR
TOWN OF DUNBAR - W 1,0,SCATTERING,"REPRESENTATIVE_TO CONGRESS DIST. 8_TERM JAN. 3, 2025 - JAN. 3, 2027_",MARINETTE,T,DUNBAR
TOWN OF GOODMAN - W 1,136,LYERLY_DEMOCRATIC,"REPRESENTATIVE_TO CONGRESS DIST. 8_TERM ENDING JAN. 3, 2025_",MARINETTE,T,GOODMAN
TOWN OF GOODMAN - W 1,251,WIED_REPUBLICAN,"REPRESENTATIVE_TO CONGRESS DIST. 8_TERM ENDING JAN. 3, 2025_",MARINETTE,T,GOODMAN
TOWN OF GOODMAN - W 1,0,SCATTERING,"REPRESENTATIVE_TO CONGRESS DIST. 8_TERM ENDING JAN. 3, 2025_",MARINETTE,T,GOODMAN
TOWN OF GOODMAN - W 1,137,BALDWIN_DEMOCRATIC,"UNITED STATES SENATOR_TO CONGRESS DIST. 8_TERM ENDING JAN. 3, 2025_",MARINETTE,T,GOODMAN
TOWN OF GOODMAN - W 1,244,HOVDE_REPUBLICAN,"UNITED STATES SENATOR_TO CONGRESS DIST. 8_TERM ENDING JAN. 3, 2025_",MARINETTE,T,GOODMAN
TOWN OF GOODMAN - W 1,2,ANDERSON_DISRUPT THE_CORRUPTION,"UNITED STATES SENATOR_TO CONGRESS DIST. 8_TERM ENDING JAN. 3, 2025_",MARINETTE,T,GOODMAN
TOWN OF GOODMAN - W 1,9,LEAGER_AMERICA FIRST,"UNITED STATES SENATOR_TO CONGRESS DIST. 8_TERM ENDING JAN. 3, 2025_",MARINETTE,T,GOODMAN
TOWN OF GOODMAN - W 1,0,SCATTERING,"UNITED STATES SENATOR_TO CONGRESS DIST. 8_TERM ENDING JAN. 3, 2025_",MARINETTE,T,GOODMAN
TOWN OF GOODMAN - W 1,139,LYERLY_DEMOCRATIC,"REPRESENTATIVE_TO CONGRESS DIST. 8_TERM JAN. 3, 2025 - JAN. 3, 2027_",MARINETTE,T,GOODMAN
TOWN OF GOODMAN - W 1,246,WIED_REPUBLICAN,"REPRESENTATIVE_TO CONGRESS DIST. 8_TERM JAN. 3, 2025 - JAN. 3, 2027_",MARINETTE,T,GOODMAN
TOWN OF GOODMAN - W 1,0,SCATTERING,"REPRESENTATIVE_TO CONGRESS DIST. 8_TERM JAN. 3, 2025 - JAN. 3, 2027_",MARINETTE,T,GOODMAN
"TOWN OF GROVER - W 1, 2, 3,4",235,LYERLY_DEMOCRATIC,"REPRESENTATIVE_TO CONGRESS DIST. 8_TERM ENDING JAN. 3, 2025_",MARINETTE,T,GROVER
"TOWN OF GROVER - W 1, 2, 3,4",832,WIED_REPUBLICAN,"REPRESENTATIVE_TO CONGRESS DIST. 8_TERM ENDING JAN. 3, 2025_",MARINETTE,T,GROVER
"TOWN OF GROVER - W 1, 2, 3,4",0,SCATTERING,"REPRESENTATIVE_TO CONGRESS DIST. 8_TERM ENDING JAN. 3, 2025_",MARINETTE,T,GROVER
"TOWN OF GROVER - W 1, 2, 3,4",236,BALDWIN_DEMOCRATIC,"UNITED STATES SENATOR_TO CONGRESS DIST. 8_TERM ENDING JAN. 3, 2025_",MARINETTE,T,GROVER
"TOWN OF GROVER - W 1, 2, 3,4",819,HOVDE_REPUBLICAN,"UNITED STATES SENATOR_TO CONGRESS DIST. 8_TERM ENDING JAN. 3, 2025_",MARINETTE,T,GROVER
"TOWN OF GROVER - W 1, 2, 3,4",12,ANDERSON_DISRUPT THE_CORRUPTION,"UNITED STATES SENATOR_TO CONGRESS DIST. 8_TERM ENDING JAN. 3, 2025_",MARINETTE,T,GROVER
"TOWN OF GROVER - W 1, 2, 3,4",12,LEAGER_AMERICA FIRST,"UNITED STATES SENATOR_TO CONGRESS DIST. 8_TERM ENDING JAN. 3, 2025_",MARINETTE,T,GROVER
"TOWN OF GROVER - W 1, 2, 3,4",0,SCATTERING,"UNITED STATES SENATOR_TO CONGRESS DIST. 8_TERM ENDING JAN. 3, 2025_",MARINETTE,T,GROVER
"TOWN OF GROVER - W 1, 2, 3,4",236,LYERLY_DEMOCRATIC,"REPRESENTATIVE_TO CONGRESS DIST. 8_TERM JAN. 3, 2025 - JAN. 3, 2027_",MARINETTE,T,GROVER
"TOWN OF GROVER - W 1, 2, 3,4",831,WIED_REPUBLICAN,"REPRESENTATIVE_TO CONGRESS DIST. 8_TERM JAN. 3, 2025 - JAN. 3, 2027_",MARINETTE,T,GROVER
"TOWN OF GROVER - W 1, 2, 3,4",1,SCATTERING,"REPRESENTATIVE_TO CONGRESS DIST. 8_TERM JAN. 3, 2025 - JAN. 3, 2027_",MARINETTE,T,GROVER
"TOWN OF LAKE - W 1, 2",245,LYERLY_DEMOCRATIC,"REPRESENTATIVE_TO CONGRESS DIST. 8_TERM ENDING JAN. 3, 2025_",MARINETTE,T,LAKE
"TOWN OF LAKE - W 1, 2",529,WIED_REPUBLICAN,"REPRESENTATIVE_TO CONGRESS DIST. 8_TERM ENDING JAN. 3, 2025_",MARINETTE,T,LAKE
"TOWN OF LAKE - W 1, 2",0,SCATTERING,"REPRESENTATIVE_TO CONGRESS DIST. 8_TERM ENDING JAN. 3, 2025_",MARINETTE,T,LAKE
"TOWN OF LAKE - W 1, 2",246,BALDWIN_DEMOCRATIC,"UNITED STATES SENATOR_TO CONGRESS DIST. 8_TERM ENDING JAN. 3, 2025_",MARINETTE,T,LAKE
"TOWN OF LAKE - W 1, 2",506,HOVDE_REPUBLICAN,"UNITED STATES SENATOR_TO CONGRESS DIST. 8_TERM ENDING JAN. 3, 2025_",MARINETTE,T,LAKE
"TOWN OF LAKE - W 1, 2",10,ANDERSON_DISRUPT THE_CORRUPTION,"UNITED STATES SENATOR_TO CONGRESS DIST. 8_TERM ENDING JAN. 3, 2025_",MARINETTE,T,LAKE
"TOWN OF LAKE - W 1, 2",10,LEAGER_AMERICA FIRST,"UNITED STATES SENATOR_TO CONGRESS DIST. 8_TERM ENDING JAN. 3, 2025_",MARINETTE,T,LAKE
"TOWN OF LAKE - W 1, 2",1,SCATTERING,"UNITED STATES SENATOR_TO CONGRESS DIST. 8_TERM ENDING JAN. 3, 2025_",MARINETTE,T,LAKE
"TOWN OF LAKE - W 1, 2",248,LYERLY_DEMOCRATIC,"REPRESENTATIVE_TO CONGRESS DIST. 8_TERM JAN. 3, 2025 - JAN. 3, 2027_",MARINETTE,T,LAKE
"TOWN OF LAKE - W 1, 2",527,WIED_REPUBLICAN,"REPRESENTATIVE_TO CONGRESS DIST. 8_TERM JAN. 3, 2025 - JAN. 3, 2027_",MARINETTE,T,LAKE
"TOWN OF LAKE - W 1, 2",0,SCATTERING,"REPRESENTATIVE_TO CONGRESS DIST. 8_TERM JAN. 3, 2025 - JAN. 3, 2027_",MARINETTE,T,LAKE
"TOWN OF MIDDLE INLET - W 1, 2",183,LYERLY_DEMOCRATIC,"REPRESENTATIVE_TO CONGRESS DIST. 8_TERM ENDING JAN. 3, 2025_",MARINETTE,T,MIDDLE INLET
"TOWN OF MIDDLE INLET - W 1, 2",393,WIED_REPUBLICAN,"REPRESENTATIVE_TO CONGRESS DIST. 8_TERM ENDING JAN. 3, 2025_",MARINETTE,T,MIDDLE INLET
"TOWN OF MIDDLE INLET - W 1, 2",0,SCATTERING,"REPRESENTATIVE_TO CONGRESS DIST. 8_TERM ENDING JAN. 3, 2025_",MARINETTE,T,MIDDLE INLET
"TOWN OF MIDDLE INLET - W 1, 2",170,BALDWIN_DEMOCRATIC,"UNITED STATES SENATOR_TO CONGRESS DIST. 8_TERM ENDING JAN. 3, 2025_",MARINETTE,T,MIDDLE INLET
"TOWN OF MIDDLE INLET - W 1, 2",396,HOVDE_REPUBLICAN,"UNITED STATES SENATOR_TO CONGRESS DIST. 8_TERM ENDING JAN. 3, 2025_",MARINETTE,T,MIDDLE INLET
"TOWN OF MIDDLE INLET - W 1, 2",3,ANDERSON_DISRUPT THE_CORRUPTION,"UNITED STATES SENATOR_TO CONGRESS DIST. 8_TERM ENDING JAN. 3, 2025_",MARINETTE,T,MIDDLE INLET
"TOWN OF MIDDLE INLET - W 1, 2",9,LEAGER_AMERICA FIRST,"UNITED STATES SENATOR_TO CONGRESS DIST. 8_TERM ENDING JAN. 3, 2025_",MARINETTE,T,MIDDLE INLET
"TOWN OF MIDDLE INLET - W 1, 2",0,SCATTERING,"UNITED STATES SENATOR_TO CONGRESS DIST. 8_TERM ENDING JAN. 3, 2025_",MARINETTE,T,MIDDLE INLET
"TOWN OF MIDDLE INLET - W 1, 2",176,LYERLY_DEMOCRATIC,"REPRESENTATIVE_TO CONGRESS DIST. 8_TERM JAN. 3, 2025 - JAN. 3, 2027_",MARINETTE,T,MIDDLE INLET
"TOWN OF MIDDLE INLET - W 1, 2",391,WIED_REPUBLICAN,"REPRESENTATIVE_TO CONGRESS DIST. 8_TERM JAN. 3, 2025 - JAN. 3, 2027_",MARINETTE,T,MIDDLE INLET
"TOWN OF MIDDLE INLET - W 1, 2",0,SCATTERING,"REPRESENTATIVE_TO CONGRESS DIST. 8_TERM JAN. 3, 2025 - JAN. 3, 2027_",MARINETTE,T,MIDDLE INLET
TOWN OF NIAGARA - W 1,146,LYERLY_DEMOCRATIC,"REPRESENTATIVE_TO CONGRESS DIST. 8_TERM ENDING JAN. 3, 2025_",MARINETTE,T,NIAGARA
TOWN OF NIAGARA - W 1,431,WIED_REPUBLICAN,"REPRESENTATIVE_TO CONGRESS DIST. 8_TERM ENDING JAN. 3, 2025_",MARINETTE,T,NIAGARA
TOWN OF NIAGARA - W 1,1,SCATTERING,"REPRESENTATIVE_TO CONGRESS DIST. 8_TERM ENDING JAN. 3, 2025_",MARINETTE,T,NIAGARA
TOWN OF NIAGARA - W 1,146,BALDWIN_DEMOCRATIC,"UNITED STATES SENATOR_TO CONGRESS DIST. 8_TERM ENDING JAN. 3, 2025_",MARINETTE,T,NIAGARA
TOWN OF NIAGARA - W 1,414,HOVDE_REPUBLICAN,"UNITED STATES SENATOR_TO CONGRESS DIST. 8_TERM ENDING JAN. 3, 2025_",MARINETTE,T,NIAGARA
TOWN OF NIAGARA - W 1,10,ANDERSON_DISRUPT THE_CORRUPTION,"UNITED STATES SENATOR_TO CONGRESS DIST. 8_TERM ENDING JAN. 3, 2025_",MARINETTE,T,NIAGARA
TOWN OF NIAGARA - W 1,9,LEAGER_AMERICA FIRST,"UNITED STATES SENATOR_TO CONGRESS DIST. 8_TERM ENDING JAN. 3, 2025_",MARINETTE,T,NIAGARA
TOWN OF NIAGARA - W 1,0,SCATTERING,"UNITED STATES SENATOR_TO CONGRESS DIST. 8_TERM ENDING JAN. 3, 2025_",MARINETTE,T,NIAGARA
TOWN OF NIAGARA - W 1,148,LYERLY_DEMOCRATIC,"REPRESENTATIVE_TO CONGRESS DIST. 8_TERM JAN. 3, 2025 - JAN. 3, 2027_",MARINETTE,T,NIAGARA
TOWN OF NIAGARA - W 1,424,WIED_REPUBLICAN,"REPRESENTATIVE_TO CONGRESS DIST. 8_TERM JAN. 3, 2025 - JAN. 3, 2027_",MARINETTE,T,NIAGARA
TOWN OF NIAGARA - W 1,1,SCATTERING,"REPRESENTATIVE_TO CONGRESS DIST. 8_TERM JAN. 3, 2025 - JAN. 3, 2027_",MARINETTE,T,NIAGARA
"TOWN OF PEMBINE - W 1, 2",175,LYERLY_DEMOCRATIC,"REPRESENTATIVE_TO CONGRESS DIST. 8_TERM ENDING JAN. 3, 2025_",MARINETTE,T,PEMBINE
"TOWN OF PEMBINE - W 1, 2",395,WIED_REPUBLICAN,"REPRESENTATIVE_TO CONGRESS DIST. 8_TERM ENDING JAN. 3, 2025_",MARINETTE,T,PEMBINE
"TOWN OF PEMBINE - W 1, 2",0,SCATTERING,"REPRESENTATIVE_TO CONGRESS DIST. 8_TERM ENDING JAN. 3, 2025_",MARINETTE,T,PEMBINE
"TOWN OF PEMBINE - W 1, 2",174,BALDWIN_DEMOCRATIC,"UNITED STATES SENATOR_TO CONGRESS DIST. 8_TERM ENDING JAN. 3, 2025_",MARINETTE,T,PEMBINE
"TOWN OF PEMBINE - W 1, 2",383,HOVDE_REPUBLICAN,"UNITED STATES SENATOR_TO CONGRESS DIST. 8_TERM ENDING JAN. 3, 2025_",MARINETTE,T,PEMBINE
"TOWN OF PEMBINE - W 1, 2",6,ANDERSON_DISRUPT THE_CORRUPTION,"UNITED STATES SENATOR_TO CONGRESS DIST. 8_TERM ENDING JAN. 3, 2025_",MARINETTE,T,PEMBINE
"TOWN OF PEMBINE - W 1, 2",13,LEAGER_AMERICA FIRST,"UNITED STATES SENATOR_TO CONGRESS DIST. 8_TERM ENDING JAN. 3, 2025_",MARINETTE,T,PEMBINE
"TOWN OF PEMBINE - W 1, 2",0,SCATTERING,"UNITED STATES SENATOR_TO CONGRESS DIST. 8_TERM ENDING JAN. 3, 2025_",MARINETTE,T,PEMBINE
"TOWN OF PEMBINE - W 1, 2",174,LYERLY_DEMOCRATIC,"REPRESENTATIVE_TO CONGRESS DIST. 8_TERM JAN. 3, 2025 - JAN. 3, 2027_",MARINETTE,T,PEMBINE
"TOWN OF PEMBINE - W 1, 2",396,WIED_REPUBLICAN,"REPRESENTATIVE_TO CONGRESS DIST. 8_TERM JAN. 3, 2025 - JAN. 3, 2027_",MARINETTE,T,PEMBINE
"TOWN OF PEMBINE - W 1, 2",0,SCATTERING,"REPRESENTATIVE_TO CONGRESS DIST. 8_TERM JAN. 3, 2025 - JAN. 3, 2027_",MARINETTE,T,PEMBINE
"TOWN OF PESHTIGO - W 1, 2",266,LYERLY_DEMOCRATIC,"REPRESENTATIVE_TO CONGRESS DIST. 8_TERM ENDING JAN. 3, 2025_",MARINETTE,T,PESHTIGO
"TOWN OF PESHTIGO - W 1, 2",521,WIED_REPUBLICAN,"REPRESENTATIVE_TO CONGRESS DIST. 8_TERM ENDING JAN. 3, 2025_",MARINETTE,T,PESHTIGO
"TOWN OF PESHTIGO - W 1, 2",10,SCATTERING,"REPRESENTATIVE_TO CONGRESS DIST. 8_TERM ENDING JAN. 3, 2025_",MARINETTE,T,PESHTIGO
"TOWN OF PESHTIGO - W 1, 2",253,BALDWIN_DEMOCRATIC,"UNITED STATES SENATOR_TO CONGRESS DIST. 8_TERM ENDING JAN. 3, 2025_",MARINETTE,T,PESHTIGO
"TOWN OF PESHTIGO - W 1, 2",523,HOVDE_REPUBLICAN,"UNITED STATES SENATOR_TO CONGRESS DIST. 8_TERM ENDING JAN. 3, 2025_",MARINETTE,T,PESHTIGO
"TOWN OF PESHTIGO - W 1, 2",6,ANDERSON_DISRUPT THE_CORRUPTION,"UNITED STATES SENATOR_TO CONGRESS DIST. 8_TERM ENDING JAN. 3, 2025_",MARINETTE,T,PESHTIGO
"TOWN OF PESHTIGO - W 1, 2",8,LEAGER_AMERICA FIRST,"UNITED STATES SENATOR_TO CONGRESS DIST. 8_TERM ENDING JAN. 3, 2025_",MARINETTE,T,PESHTIGO
"TOWN OF PESHTIGO - W 1, 2",7,SCATTERING,"UNITED STATES SENATOR_TO CONGRESS DIST. 8_TERM ENDING JAN. 3, 2025_",MARINETTE,T,PESHTIGO
"TOWN OF PESHTIGO - W 1, 2",264,LYERLY_DEMOCRATIC,"REPRESENTATIVE_TO CONGRESS DIST. 8_TERM JAN. 3, 2025 - JAN. 3, 2027_",MARINETTE,T,PESHTIGO
"TOWN OF PESHTIGO - W 1, 2",520,WIED_REPUBLICAN,"REPRESENTATIVE_TO CONGRESS DIST. 8_TERM JAN. 3, 2025 - JAN. 3, 2027_",MARINETTE,T,PESHTIGO
"TOWN OF PESHTIGO - W 1, 2",13,SCATTERING,"REPRESENTATIVE_TO CONGRESS DIST. 8_TERM JAN. 3, 2025 - JAN. 3, 2027_",MARINETTE,T,PESHTIGO
"TOWN OF PESHTIGO - W 3, 4",317,LYERLY_DEMOCRATIC,"REPRESENTATIVE_TO CONGRESS DIST. 8_TERM ENDING JAN. 3, 2025_",MARINETTE,T,PESHTIGO
"TOWN OF PESHTIGO - W 3, 4",542,WIED_REPUBLICAN,"REPRESENTATIVE_TO CONGRESS DIST. 8_TERM ENDING JAN. 3, 2025_",MARINETTE,T,PESHTIGO
"TOWN OF PESHTIGO - W 3, 4",13,SCATTERING,"REPRESENTATIVE_TO CONGRESS DIST. 8_TERM ENDING JAN. 3, 2025_",MARINETTE,T,PESHTIGO
"TOWN OF PESHTIGO - W 3, 4",306,BALDWIN_DEMOCRATIC,"UNITED STATES SENATOR_TO CONGRESS DIST. 8_TERM ENDING JAN. 3, 2025_",MARINETTE,T,PESHTIGO
"TOWN OF PESHTIGO - W 3, 4",537,HOVDE_REPUBLICAN,"UNITED STATES SENATOR_TO CONGRESS DIST. 8_TERM ENDING JAN. 3, 2025_",MARINETTE,T,PESHTIGO
"TOWN OF PESHTIGO - W 3, 4",4,ANDERSON_DISRUPT THE_CORRUPTION,"UNITED STATES SENATOR_TO CONGRESS DIST. 8_TERM ENDING JAN. 3, 2025_",MARINETTE,T,PESHTIGO
"TOWN OF PESHTIGO - W 3, 4",10,LEAGER_AMERICA FIRST,"UNITED STATES SENATOR_TO CONGRESS DIST. 8_TERM ENDING JAN. 3, 2025_",MARINETTE,T,PESHTIGO
"TOWN OF PESHTIGO - W 3, 4",16,SCATTERING,"UNITED STATES SENATOR_TO CONGRESS DIST. 8_TERM ENDING JAN. 3, 2025_",MARINETTE,T,PESHTIGO
"TOWN OF PESHTIGO - W 3, 4",308,LYERLY_DEMOCRATIC,"REPRESENTATIVE_TO CONGRESS DIST. 8_TERM JAN. 3, 2025 - JAN. 3, 2027_",MARINETTE,T,PESHTIGO
"TOWN OF PESHTIGO - W 3, 4",539,WIED_REPUBLICAN,"REPRESENTATIVE_TO CONGRESS DIST. 8_TERM JAN. 3, 2025 - JAN. 3, 2027_",MARINETTE,T,PESHTIGO
"TOWN OF PESHTIGO - W 3, 4",26,SCATTERING,"REPRESENTATIVE_TO CONGRESS DIST. 8_TERM JAN. 3, 2025 - JAN. 3, 2027_",MARINETTE,T,PESHTIGO
"TOWN OF PESHTIGO - W 5, 6",372,LYERLY_DEMOCRATIC,"REPRESENTATIVE_TO CONGRESS DIST. 8_TERM ENDING JAN. 3, 2025_",MARINETTE,T,PESHTIGO
"TOWN OF PESHTIGO - W 5, 6",597,WIED_REPUBLICAN,"REPRESENTATIVE_TO CONGRESS DIST. 8_TERM ENDING JAN. 3, 2025_",MARINETTE,T,PESHTIGO
"TOWN OF PESHTIGO - W 5, 6",7,SCATTERING,"REPRESENTATIVE_TO CONGRESS DIST. 8_TERM ENDING JAN. 3, 2025_",MARINETTE,T,PESHTIGO
"TOWN OF PESHTIGO - W 5, 6",370,BALDWIN_DEMOCRATIC,"UNITED STATES SENATOR_TO CONGRESS DIST. 8_TERM ENDING JAN. 3, 2025_",MARINETTE,T,PESHTIGO
"TOWN OF PESHTIGO - W 5, 6",582,HOVDE_REPUBLICAN,"UNITED STATES SENATOR_TO CONGRESS DIST. 8_TERM ENDING JAN. 3, 2025_",MARINETTE,T,PESHTIGO
"TOWN OF PESHTIGO - W 5, 6",8,ANDERSON_DISRUPT THE_CORRUPTION,"UNITED STATES SENATOR_TO CONGRESS DIST. 8_TERM ENDING JAN. 3, 2025_",MARINETTE,T,PESHTIGO
"TOWN OF PESHTIGO - W 5, 6",10,LEAGER_AMERICA FIRST,"UNITED STATES SENATOR_TO CONGRESS DIST. 8_TERM ENDING JAN. 3, 2025_",MARINETTE,T,PESHTIGO
"TOWN OF PESHTIGO - W 5, 6",6,SCATTERING,"UNITED STATES SENATOR_TO CONGRESS DIST. 8_TERM ENDING JAN. 3, 2025_",MARINETTE,T,PESHTIGO
"TOWN OF PESHTIGO - W 5, 6",369,LYERLY_DEMOCRATIC,"REPRESENTATIVE_TO CONGRESS DIST. 8_TERM JAN. 3, 2025 - JAN. 3, 2027_",MARINETTE,T,PESHTIGO
"TOWN OF PESHTIGO - W 5, 6",587,WIED_REPUBLICAN,"REPRESENTATIVE_TO CONGRESS DIST. 8_TERM JAN. 3, 2025 - JAN. 3, 2027_",MARINETTE,T,PESHTIGO
"TOWN OF PESHTIGO - W 5, 6",20,SCATTERING,"REPRESENTATIVE_TO CONGRESS DIST. 8_TERM JAN. 3, 2025 - JAN. 3, 2027_",MARINETTE,T,PESHTIGO
"TOWN OF PORTERFIELD - W 1, 2, 3, 4",368,LYERLY_DEMOCRATIC,"REPRESENTATIVE_TO CONGRESS DIST. 8_TERM ENDING JAN. 3, 2025_",MARINETTE,T,PORTERFIELD
"TOWN OF PORTERFIELD - W 1, 2, 3, 4",833,WIED_REPUBLICAN,"REPRESENTATIVE_TO CONGRESS DIST. 8_TERM ENDING JAN. 3, 2025_",MARINETTE,T,PORTERFIELD
"TOWN OF PORTERFIELD - W 1, 2, 3, 4",0,SCATTERING,"REPRESENTATIVE_TO CONGRESS DIST. 8_TERM ENDING JAN. 3, 2025_",MARINETTE,T,PORTERFIELD
"TOWN OF PORTERFIELD - W 1, 2, 3, 4",364,BALDWIN_DEMOCRATIC,"UNITED STATES SENATOR_TO CONGRESS DIST. 8_TERM ENDING JAN. 3, 2025_",MARINETTE,T,PORTERFIELD
"TOWN OF PORTERFIELD - W 1, 2, 3, 4",815,HOVDE_REPUBLICAN,"UNITED STATES SENATOR_TO CONGRESS DIST. 8_TERM ENDING JAN. 3, 2025_",MARINETTE,T,PORTERFIELD
"TOWN OF PORTERFIELD - W 1, 2, 3, 4",16,ANDERSON_DISRUPT THE_CORRUPTION,"UNITED STATES SENATOR_TO CONGRESS DIST. 8_TERM ENDING JAN. 3, 2025_",MARINETTE,T,PORTERFIELD
"TOWN OF PORTERFIELD - W 1, 2, 3, 4",10,LEAGER_AMERICA FIRST,"UNITED STATES SENATOR_TO CONGRESS DIST. 8_TERM ENDING JAN. 3, 2025_",MARINETTE,T,PORTERFIELD
"TOWN OF PORTERFIELD - W 1, 2, 3, 4",0,SCATTERING,"UNITED STATES SENATOR_TO CONGRESS DIST. 8_TERM ENDING JAN. 3, 2025_",MARINETTE,T,PORTERFIELD
"TOWN OF PORTERFIELD - W 1, 2, 3, 4",365,LYERLY_DEMOCRATIC,"REPRESENTATIVE_TO CONGRESS DIST. 8_TERM JAN. 3, 2025 - JAN. 3, 2027_",MARINETTE,T,PORTERFIELD
"TOWN OF PORTERFIELD - W 1, 2, 3, 4",828,WIED_REPUBLICAN,"REPRESENTATIVE_TO CONGRESS DIST. 8_TERM JAN. 3, 2025 - JAN. 3, 2027_",MARINETTE,T,PORTERFIELD
"TOWN OF PORTERFIELD - W 1, 2, 3, 4",0,SCATTERING,"REPRESENTATIVE_TO CONGRESS DIST. 8_TERM JAN. 3, 2025 - JAN. 3, 2027_",MARINETTE,T,PORTERFIELD
"TOWN OF POUND - W 1, 2, 3",175,LYERLY_DEMOCRATIC,"REPRESENTATIVE_TO CONGRESS DIST. 8_TERM ENDING JAN. 3, 2025_",MARINETTE,T,POUND
"TOWN OF POUND - W 1, 2, 3",660,WIED_REPUBLICAN,"REPRESENTATIVE_TO CONGRESS DIST. 8_TERM ENDING JAN. 3, 2025_",MARINETTE,T,POUND
"TOWN OF POUND - W 1, 2, 3",1,SCATTERING,"REPRESENTATIVE_TO CONGRESS DIST. 8_TERM ENDING JAN. 3, 2025_",MARINETTE,T,POUND
"TOWN OF POUND - W 1, 2, 3",178,BALDWIN_DEMOCRATIC,"UNITED STATES SENATOR_TO CONGRESS DIST. 8_TERM ENDING JAN. 3, 2025_",MARINETTE,T,POUND
"TOWN OF POUND - W 1, 2, 3",648,HOVDE_REPUBLICAN,"UNITED STATES SENATOR_TO CONGRESS DIST. 8_TERM ENDING JAN. 3, 2025_",MARINETTE,T,POUND
"TOWN OF POUND - W 1, 2, 3",9,ANDERSON_DISRUPT THE_CORRUPTION,"UNITED STATES SENATOR_TO CONGRESS DIST. 8_TERM ENDING JAN. 3, 2025_",MARINETTE,T,POUND
"TOWN OF POUND - W 1, 2, 3",6,LEAGER_AMERICA FIRST,"UNITED STATES SENATOR_TO CONGRESS DIST. 8_TERM ENDING JAN. 3, 2025_",MARINETTE,T,POUND
"TOWN OF POUND - W 1, 2, 3",1,SCATTERING,"UNITED STATES SENATOR_TO CONGRESS DIST. 8_TERM ENDING JAN. 3, 2025_",MARINETTE,T,POUND
"TOWN OF POUND - W 1, 2, 3",181,LYERLY_DEMOCRATIC,"REPRESENTATIVE_TO CONGRESS DIST. 8_TERM JAN. 3, 2025 - JAN. 3, 2027_",MARINETTE,T,POUND
"TOWN OF POUND - W 1, 2, 3",652,WIED_REPUBLICAN,"REPRESENTATIVE_TO CONGRESS DIST. 8_TERM JAN. 3, 2025 - JAN. 3, 2027_",MARINETTE,T,POUND
"TOWN OF POUND - W 1, 2, 3",1,SCATTERING,"REPRESENTATIVE_TO CONGRESS DIST. 8_TERM JAN. 3, 2025 - JAN. 3, 2027_",MARINETTE,T,POUND
TOWN OF SILVER CLIFF - W 1,135,LYERLY_DEMOCRATIC,"REPRESENTATIVE_TO CONGRESS DIST. 8_TERM ENDING JAN. 3, 2025_",MARINETTE,T,SILVER CLIFF
TOWN OF SILVER CLIFF - W 1,287,WIED_REPUBLICAN,"REPRESENTATIVE_TO CONGRESS DIST. 8_TERM ENDING JAN. 3, 2025_",MARINETTE,T,SILVER CLIFF
TOWN OF SILVER CLIFF - W 1,0,SCATTERING,"REPRESENTATIVE_TO CONGRESS DIST. 8_TERM ENDING JAN. 3, 2025_",MARINETTE,T,SILVER CLIFF
TOWN OF SILVER CLIFF - W 1,132,BALDWIN_DEMOCRATIC,"UNITED STATES SENATOR_TO CONGRESS DIST. 8_TERM ENDING JAN. 3, 2025_",MARINETTE,T,SILVER CLIFF
TOWN OF SILVER CLIFF - W 1,283,HOVDE_REPUBLICAN,"UNITED STATES SENATOR_TO CONGRESS DIST. 8_TERM ENDING JAN. 3, 2025_",MARINETTE,T,SILVER CLIFF
TOWN OF SILVER CLIFF - W 1,5,ANDERSON_DISRUPT THE_CORRUPTION,"UNITED STATES SENATOR_TO CONGRESS DIST. 8_TERM ENDING JAN. 3, 2025_",MARINETTE,T,SILVER CLIFF
TOWN OF SILVER CLIFF - W 1,7,LEAGER_AMERICA FIRST,"UNITED STATES SENATOR_TO CONGRESS DIST. 8_TERM ENDING JAN. 3, 2025_",MARINETTE,T,SILVER CLIFF
TOWN OF SILVER CLIFF - W 1,0,SCATTERING,"UNITED STATES SENATOR_TO CONGRESS DIST. 8_TERM ENDING JAN. 3, 2025_",MARINETTE,T,SILVER CLIFF
TOWN OF SILVER CLIFF - W 1,138,LYERLY_DEMOCRATIC,"REPRESENTATIVE_TO CONGRESS DIST. 8_TERM JAN. 3, 2025 - JAN. 3, 2027_",MARINETTE,T,SILVER CLIFF
TOWN OF SILVER CLIFF - W 1,283,WIED_REPUBLICAN,"REPRESENTATIVE_TO CONGRESS DIST. 8_TERM JAN. 3, 2025 - JAN. 3, 2027_",MARINETTE,T,SILVER CLIFF
TOWN OF SILVER CLIFF - W 1,0,SCATTERING,"REPRESENTATIVE_TO CONGRESS DIST. 8_TERM JAN. 3, 2025 - JAN. 3, 2027_",MARINETTE,T,SILVER CLIFF
"TOWN OF STEPHENSON - W 1, 2, 3",427,LYERLY_DEMOCRATIC,"REPRESENTATIVE_TO CONGRESS DIST. 8_TERM ENDING JAN. 3, 2025_",MARINETTE,T,STEPHENSON
"TOWN OF STEPHENSON - W 1, 2, 3",921,WIED_REPUBLICAN,"REPRESENTATIVE_TO CONGRESS DIST. 8_TERM ENDING JAN. 3, 2025_",MARINETTE,T,STEPHENSON
"TOWN OF STEPHENSON - W 1, 2, 3",0,SCATTERING,"REPRESENTATIVE_TO CONGRESS DIST. 8_TERM ENDING JAN. 3, 2025_",MARINETTE,T,STEPHENSON
"TOWN OF STEPHENSON - W 1, 2, 3",408,BALDWIN_DEMOCRATIC,"UNITED STATES SENATOR_TO CONGRESS DIST. 8_TERM ENDING JAN. 3, 2025_",MARINETTE,T,STEPHENSON
"TOWN OF STEPHENSON - W 1, 2, 3",922,HOVDE_REPUBLICAN,"UNITED STATES SENATOR_TO CONGRESS DIST. 8_TERM ENDING JAN. 3, 2025_",MARINETTE,T,STEPHENSON
"TOWN OF STEPHENSON - W 1, 2, 3",17,ANDERSON_DISRUPT THE_CORRUPTION,"UNITED STATES SENATOR_TO CONGRESS DIST. 8_TERM ENDING JAN. 3, 2025_",MARINETTE,T,STEPHENSON
"TOWN OF STEPHENSON - W 1, 2, 3",10,LEAGER_AMERICA FIRST,"UNITED STATES SENATOR_TO CONGRESS DIST. 8_TERM ENDING JAN. 3, 2025_",MARINETTE,T,STEPHENSON
"TOWN OF STEPHENSON - W 1, 2, 3",0,SCATTERING,"UNITED STATES SENATOR_TO CONGRESS DIST. 8_TERM ENDING JAN. 3, 2025_",MARINETTE,T,STEPHENSON
"TOWN OF STEPHENSON - W 1, 2, 3",415,LYERLY_DEMOCRATIC,"REPRESENTATIVE_TO CONGRESS DIST. 8_TERM JAN. 3, 2025 - JAN. 3, 2027_",MARINETTE,T,STEPHENSON
"TOWN OF STEPHENSON - W 1, 2, 3",921,WIED_REPUBLICAN,"REPRESENTATIVE_TO CONGRESS DIST. 8_TERM JAN. 3, 2025 - JAN. 3, 2027_",MARINETTE,T,STEPHENSON
"TOWN OF STEPHENSON - W 1, 2, 3",0,SCATTERING,"REPRESENTATIVE_TO CONGRESS DIST. 8_TERM JAN. 3, 2025 - JAN. 3, 2027_",MARINETTE,T,STEPHENSON
"TOWN OF STEPHENSON - W 4, 5, 6",310,LYERLY_DEMOCRATIC,"REPRESENTATIVE_TO CONGRESS DIST. 8_TERM ENDING JAN. 3, 2025_",MARINETTE,T,STEPHENSON
"TOWN OF STEPHENSON - W 4, 5, 6",831,WIED_REPUBLICAN,"REPRESENTATIVE_TO CONGRESS DIST. 8_TERM ENDING JAN. 3, 2025_",MARINETTE,T,STEPHENSON
"TOWN OF STEPHENSON - W 4, 5, 6",1,SCATTERING,"REPRESENTATIVE_TO CONGRESS DIST. 8_TERM ENDING JAN. 3, 2025_",MARINETTE,T,STEPHENSON
"TOWN OF STEPHENSON - W 4, 5, 6",313,BALDWIN_DEMOCRATIC,"UNITED STATES SENATOR_TO CONGRESS DIST. 8_TERM ENDING JAN. 3, 2025_",MARINETTE,T,STEPHENSON
"TOWN OF STEPHENSON - W 4, 5, 6",806,HOVDE_REPUBLICAN,"UNITED STATES SENATOR_TO CONGRESS DIST. 8_TERM ENDING JAN. 3, 2025_",MARINETTE,T,STEPHENSON
"TOWN OF STEPHENSON - W 4, 5, 6",20,ANDERSON_DISRUPT THE_CORRUPTION,"UNITED STATES SENATOR_TO CONGRESS DIST. 8_TERM ENDING JAN. 3, 2025_",MARINETTE,T,STEPHENSON
"TOWN OF STEPHENSON - W 4, 5, 6",10,LEAGER_AMERICA FIRST,"UNITED STATES SENATOR_TO CONGRESS DIST. 8_TERM ENDING JAN. 3, 2025_",MARINETTE,T,STEPHENSON
"TOWN OF STEPHENSON - W 4, 5, 6",0,SCATTERING,"UNITED STATES SENATOR_TO CONGRESS DIST. 8_TERM ENDING JAN. 3, 2025_",MARINETTE,T,STEPHENSON
"TOWN OF STEPHENSON - W 4, 5, 6",305,LYERLY_DEMOCRATIC,"REPRESENTATIVE_TO CONGRESS DIST. 8_TERM JAN. 3, 2025 - JAN. 3, 2027_",MARINETTE,T,STEPHENSON
"TOWN OF STEPHENSON - W 4, 5, 6",825,WIED_REPUBLICAN,"REPRESENTATIVE_TO CONGRESS DIST. 8_TERM JAN. 3, 2025 - JAN. 3, 2027_",MARINETTE,T,STEPHENSON
"TOWN OF STEPHENSON - W 4, 5, 6",3,SCATTERING,"REPRESENTATIVE_TO CONGRESS DIST. 8_TERM JAN. 3, 2025 - JAN. 3, 2027_",MARINETTE,T,STEPHENSON
TOWN OF WAGNER - W 1,143,LYERLY_DEMOCRATIC,"REPRESENTATIVE_TO CONGRESS DIST. 8_TERM ENDING JAN. 3, 2025_",MARINETTE,T,WAGNER
TOWN OF WAGNER - W 1,303,WIED_REPUBLICAN,"REPRESENTATIVE_TO CONGRESS DIST. 8_TERM ENDING JAN. 3, 2025_",MARINETTE,T,WAGNER
TOWN OF WAGNER - W 1,0,SCATTERING,"REPRESENTATIVE_TO CONGRESS DIST. 8_TERM ENDING JAN. 3, 2025_",MARINETTE,T,WAGNER
TOWN OF WAGNER - W 1,149,BALDWIN_DEMOCRATIC,"UNITED STATES SENATOR_TO CONGRESS DIST. 8_TERM ENDING JAN. 3, 2025_",MARINETTE,T,WAGNER
TOWN OF WAGNER - W 1,298,HOVDE_REPUBLICAN,"UNITED STATES SENATOR_TO CONGRESS DIST. 8_TERM ENDING JAN. 3, 2025_",MARINETTE,T,WAGNER
TOWN OF WAGNER - W 1,2,ANDERSON_DISRUPT THE_CORRUPTION,"UNITED STATES SENATOR_TO CONGRESS DIST. 8_TERM ENDING JAN. 3, 2025_",MARINETTE,T,WAGNER
TOWN OF WAGNER - W 1,2,LEAGER_AMERICA FIRST,"UNITED STATES SENATOR_TO CONGRESS DIST. 8_TERM ENDING JAN. 3, 2025_",MARINETTE,T,WAGNER
TOWN OF WAGNER - W 1,0,SCATTERING,"UNITED STATES SENATOR_TO CONGRESS DIST. 8_TERM ENDING JAN. 3, 2025_",MARINETTE,T,WAGNER
TOWN OF WAGNER - W 1,143,LYERLY_DEMOCRATIC,"REPRESENTATIVE_TO CONGRESS DIST. 8_TERM JAN. 3, 2025 - JAN. 3, 2027_",MARINETTE,T,WAGNER
TOWN OF WAGNER - W 1,301,WIED_REPUBLICAN,"REPRESENTATIVE_TO CONGRESS DIST. 8_TERM JAN. 3, 2025 - JAN. 3, 2027_",MARINETTE,T,WAGNER
TOWN OF WAGNER - W 1,0,SCATTERING,"REPRESENTATIVE_TO CONGRESS DIST. 8_TERM JAN. 3, 2025 - JAN. 3, 2027_",MARINETTE,T,WAGNER
"TOWN OF WAUSAUKEE - W 1, 2",239,LYERLY_DEMOCRATIC,"REPRESENTATIVE_TO CONGRESS DIST. 8_TERM ENDING JAN. 3, 2025_",MARINETTE,T,WAUSAUKEE
"TOWN OF WAUSAUKEE - W 1, 2",567,WIED_REPUBLICAN,"REPRESENTATIVE_TO CONGRESS DIST. 8_TERM ENDING JAN. 3, 2025_",MARINETTE,T,WAUSAUKEE
"TOWN OF WAUSAUKEE - W 1, 2",0,SCATTERING,"REPRESENTATIVE_TO CONGRESS DIST. 8_TERM ENDING JAN. 3, 2025_",MARINETTE,T,WAUSAUKEE
"TOWN OF WAUSAUKEE - W 1, 2",231,BALDWIN_DEMOCRATIC,"UNITED STATES SENATOR_TO CONGRESS DIST. 8_TERM ENDING JAN. 3, 2025_",MARINETTE,T,WAUSAUKEE
"TOWN OF WAUSAUKEE - W 1, 2",560,HOVDE_REPUBLICAN,"UNITED STATES SENATOR_TO CONGRESS DIST. 8_TERM ENDING JAN. 3, 2025_",MARINETTE,T,WAUSAUKEE
"TOWN OF WAUSAUKEE - W 1, 2",7,ANDERSON_DISRUPT THE_CORRUPTION,"UNITED STATES SENATOR_TO CONGRESS DIST. 8_TERM ENDING JAN. 3, 2025_",MARINETTE,T,WAUSAUKEE
"TOWN OF WAUSAUKEE - W 1, 2",14,LEAGER_AMERICA FIRST,"UNITED STATES SENATOR_TO CONGRESS DIST. 8_TERM ENDING JAN. 3, 2025_",MARINETTE,T,WAUSAUKEE
"TOWN OF WAUSAUKEE - W 1, 2",0,SCATTERING,"UNITED STATES SENATOR_TO CONGRESS DIST. 8_TERM ENDING JAN. 3, 2025_",MARINETTE,T,WAUSAUKEE
"TOWN OF WAUSAUKEE - W 1, 2",239,LYERLY_DEMOCRATIC,"REPRESENTATIVE_TO CONGRESS DIST. 8_TERM JAN. 3, 2025 - JAN. 3, 2027_",MARINETTE,T,WAUSAUKEE
"TOWN OF WAUSAUKEE - W 1, 2",559,WIED_REPUBLICAN,"REPRESENTATIVE_TO CONGRESS DIST. 8_TERM JAN. 3, 2025 - JAN. 3, 2027_",MARINETTE,T,WAUSAUKEE
"TOWN OF WAUSAUKEE - W 1, 2",0,SCATTERING,"REPRESENTATIVE_TO CONGRESS DIST. 8_TERM JAN. 3, 2025 - JAN. 3, 2027_",MARINETTE,T,WAUSAUKEE
VILLAGE OF COLEMAN - W 1,115,LYERLY_DEMOCRATIC,"REPRESENTATIVE_TO CONGRESS DIST. 8_TERM ENDING JAN. 3, 2025_",MARINETTE,V,COLEMAN
VILLAGE OF COLEMAN - W 1,277,WIED_REPUBLICAN,"REPRESENTATIVE_TO CONGRESS DIST. 8_TERM ENDING JAN. 3, 2025_",MARINETTE,V,COLEMAN
VILLAGE OF COLEMAN - W 1,10,SCATTERING,"REPRESENTATIVE_TO CONGRESS DIST. 8_TERM ENDING JAN. 3, 2025_",MARINETTE,V,COLEMAN
VILLAGE OF COLEMAN - W 1,104,BALDWIN_DEMOCRATIC,"UNITED STATES SENATOR_TO CONGRESS DIST. 8_TERM ENDING JAN. 3, 2025_",MARINETTE,V,COLEMAN
VILLAGE OF COLEMAN - W 1,278,HOVDE_REPUBLICAN,"UNITED STATES SENATOR_TO CONGRESS DIST. 8_TERM ENDING JAN. 3, 2025_",MARINETTE,V,COLEMAN
VILLAGE OF COLEMAN - W 1,8,ANDERSON_DISRUPT THE_CORRUPTION,"UNITED STATES SENATOR_TO CONGRESS DIST. 8_TERM ENDING JAN. 3, 2025_",MARINETTE,V,COLEMAN
VILLAGE OF COLEMAN - W 1,6,LEAGER_AMERICA FIRST,"UNITED STATES SENATOR_TO CONGRESS DIST. 8_TERM ENDING JAN. 3, 2025_",MARINETTE,V,COLEMAN
VILLAGE OF COLEMAN - W 1,6,SCATTERING,"UNITED STATES SENATOR_TO CONGRESS DIST. 8_TERM ENDING JAN. 3, 2025_",MARINETTE,V,COLEMAN
VILLAGE OF COLEMAN - W 1,112,LYERLY_DEMOCRATIC,"REPRESENTATIVE_TO CONGRESS DIST. 8_TERM JAN. 3, 2025 - JAN. 3, 2027_",MARINETTE,V,COLEMAN
VILLAGE OF COLEMAN - W 1,279,WIED_REPUBLICAN,"REPRESENTATIVE_TO CONGRESS DIST. 8_TERM JAN. 3, 2025 - JAN. 3, 2027_",MARINETTE,V,COLEMAN
VILLAGE OF COLEMAN - W 1,11,SCATTERING,"REPRESENTATIVE_TO CONGRESS DIST. 8_TERM JAN. 3, 2025 - JAN. 3, 2027_",MARINETTE,V,COLEMAN
"VILLAGE OF CRIVITZ - W1, 2",168,LYERLY_DEMOCRATIC,"REPRESENTATIVE_TO CONGRESS DIST. 8_TERM ENDING JAN. 3, 2025_",MARINETTE,V,CRIVITZ
"VILLAGE OF CRIVITZ - W1, 2",360,WIED_REPUBLICAN,"REPRESENTATIVE_TO CONGRESS DIST. 8_TERM ENDING JAN. 3, 2025_",MARINETTE,V,CRIVITZ
"VILLAGE OF CRIVITZ - W1, 2",0,SCATTERING,"REPRESENTATIVE_TO CONGRESS DIST. 8_TERM ENDING JAN. 3, 2025_",MARINETTE,V,CRIVITZ
"VILLAGE OF CRIVITZ - W1, 2",173,BALDWIN_DEMOCRATIC,"UNITED STATES SENATOR_TO CONGRESS DIST. 8_TERM ENDING JAN. 3, 2025_",MARINETTE,V,CRIVITZ
"VILLAGE OF CRIVITZ - W1, 2",339,HOVDE_REPUBLICAN,"UNITED STATES SENATOR_TO CONGRESS DIST. 8_TERM ENDING JAN. 3, 2025_",MARINETTE,V,CRIVITZ
"VILLAGE OF CRIVITZ - W1, 2",8,ANDERSON_DISRUPT THE_CORRUPTION,"UNITED STATES SENATOR_TO CONGRESS DIST. 8_TERM ENDING JAN. 3, 2025_",MARINETTE,V,CRIVITZ
"VILLAGE OF CRIVITZ - W1, 2",12,LEAGER_AMERICA FIRST,"UNITED STATES SENATOR_TO CONGRESS DIST. 8_TERM ENDING JAN. 3, 2025_",MARINETTE,V,CRIVITZ
"VILLAGE OF CRIVITZ - W1, 2",0,SCATTERING,"UNITED STATES SENATOR_TO CONGRESS DIST. 8_TERM ENDING JAN. 3, 2025_",MARINETTE,V,CRIVITZ
"VILLAGE OF CRIVITZ - W1, 2",166,LYERLY_DEMOCRATIC,"REPRESENTATIVE_TO CONGRESS DIST. 8_TERM JAN. 3, 2025 - JAN. 3, 2027_",MARINETTE,V,CRIVITZ
"VILLAGE OF CRIVITZ - W1, 2",352,WIED_REPUBLICAN,"REPRESENTATIVE_TO CONGRESS DIST. 8_TERM JAN. 3, 2025 - JAN. 3, 2027_",MARINETTE,V,CRIVITZ
"VILLAGE OF CRIVITZ - W1, 2",0,SCATTERING,"REPRESENTATIVE_TO CONGRESS DIST. 8_TERM JAN. 3, 2025 - JAN. 3, 2027_",MARINETTE,V,CRIVITZ
VILLAGE OF POUND - W 1,33,LYERLY_DEMOCRATIC,"REPRESENTATIVE_TO CONGRESS DIST. 8_TERM ENDING JAN. 3, 2025_",MARINETTE,V,POUND
VILLAGE OF POUND - W 1,143,WIED_REPUBLICAN,"REPRESENTATIVE_TO CONGRESS DIST. 8_TERM ENDING JAN. 3, 2025_",MARINETTE,V,POUND
VILLAGE OF POUND - W 1,0,SCATTERING,"REPRESENTATIVE_TO CONGRESS DIST. 8_TERM ENDING JAN. 3, 2025_",MARINETTE,V,POUND
VILLAGE OF POUND - W 1,40,BALDWIN_DEMOCRATIC,"UNITED STATES SENATOR_TO CONGRESS DIST. 8_TERM ENDING JAN. 3, 2025_",MARINETTE,V,POUND
VILLAGE OF POUND - W 1,132,HOVDE_REPUBLICAN,"UNITED STATES SENATOR_TO CONGRESS DIST. 8_TERM ENDING JAN. 3, 2025_",MARINETTE,V,POUND
VILLAGE OF POUND - W 1,1,ANDERSON_DISRUPT THE_CORRUPTION,"UNITED STATES SENATOR_TO CONGRESS DIST. 8_TERM ENDING JAN. 3, 2025_",MARINETTE,V,POUND
VILLAGE OF POUND - W 1,4,LEAGER_AMERICA FIRST,"UNITED STATES SENATOR_TO CONGRESS DIST. 8_TERM ENDING JAN. 3, 2025_",MARINETTE,V,POUND
VILLAGE OF POUND - W 1,0,SCATTERING,"UNITED STATES SENATOR_TO CONGRESS DIST. 8_TERM ENDING JAN. 3, 2025_",MARINETTE,V,POUND
VILLAGE OF POUND - W 1,31,LYERLY_DEMOCRATIC,"REPRESENTATIVE_TO CONGRESS DIST. 8_TERM JAN. 3, 2025 - JAN. 3, 2027_",MARINETTE,V,POUND
VILLAGE OF POUND - W 1,143,WIED_REPUBLICAN,"REPRESENTATIVE_TO CONGRESS DIST. 8_TERM JAN. 3, 2025 - JAN. 3, 2027_",MARINETTE,V,POUND
VILLAGE OF POUND - W 1,0,SCATTERING,"REPRESENTATIVE_TO CONGRESS DIST. 8_TERM JAN. 3, 2025 - JAN. 3, 2027_",MARINETTE,V,POUND
VILLAGE OF WAUSAUKEE - W 1,99,LYERLY_DEMOCRATIC,"REPRESENTATIVE_TO CONGRESS DIST. 8_TERM ENDING JAN. 3, 2025_",MARINETTE,V,WAUSAUKEE
VILLAGE OF WAUSAUKEE - W 1,169,WIED_REPUBLICAN,"REPRESENTATIVE_TO CONGRESS DIST. 8_TERM ENDING JAN. 3, 2025_",MARINETTE,V,WAUSAUKEE
VILLAGE OF WAUSAUKEE - W 1,0,SCATTERING,"REPRESENTATIVE_TO CONGRESS DIST. 8_TERM ENDING JAN. 3, 2025_",MARINETTE,V,WAUSAUKEE
VILLAGE OF WAUSAUKEE - W 1,87,BALDWIN_DEMOCRATIC,"UNITED STATES SENATOR_TO CONGRESS DIST. 8_TERM ENDING JAN. 3, 2025_",MARINETTE,V,WAUSAUKEE
VILLAGE OF WAUSAUKEE - W 1,171,HOVDE_REPUBLICAN,"UNITED STATES SENATOR_TO CONGRESS DIST. 8_TERM ENDING JAN. 3, 2025_",MARINETTE,V,WAUSAUKEE
VILLAGE OF WAUSAUKEE - W 1,5,ANDERSON_DISRUPT THE_CORRUPTION,"UNITED STATES SENATOR_TO CONGRESS DIST. 8_TERM ENDING JAN. 3, 2025_",MARINETTE,V,WAUSAUKEE
VILLAGE OF WAUSAUKEE - W 1,5,LEAGER_AMERICA FIRST,"UNITED STATES SENATOR_TO CONGRESS DIST. 8_TERM ENDING JAN. 3, 2025_",MARINETTE,V,WAUSAUKEE
VILLAGE OF WAUSAUKEE - W 1,0,SCATTERING,"UNITED STATES SENATOR_TO CONGRESS DIST. 8_TERM ENDING JAN. 3, 2025_",MARINETTE,V,WAUSAUKEE
VILLAGE OF WAUSAUKEE - W 1,97,LYERLY_DEMOCRATIC,"REPRESENTATIVE_TO CONGRESS DIST. 8_TERM JAN. 3, 2025 - JAN. 3, 2027_",MARINETTE,V,WAUSAUKEE
VILLAGE OF WAUSAUKEE - W 1,169,WIED_REPUBLICAN,"REPRESENTATIVE_TO CONGRESS DIST. 8_TERM JAN. 3, 2025 - JAN. 3, 2027_",MARINETTE,V,WAUSAUKEE
VILLAGE OF WAUSAUKEE - W 1,0,SCATTERING,"REPRESENTATIVE_TO CONGRESS DIST. 8_TERM JAN. 3, 2025 - JAN. 3, 2027_",MARINETTE,V,WAUSAUKEE
"MARINETTE - W 1, 2, 3, 4, 5, 6, 7, 8",1924,LYERLY_DEMOCRATIC,"REPRESENTATIVE_TO CONGRESS DIST. 8_TERM ENDING JAN. 3, 2025_",MARINETTE,C,MARINETTE
"MARINETTE - W 1, 2, 3, 4, 5, 6, 7, 8",2871,WIED_REPUBLICAN,"REPRESENTATIVE_TO CONGRESS DIST. 8_TERM ENDING JAN. 3, 2025_",MARINETTE,C,MARINETTE
"MARINETTE - W 1, 2, 3, 4, 5, 6, 7, 8",4,SCATTERING,"REPRESENTATIVE_TO CONGRESS DIST. 8_TERM ENDING JAN. 3, 2025_",MARINETTE,C,MARINETTE
"MARINETTE - W 1, 2, 3, 4, 5, 6, 7, 8",1952,BALDWIN_DEMOCRATIC,"UNITED STATES SENATOR_TO CONGRESS DIST. 8_TERM ENDING JAN. 3, 2025_",MARINETTE,C,MARINETTE
"MARINETTE - W 1, 2, 3, 4, 5, 6, 7, 8",2707,HOVDE_REPUBLICAN,"UNITED STATES SENATOR_TO CONGRESS DIST. 8_TERM ENDING JAN. 3, 2025_",MARINETTE,C,MARINETTE
"MARINETTE - W 1, 2, 3, 4, 5, 6, 7, 8",94,ANDERSON_DISRUPT THE_CORRUPTION,"UNITED STATES SENATOR_TO CONGRESS DIST. 8_TERM ENDING JAN. 3, 2025_",MARINETTE,C,MARINETTE
"MARINETTE - W 1, 2, 3, 4, 5, 6, 7, 8",87,LEAGER_AMERICA FIRST,"UNITED STATES SENATOR_TO CONGRESS DIST. 8_TERM ENDING JAN. 3, 2025_",MARINETTE,C,MARINETTE
"MARINETTE - W 1, 2, 3, 4, 5, 6, 7, 8",4,SCATTERING,"UNITED STATES SENATOR_TO CONGRESS DIST. 8_TERM ENDING JAN. 3, 2025_",MARINETTE,C,MARINETTE
"MARINETTE - W 1, 2, 3, 4, 5, 6, 7, 8",1899,LYERLY_DEMOCRATIC,"REPRESENTATIVE_TO CONGRESS DIST. 8_TERM JAN. 3, 2025 - JAN. 3, 2027_",MARINETTE,C,MARINETTE
"MARINETTE - W 1, 2, 3, 4, 5, 6, 7, 8",2858,WIED_REPUBLICAN,"REPRESENTATIVE_TO CONGRESS DIST. 8_TERM JAN. 3, 2025 - JAN. 3, 2027_",MARINETTE,C,MARINETTE
"MARINETTE - W 1, 2, 3, 4, 5, 6, 7, 8",4,SCATTERING,"REPRESENTATIVE_TO CONGRESS DIST. 8_TERM JAN. 3, 2025 - JAN. 3, 2027_",MARINETTE,C,MARINETTE
"NIAGARA - W 1, 2, 3",274,LYERLY_DEMOCRATIC,"REPRESENTATIVE_TO CONGRESS DIST. 8_TERM ENDING JAN. 3, 2025_",MARINETTE,C,NIAGARA
"NIAGARA - W 1, 2, 3",571,WIED_REPUBLICAN,"REPRESENTATIVE_TO CONGRESS DIST. 8_TERM ENDING JAN. 3, 2025_",MARINETTE,C,NIAGARA
"NIAGARA - W 1, 2, 3",1,SCATTERING,"REPRESENTATIVE_TO CONGRESS DIST. 8_TERM ENDING JAN. 3, 2025_",MARINETTE,C,NIAGARA
"NIAGARA - W 1, 2, 3",275,BALDWIN_DEMOCRATIC,"UNITED STATES SENATOR_TO CONGRESS DIST. 8_TERM ENDING JAN. 3, 2025_",MARINETTE,C,NIAGARA
"NIAGARA - W 1, 2, 3",546,HOVDE_REPUBLICAN,"UNITED STATES SENATOR_TO CONGRESS DIST. 8_TERM ENDING JAN. 3, 2025_",MARINETTE,C,NIAGARA
"NIAGARA - W 1, 2, 3",12,ANDERSON_DISRUPT THE_CORRUPTION,"UNITED STATES SENATOR_TO CONGRESS DIST. 8_TERM ENDING JAN. 3, 2025_",MARINETTE,C,NIAGARA
"NIAGARA - W 1, 2, 3",20,LEAGER_AMERICA FIRST,"UNITED STATES SENATOR_TO CONGRESS DIST. 8_TERM ENDING JAN. 3, 2025_",MARINETTE,C,NIAGARA
"NIAGARA - W 1, 2, 3",2,SCATTERING,"UNITED STATES SENATOR_TO CONGRESS DIST. 8_TERM ENDING JAN. 3, 2025_",MARINETTE,C,NIAGARA
"NIAGARA - W 1, 2, 3",275,LYERLY_DEMOCRATIC,"REPRESENTATIVE_TO CONGRESS DIST. 8_TERM JAN. 3, 2025 - JAN. 3, 2027_",MARINETTE,C,NIAGARA
"NIAGARA - W 1, 2, 3",567,WIED_REPUBLICAN,"REPRESENTATIVE_TO CONGRESS DIST. 8_TERM JAN. 3, 2025 - JAN. 3, 2027_",MARINETTE,C,NIAGARA
"NIAGARA - W 1, 2, 3",1,SCATTERING,"REPRESENTATIVE_TO CONGRESS DIST. 8_TERM JAN. 3, 2025 - JAN. 3, 2027_",MARINETTE,C,NIAGARA
"PESHTIGO - W 1, 2, 3, 4, 5, 6, 7",568,LYERLY_DEMOCRATIC,"REPRESENTATIVE_TO CONGRESS DIST. 8_TERM ENDING JAN. 3, 2025_",MARINETTE,C,PESHTIGO
"PESHTIGO - W 1, 2, 3, 4, 5, 6, 7",1082,WIED_REPUBLICAN,"REPRESENTATIVE_TO CONGRESS DIST. 8_TERM ENDING JAN. 3, 2025_",MARINETTE,C,PESHTIGO
"PESHTIGO - W 1, 2, 3, 4, 5, 6, 7",1,SCATTERING,"REPRESENTATIVE_TO CONGRESS DIST. 8_TERM ENDING JAN. 3, 2025_",MARINETTE,C,PESHTIGO
"PESHTIGO - W 1, 2, 3, 4, 5, 6, 7",582,BALDWIN_DEMOCRATIC,"UNITED STATES SENATOR_TO CONGRESS DIST. 8_TERM ENDING JAN. 3, 2025_",MARINETTE,C,PESHTIGO
"PESHTIGO - W 1, 2, 3, 4, 5, 6, 7",1022,HOVDE_REPUBLICAN,"UNITED STATES SENATOR_TO CONGRESS DIST. 8_TERM ENDING JAN. 3, 2025_",MARINETTE,C,PESHTIGO
"PESHTIGO - W 1, 2, 3, 4, 5, 6, 7",34,ANDERSON_DISRUPT THE_CORRUPTION,"UNITED STATES SENATOR_TO CONGRESS DIST. 8_TERM ENDING JAN. 3, 2025_",MARINETTE,C,PESHTIGO
"PESHTIGO - W 1, 2, 3, 4, 5, 6, 7",20,LEAGER_AMERICA FIRST,"UNITED STATES SENATOR_TO CONGRESS DIST. 8_TERM ENDING JAN. 3, 2025_",MARINETTE,C,PESHTIGO
"PESHTIGO - W 1, 2, 3, 4, 5, 6, 7",2,SCATTERING,"UNITED STATES SENATOR_TO CONGRESS DIST. 8_TERM ENDING JAN. 3, 2025_",MARINETTE,C,PESHTIGO
"PESHTIGO - W 1, 2, 3, 4, 5, 6, 7",575,LYERLY_DEMOCRATIC,"REPRESENTATIVE_TO CONGRESS DIST. 8_TERM JAN. 3, 2025 - JAN. 3, 2027_",MARINETTE,C,PESHTIGO
"PESHTIGO - W 1, 2, 3, 4, 5, 6, 7",1076,WIED_REPUBLICAN,"REPRESENTATIVE_TO CONGRESS DIST. 8_TERM JAN. 3, 2025 - JAN. 3, 2027_",MARINETTE,C,PESHTIGO
"PESHTIGO - W 1, 2, 3, 4, 5, 6, 7",1,SCATTERING,"REPRESENTATIVE_TO CONGRESS DIST. 8_TERM JAN. 3, 2025 - JAN. 3, 2027_",MARINETTE,C,PESHTIGO
TOWN OF AMBERG - W 1,138,RICH_DEMOCRATIC,STATE SENATOR_DISTRICT 12_,MARINETTE,T,AMBERG
TOWN OF AMBERG - W 1,358,FELZKOWSKI_REPUBLICAN,STATE SENATOR_DISTRICT 12_,MARINETTE,T,AMBERG
TOWN OF AMBERG - W 1,2,SCATTERING,STATE SENATOR_DISTRICT 12_,MARINETTE,T,AMBERG
TOWN OF AMBERG - W 1,137,MURRAY_DEMOCRATIC,REPRESENTATIVE_TO THE ASSEMBLY_DISTRICT 36_,MARINETTE,T,AMBERG
TOWN OF AMBERG - W 1,356,MURSAU_REPUBLICAN,REPRESENTATIVE_TO THE ASSEMBLY_DISTRICT 36_,MARINETTE,T,AMBERG
TOWN OF AMBERG - W 1,2,SCATTERING,REPRESENTATIVE_TO THE ASSEMBLY_DISTRICT 36_,MARINETTE,T,AMBERG
TOWN OF AMBERG - W 1,408,MORROW_REPUBLICAN,DISTRICT_ATTORNEY_DISTRICT 36_,MARINETTE,T,AMBERG
TOWN OF AMBERG - W 1,2,SCATTERING,DISTRICT_ATTORNEY_DISTRICT 36_,MARINETTE,T,AMBERG
"TOWN OF ATHELSTANE - W 1, 2",103,RICH_DEMOCRATIC,STATE SENATOR_DISTRICT 12_,MARINETTE,T,ATHELSTANE
"TOWN OF ATHELSTANE - W 1, 2",288,FELZKOWSKI_REPUBLICAN,STATE SENATOR_DISTRICT 12_,MARINETTE,T,ATHELSTANE
"TOWN OF ATHELSTANE - W 1, 2",0,SCATTERING,STATE SENATOR_DISTRICT 12_,MARINETTE,T,ATHELSTANE
"TOWN OF ATHELSTANE - W 1, 2",96,MURRAY_DEMOCRATIC,REPRESENTATIVE_TO THE ASSEMBLY_DISTRICT 36_,MARINETTE,T,ATHELSTANE
"TOWN OF ATHELSTANE - W 1, 2",293,MURSAU_REPUBLICAN,REPRESENTATIVE_TO THE ASSEMBLY_DISTRICT 36_,MARINETTE,T,ATHELSTANE
"TOWN OF ATHELSTANE - W 1, 2",0,SCATTERING,REPRESENTATIVE_TO THE ASSEMBLY_DISTRICT 36_,MARINETTE,T,ATHELSTANE
"TOWN OF ATHELSTANE - W 1, 2",321,MORROW_REPUBLICAN,DISTRICT_ATTORNEY_DISTRICT 36_,MARINETTE,T,ATHELSTANE
"TOWN OF ATHELSTANE - W 1, 2",0,SCATTERING,DISTRICT_ATTORNEY_DISTRICT 36_,MARINETTE,T,ATHELSTANE
"TOWN OF BEAVER - W 1, 2",166,RICH_DEMOCRATIC,STATE SENATOR_DISTRICT 12_,MARINETTE,T,BEAVER
"TOWN OF BEAVER - W 1, 2",558,FELZKOWSKI_REPUBLICAN,STATE SENATOR_DISTRICT 12_,MARINETTE,T,BEAVER
"TOWN OF BEAVER - W 1, 2",0,SCATTERING,STATE SENATOR_DISTRICT 12_,MARINETTE,T,BEAVER
"TOWN OF BEAVER - W 1, 2",149,MURRAY_DEMOCRATIC,REPRESENTATIVE_TO THE ASSEMBLY_DISTRICT 36_,MARINETTE,T,BEAVER
"TOWN OF BEAVER - W 1, 2",579,MURSAU_REPUBLICAN,REPRESENTATIVE_TO THE ASSEMBLY_DISTRICT 36_,MARINETTE,T,BEAVER
"TOWN OF BEAVER - W 1, 2",2,SCATTERING,REPRESENTATIVE_TO THE ASSEMBLY_DISTRICT 36_,MARINETTE,T,BEAVER
"TOWN OF BEAVER - W 1, 2",632,MORROW_REPUBLICAN,DISTRICT_ATTORNEY_DISTRICT 36_,MARINETTE,T,BEAVER
"TOWN OF BEAVER - W 1, 2",2,SCATTERING,DISTRICT_ATTORNEY_DISTRICT 36_,MARINETTE,T,BEAVER
TOWN OF BEECHER - W 1,113,RICH_DEMOCRATIC,STATE SENATOR_DISTRICT 12_,MARINETTE,T,BEECHER
TOWN OF BEECHER - W 1,403,FELZKOWSKI_REPUBLICAN,STATE SENATOR_DISTRICT 12_,MARINETTE,T,BEECHER
TOWN OF BEECHER - W 1,1,SCATTERING,STATE SENATOR_DISTRICT 12_,MARINETTE,T,BEECHER
TOWN OF BEECHER - W 1,114,MURRAY_DEMOCRATIC,REPRESENTATIVE_TO THE ASSEMBLY_DISTRICT 36_,MARINETTE,T,BEECHER
TOWN OF BEECHER - W 1,401,MURSAU_REPUBLICAN,REPRESENTATIVE_TO THE ASSEMBLY_DISTRICT 36_,MARINETTE,T,BEECHER
TOWN OF BEECHER - W 1,1,SCATTERING,REPRESENTATIVE_TO THE ASSEMBLY_DISTRICT 36_,MARINETTE,T,BEECHER
TOWN OF BEECHER - W 1,438,MORROW_REPUBLICAN,DISTRICT_ATTORNEY_DISTRICT 36_,MARINETTE,T,BEECHER
TOWN OF BEECHER - W 1,1,SCATTERING,DISTRICT_ATTORNEY_DISTRICT 36_,MARINETTE,T,BEECHER
TOWN OF DUNBAR - W 1,91,RICH_DEMOCRATIC,STATE SENATOR_DISTRICT 12_,MARINETTE,T,DUNBAR
TOWN OF DUNBAR - W 1,273,FELZKOWSKI_REPUBLICAN,STATE SENATOR_DISTRICT 12_,MARINETTE,T,DUNBAR
TOWN OF DUNBAR - W 1,0,SCATTERING,STATE SENATOR_DISTRICT 12_,MARINETTE,T,DUNBAR
TOWN OF DUNBAR - W 1,86,MURRAY_DEMOCRATIC,REPRESENTATIVE_TO THE ASSEMBLY_DISTRICT 36_,MARINETTE,T,DUNBAR
TOWN OF DUNBAR - W 1,278,MURSAU_REPUBLICAN,REPRESENTATIVE_TO THE ASSEMBLY_DISTRICT 36_,MARINETTE,T,DUNBAR
TOWN OF DUNBAR - W 1,0,SCATTERING,REPRESENTATIVE_TO THE ASSEMBLY_DISTRICT 36_,MARINETTE,T,DUNBAR
TOWN OF DUNBAR - W 1,314,MORROW_REPUBLICAN,DISTRICT_ATTORNEY_DISTRICT 36_,MARINETTE,T,DUNBAR
TOWN OF DUNBAR - W 1,4,SCATTERING,DISTRICT_ATTORNEY_DISTRICT 36_,MARINETTE,T,DUNBAR
TOWN OF GOODMAN - W 1,116,RICH_DEMOCRATIC,STATE SENATOR_DISTRICT 12_,MARINETTE,T,GOODMAN
TOWN OF GOODMAN - W 1,264,FELZKOWSKI_REPUBLICAN,STATE SENATOR_DISTRICT 12_,MARINETTE,T,GOODMAN
TOWN OF GOODMAN - W 1,0,SCATTERING,STATE SENATOR_DISTRICT 12_,MARINETTE,T,GOODMAN
TOWN OF GOODMAN - W 1,107,MURRAY_DEMOCRATIC,REPRESENTATIVE_TO THE ASSEMBLY_DISTRICT 36_,MARINETTE,T,GOODMAN
TOWN OF GOODMAN - W 1,277,MURSAU_REPUBLICAN,REPRESENTATIVE_TO THE ASSEMBLY_DISTRICT 36_,MARINETTE,T,GOODMAN
TOWN OF GOODMAN - W 1,0,SCATTERING,REPRESENTATIVE_TO THE ASSEMBLY_DISTRICT 36_,MARINETTE,T,GOODMAN
TOWN OF GOODMAN - W 1,326,MORROW_REPUBLICAN,DISTRICT_ATTORNEY_DISTRICT 36_,MARINETTE,T,GOODMAN
TOWN OF GOODMAN - W 1,2,SCATTERING,DISTRICT_ATTORNEY_DISTRICT 36_,MARINETTE,T,GOODMAN
"TOWN OF GROVER - W 1, 2, 3,4",225,RICH_DEMOCRATIC,STATE SENATOR_DISTRICT 12_,MARINETTE,T,GROVER
"TOWN OF GROVER - W 1, 2, 3,4",833,FELZKOWSKI_REPUBLICAN,STATE SENATOR_DISTRICT 12_,MARINETTE,T,GROVER
"TOWN OF GROVER - W 1, 2, 3,4",0,SCATTERING,STATE SENATOR_DISTRICT 12_,MARINETTE,T,GROVER
"TOWN OF GROVER - W 1, 2, 3,4",188,MURRAY_DEMOCRATIC,REPRESENTATIVE_TO THE ASSEMBLY_DISTRICT 36_,MARINETTE,T,GROVER
"TOWN OF GROVER - W 1, 2, 3,4",873,MURSAU_REPUBLICAN,REPRESENTATIVE_TO THE ASSEMBLY_DISTRICT 36_,MARINETTE,T,GROVER
"TOWN OF GROVER - W 1, 2, 3,4",0,SCATTERING,REPRESENTATIVE_TO THE ASSEMBLY_DISTRICT 36_,MARINETTE,T,GROVER
"TOWN OF GROVER - W 1, 2, 3,4",957,MORROW_REPUBLICAN,DISTRICT_ATTORNEY_DISTRICT 36_,MARINETTE,T,GROVER
"TOWN OF GROVER - W 1, 2, 3,4",7,SCATTERING,DISTRICT_ATTORNEY_DISTRICT 36_,MARINETTE,T,GROVER
"TOWN OF LAKE - W 1, 2",226,RICH_DEMOCRATIC,STATE SENATOR_DISTRICT 12_,MARINETTE,T,LAKE
"TOWN OF LAKE - W 1, 2",536,FELZKOWSKI_REPUBLICAN,STATE SENATOR_DISTRICT 12_,MARINETTE,T,LAKE
"TOWN OF LAKE - W 1, 2",0,SCATTERING,STATE SENATOR_DISTRICT 12_,MARINETTE,T,LAKE
"TOWN OF LAKE - W 1, 2",236,MURRAY_DEMOCRATIC,REPRESENTATIVE_TO THE ASSEMBLY_DISTRICT 36_,MARINETTE,T,LAKE
"TOWN OF LAKE - W 1, 2",533,MURSAU_REPUBLICAN,REPRESENTATIVE_TO THE ASSEMBLY_DISTRICT 36_,MARINETTE,T,LAKE
"TOWN OF LAKE - W 1, 2",1,SCATTERING,REPRESENTATIVE_TO THE ASSEMBLY_DISTRICT 36_,MARINETTE,T,LAKE
"TOWN OF LAKE - W 1, 2",644,MORROW_REPUBLICAN,DISTRICT_ATTORNEY_DISTRICT 36_,MARINETTE,T,LAKE
"TOWN OF LAKE - W 1, 2",3,SCATTERING,DISTRICT_ATTORNEY_DISTRICT 36_,MARINETTE,T,LAKE
"TOWN OF MIDDLE INLET - W 1, 2",154,RICH_DEMOCRATIC,STATE SENATOR_DISTRICT 12_,MARINETTE,T,MIDDLE INLET
"TOWN OF MIDDLE INLET - W 1, 2",414,FELZKOWSKI_REPUBLICAN,STATE SENATOR_DISTRICT 12_,MARINETTE,T,MIDDLE INLET
"TOWN OF MIDDLE INLET - W 1, 2",0,SCATTERING,STATE SENATOR_DISTRICT 12_,MARINETTE,T,MIDDLE INLET
"TOWN OF MIDDLE INLET - W 1, 2",155,MURRAY_DEMOCRATIC,REPRESENTATIVE_TO THE ASSEMBLY_DISTRICT 36_,MARINETTE,T,MIDDLE INLET
"TOWN OF MIDDLE INLET - W 1, 2",410,MURSAU_REPUBLICAN,REPRESENTATIVE_TO THE ASSEMBLY_DISTRICT 36_,MARINETTE,T,MIDDLE INLET
"TOWN OF MIDDLE INLET - W 1, 2",0,SCATTERING,REPRESENTATIVE_TO THE ASSEMBLY_DISTRICT 36_,MARINETTE,T,MIDDLE INLET
"TOWN OF MIDDLE INLET - W 1, 2",466,MORROW_REPUBLICAN,DISTRICT_ATTORNEY_DISTRICT 36_,MARINETTE,T,MIDDLE INLET
"TOWN OF MIDDLE INLET - W 1, 2",3,SCATTERING,DISTRICT_ATTORNEY_DISTRICT 36_,MARINETTE,T,MIDDLE INLET
TOWN OF NIAGARA - W 1,146,RICH_DEMOCRATIC,STATE SENATOR_DISTRICT 12_,MARINETTE,T,NIAGARA
TOWN OF NIAGARA - W 1,424,FELZKOWSKI_REPUBLICAN,STATE SENATOR_DISTRICT 12_,MARINETTE,T,NIAGARA
TOWN OF NIAGARA - W 1,0,SCATTERING,STATE SENATOR_DISTRICT 12_,MARINETTE,T,NIAGARA
TOWN OF NIAGARA - W 1,130,MURRAY_DEMOCRATIC,REPRESENTATIVE_TO THE ASSEMBLY_DISTRICT 36_,MARINETTE,T,NIAGARA
TOWN OF NIAGARA - W 1,439,MURSAU_REPUBLICAN,REPRESENTATIVE_TO THE ASSEMBLY_DISTRICT 36_,MARINETTE,T,NIAGARA
TOWN OF NIAGARA - W 1,1,SCATTERING,REPRESENTATIVE_TO THE ASSEMBLY_DISTRICT 36_,MARINETTE,T,NIAGARA
TOWN OF NIAGARA - W 1,485,MORROW_REPUBLICAN,DISTRICT_ATTORNEY_DISTRICT 36_,MARINETTE,T,NIAGARA
TOWN OF NIAGARA - W 1,4,SCATTERING,DISTRICT_ATTORNEY_DISTRICT 36_,MARINETTE,T,NIAGARA
"TOWN OF PEMBINE - W 1, 2",150,RICH_DEMOCRATIC,STATE SENATOR_DISTRICT 12_,MARINETTE,T,PEMBINE
"TOWN OF PEMBINE - W 1, 2",410,FELZKOWSKI_REPUBLICAN,STATE SENATOR_DISTRICT 12_,MARINETTE,T,PEMBINE
"TOWN OF PEMBINE - W 1, 2",0,SCATTERING,STATE SENATOR_DISTRICT 12_,MARINETTE,T,PEMBINE
"TOWN OF PEMBINE - W 1, 2",145,MURRAY_DEMOCRATIC,REPRESENTATIVE_TO THE ASSEMBLY_DISTRICT 36_,MARINETTE,T,PEMBINE
"TOWN OF PEMBINE - W 1, 2",414,MURSAU_REPUBLICAN,REPRESENTATIVE_TO THE ASSEMBLY_DISTRICT 36_,MARINETTE,T,PEMBINE
"TOWN OF PEMBINE - W 1, 2",0,SCATTERING,REPRESENTATIVE_TO THE ASSEMBLY_DISTRICT 36_,MARINETTE,T,PEMBINE
"TOWN OF PEMBINE - W 1, 2",482,MORROW_REPUBLICAN,DISTRICT_ATTORNEY_DISTRICT 36_,MARINETTE,T,PEMBINE
"TOWN OF PEMBINE - W 1, 2",0,SCATTERING,DISTRICT_ATTORNEY_DISTRICT 36_,MARINETTE,T,PEMBINE
"TOWN OF PESHTIGO - W 1, 2",254,RICH_DEMOCRATIC,STATE SENATOR_DISTRICT 12_,MARINETTE,T,PESHTIGO
"TOWN OF PESHTIGO - W 1, 2",518,FELZKOWSKI_REPUBLICAN,STATE SENATOR_DISTRICT 12_,MARINETTE,T,PESHTIGO
"TOWN OF PESHTIGO - W 1, 2",24,SCATTERING,STATE SENATOR_DISTRICT 12_,MARINETTE,T,PESHTIGO
"TOWN OF PESHTIGO - W 1, 2",224,MURRAY_DEMOCRATIC,REPRESENTATIVE_TO THE ASSEMBLY_DISTRICT 36_,MARINETTE,T,PESHTIGO
"TOWN OF PESHTIGO - W 1, 2",548,MURSAU_REPUBLICAN,REPRESENTATIVE_TO THE ASSEMBLY_DISTRICT 36_,MARINETTE,T,PESHTIGO
"TOWN OF PESHTIGO - W 1, 2",24,SCATTERING,REPRESENTATIVE_TO THE ASSEMBLY_DISTRICT 36_,MARINETTE,T,PESHTIGO
"TOWN OF PESHTIGO - W 1, 2",689,MORROW_REPUBLICAN,DISTRICT_ATTORNEY_DISTRICT 36_,MARINETTE,T,PESHTIGO
"TOWN OF PESHTIGO - W 1, 2",103,SCATTERING,DISTRICT_ATTORNEY_DISTRICT 36_,MARINETTE,T,PESHTIGO
"TOWN OF PESHTIGO - W 3, 4",293,RICH_DEMOCRATIC,STATE SENATOR_DISTRICT 12_,MARINETTE,T,PESHTIGO
"TOWN OF PESHTIGO - W 3, 4",550,FELZKOWSKI_REPUBLICAN,STATE SENATOR_DISTRICT 12_,MARINETTE,T,PESHTIGO
"TOWN OF PESHTIGO - W 3, 4",30,SCATTERING,STATE SENATOR_DISTRICT 12_,MARINETTE,T,PESHTIGO
"TOWN OF PESHTIGO - W 3, 4",277,MURRAY_DEMOCRATIC,REPRESENTATIVE_TO THE ASSEMBLY_DISTRICT 36_,MARINETTE,T,PESHTIGO
"TOWN OF PESHTIGO - W 3, 4",566,MURSAU_REPUBLICAN,REPRESENTATIVE_TO THE ASSEMBLY_DISTRICT 36_,MARINETTE,T,PESHTIGO
"TOWN OF PESHTIGO - W 3, 4",30,SCATTERING,REPRESENTATIVE_TO THE ASSEMBLY_DISTRICT 36_,MARINETTE,T,PESHTIGO
"TOWN OF PESHTIGO - W 3, 4",717,MORROW_REPUBLICAN,DISTRICT_ATTORNEY_DISTRICT 36_,MARINETTE,T,PESHTIGO
"TOWN OF PESHTIGO - W 3, 4",150,SCATTERING,DISTRICT_ATTORNEY_DISTRICT 36_,MARINETTE,T,PESHTIGO
"TOWN OF PESHTIGO - W 5, 6",350,RICH_DEMOCRATIC,STATE SENATOR_DISTRICT 12_,MARINETTE,T,PESHTIGO
"TOWN OF PESHTIGO - W 5, 6",602,FELZKOWSKI_REPUBLICAN,STATE SENATOR_DISTRICT 12_,MARINETTE,T,PESHTIGO
"TOWN OF PESHTIGO - W 5, 6",22,SCATTERING,STATE SENATOR_DISTRICT 12_,MARINETTE,T,PESHTIGO
"TOWN OF PESHTIGO - W 5, 6",338,MURRAY_DEMOCRATIC,REPRESENTATIVE_TO THE ASSEMBLY_DISTRICT 36_,MARINETTE,T,PESHTIGO
"TOWN OF PESHTIGO - W 5, 6",611,MURSAU_REPUBLICAN,REPRESENTATIVE_TO THE ASSEMBLY_DISTRICT 36_,MARINETTE,T,PESHTIGO
"TOWN OF PESHTIGO - W 5, 6",26,SCATTERING,REPRESENTATIVE_TO THE ASSEMBLY_DISTRICT 36_,MARINETTE,T,PESHTIGO
"TOWN OF PESHTIGO - W 5, 6",791,MORROW_REPUBLICAN,DISTRICT_ATTORNEY_DISTRICT 36_,MARINETTE,T,PESHTIGO
"TOWN OF PESHTIGO - W 5, 6",176,SCATTERING,DISTRICT_ATTORNEY_DISTRICT 36_,MARINETTE,T,PESHTIGO
"TOWN OF PORTERFIELD - W 1, 2, 3, 4",349,RICH_DEMOCRATIC,STATE SENATOR_DISTRICT 12_,MARINETTE,T,PORTERFIELD
"TOWN OF PORTERFIELD - W 1, 2, 3, 4",844,FELZKOWSKI_REPUBLICAN,STATE SENATOR_DISTRICT 12_,MARINETTE,T,PORTERFIELD
"TOWN OF PORTERFIELD - W 1, 2, 3, 4",1,SCATTERING,STATE SENATOR_DISTRICT 12_,MARINETTE,T,PORTERFIELD
"TOWN OF PORTERFIELD - W 1, 2, 3, 4",322,MURRAY_DEMOCRATIC,REPRESENTATIVE_TO THE ASSEMBLY_DISTRICT 36_,MARINETTE,T,PORTERFIELD
"TOWN OF PORTERFIELD - W 1, 2, 3, 4",870,MURSAU_REPUBLICAN,REPRESENTATIVE_TO THE ASSEMBLY_DISTRICT 36_,MARINETTE,T,PORTERFIELD
"TOWN OF PORTERFIELD - W 1, 2, 3, 4",1,SCATTERING,REPRESENTATIVE_TO THE ASSEMBLY_DISTRICT 36_,MARINETTE,T,PORTERFIELD
"TOWN OF PORTERFIELD - W 1, 2, 3, 4",1016,MORROW_REPUBLICAN,DISTRICT_ATTORNEY_DISTRICT 36_,MARINETTE,T,PORTERFIELD
"TOWN OF PORTERFIELD - W 1, 2, 3, 4",15,SCATTERING,DISTRICT_ATTORNEY_DISTRICT 36_,MARINETTE,T,PORTERFIELD
"TOWN OF POUND - W 1, 2, 3",158,RICH_DEMOCRATIC,STATE SENATOR_DISTRICT 12_,MARINETTE,T,POUND
"TOWN OF POUND - W 1, 2, 3",662,FELZKOWSKI_REPUBLICAN,STATE SENATOR_DISTRICT 12_,MARINETTE,T,POUND
"TOWN OF POUND - W 1, 2, 3",3,SCATTERING,STATE SENATOR_DISTRICT 12_,MARINETTE,T,POUND
"TOWN OF POUND - W 1, 2, 3",142,MURRAY_DEMOCRATIC,REPRESENTATIVE_TO THE ASSEMBLY_DISTRICT 36_,MARINETTE,T,POUND
"TOWN OF POUND - W 1, 2, 3",687,MURSAU_REPUBLICAN,REPRESENTATIVE_TO THE ASSEMBLY_DISTRICT 36_,MARINETTE,T,POUND
"TOWN OF POUND - W 1, 2, 3",0,SCATTERING,REPRESENTATIVE_TO THE ASSEMBLY_DISTRICT 36_,MARINETTE,T,POUND
"TOWN OF POUND - W 1, 2, 3",740,MORROW_REPUBLICAN,DISTRICT_ATTORNEY_DISTRICT 36_,MARINETTE,T,POUND
"TOWN OF POUND - W 1, 2, 3",6,SCATTERING,DISTRICT_ATTORNEY_DISTRICT 36_,MARINETTE,T,POUND
TOWN OF SILVER CLIFF - W 1,124,RICH_DEMOCRATIC,STATE SENATOR_DISTRICT 12_,MARINETTE,T,SILVER CLIFF
TOWN OF SILVER CLIFF - W 1,296,FELZKOWSKI_REPUBLICAN,STATE SENATOR_DISTRICT 12_,MARINETTE,T,SILVER CLIFF
TOWN OF SILVER CLIFF - W 1,0,SCATTERING,STATE SENATOR_DISTRICT 12_,MARINETTE,T,SILVER CLIFF
TOWN OF SILVER CLIFF - W 1,126,MURRAY_DEMOCRATIC,REPRESENTATIVE_TO THE ASSEMBLY_DISTRICT 36_,MARINETTE,T,SILVER CLIFF
TOWN OF SILVER CLIFF - W 1,293,MURSAU_REPUBLICAN,REPRESENTATIVE_TO THE ASSEMBLY_DISTRICT 36_,MARINETTE,T,SILVER CLIFF
TOWN OF SILVER CLIFF - W 1,0,SCATTERING,REPRESENTATIVE_TO THE ASSEMBLY_DISTRICT 36_,MARINETTE,T,SILVER CLIFF
TOWN OF SILVER CLIFF - W 1,337,MORROW_REPUBLICAN,DISTRICT_ATTORNEY_DISTRICT 36_,MARINETTE,T,SILVER CLIFF
TOWN OF SILVER CLIFF - W 1,0,SCATTERING,DISTRICT_ATTORNEY_DISTRICT 36_,MARINETTE,T,SILVER CLIFF
"TOWN OF STEPHENSON - W 1, 2, 3",381,RICH_DEMOCRATIC,STATE SENATOR_DISTRICT 12_,MARINETTE,T,STEPHENSON
"TOWN OF STEPHENSON - W 1, 2, 3",952,FELZKOWSKI_REPUBLICAN,STATE SENATOR_DISTRICT 12_,MARINETTE,T,STEPHENSON
"TOWN OF STEPHENSON - W 1, 2, 3",0,SCATTERING,STATE SENATOR_DISTRICT 12_,MARINETTE,T,STEPHENSON
"TOWN OF STEPHENSON - W 1, 2, 3",367,MURRAY_DEMOCRATIC,REPRESENTATIVE_TO THE ASSEMBLY_DISTRICT 36_,MARINETTE,T,STEPHENSON
"TOWN OF STEPHENSON - W 1, 2, 3",972,MURSAU_REPUBLICAN,REPRESENTATIVE_TO THE ASSEMBLY_DISTRICT 36_,MARINETTE,T,STEPHENSON
"TOWN OF STEPHENSON - W 1, 2, 3",0,SCATTERING,REPRESENTATIVE_TO THE ASSEMBLY_DISTRICT 36_,MARINETTE,T,STEPHENSON
"TOWN OF STEPHENSON - W 1, 2, 3",1118,MORROW_REPUBLICAN,DISTRICT_ATTORNEY_DISTRICT 36_,MARINETTE,T,STEPHENSON
"TOWN OF STEPHENSON - W 1, 2, 3",12,SCATTERING,DISTRICT_ATTORNEY_DISTRICT 36_,MARINETTE,T,STEPHENSON
"TOWN OF STEPHENSON - W 4, 5, 6",278,RICH_DEMOCRATIC,STATE SENATOR_DISTRICT 12_,MARINETTE,T,STEPHENSON
"TOWN OF STEPHENSON - W 4, 5, 6",849,FELZKOWSKI_REPUBLICAN,STATE SENATOR_DISTRICT 12_,MARINETTE,T,STEPHENSON
"TOWN OF STEPHENSON - W 4, 5, 6",0,SCATTERING,STATE SENATOR_DISTRICT 12_,MARINETTE,T,STEPHENSON
"TOWN OF STEPHENSON - W 4, 5, 6",263,MURRAY_DEMOCRATIC,REPRESENTATIVE_TO THE ASSEMBLY_DISTRICT 36_,MARINETTE,T,STEPHENSON
"TOWN OF STEPHENSON - W 4, 5, 6",874,MURSAU_REPUBLICAN,REPRESENTATIVE_TO THE ASSEMBLY_DISTRICT 36_,MARINETTE,T,STEPHENSON
"TOWN OF STEPHENSON - W 4, 5, 6",2,SCATTERING,REPRESENTATIVE_TO THE ASSEMBLY_DISTRICT 36_,MARINETTE,T,STEPHENSON
"TOWN OF STEPHENSON - W 4, 5, 6",920,MORROW_REPUBLICAN,DISTRICT_ATTORNEY_DISTRICT 36_,MARINETTE,T,STEPHENSON
"TOWN OF STEPHENSON - W 4, 5, 6",13,SCATTERING,DISTRICT_ATTORNEY_DISTRICT 36_,MARINETTE,T,STEPHENSON
TOWN OF WAGNER - W 1,134,RICH_DEMOCRATIC,STATE SENATOR_DISTRICT 12_,MARINETTE,T,WAGNER
TOWN OF WAGNER - W 1,311,FELZKOWSKI_REPUBLICAN,STATE SENATOR_DISTRICT 12_,MARINETTE,T,WAGNER
TOWN OF WAGNER - W 1,0,SCATTERING,STATE SENATOR_DISTRICT 12_,MARINETTE,T,WAGNER
TOWN OF WAGNER - W 1,133,MURRAY_DEMOCRATIC,REPRESENTATIVE_TO THE ASSEMBLY_DISTRICT 36_,MARINETTE,T,WAGNER
TOWN OF WAGNER - W 1,311,MURSAU_REPUBLICAN,REPRESENTATIVE_TO THE ASSEMBLY_DISTRICT 36_,MARINETTE,T,WAGNER
TOWN OF WAGNER - W 1,0,SCATTERING,REPRESENTATIVE_TO THE ASSEMBLY_DISTRICT 36_,MARINETTE,T,WAGNER
TOWN OF WAGNER - W 1,353,MORROW_REPUBLICAN,DISTRICT_ATTORNEY_DISTRICT 36_,MARINETTE,T,WAGNER
TOWN OF WAGNER - W 1,2,SCATTERING,DISTRICT_ATTORNEY_DISTRICT 36_,MARINETTE,T,WAGNER
"TOWN OF WAUSAUKEE - W 1, 2",214,RICH_DEMOCRATIC,STATE SENATOR_DISTRICT 12_,MARINETTE,T,WAUSAUKEE
"TOWN OF WAUSAUKEE - W 1, 2",583,FELZKOWSKI_REPUBLICAN,STATE SENATOR_DISTRICT 12_,MARINETTE,T,WAUSAUKEE
"TOWN OF WAUSAUKEE - W 1, 2",0,SCATTERING,STATE SENATOR_DISTRICT 12_,MARINETTE,T,WAUSAUKEE
"TOWN OF WAUSAUKEE - W 1, 2",207,MURRAY_DEMOCRATIC,REPRESENTATIVE_TO THE ASSEMBLY_DISTRICT 36_,MARINETTE,T,WAUSAUKEE
"TOWN OF WAUSAUKEE - W 1, 2",597,MURSAU_REPUBLICAN,REPRESENTATIVE_TO THE ASSEMBLY_DISTRICT 36_,MARINETTE,T,WAUSAUKEE
"TOWN OF WAUSAUKEE - W 1, 2",0,SCATTERING,REPRESENTATIVE_TO THE ASSEMBLY_DISTRICT 36_,MARINETTE,T,WAUSAUKEE
"TOWN OF WAUSAUKEE - W 1, 2",663,MORROW_REPUBLICAN,DISTRICT_ATTORNEY_DISTRICT 36_,MARINETTE,T,WAUSAUKEE
"TOWN OF WAUSAUKEE - W 1, 2",5,SCATTERING,DISTRICT_ATTORNEY_DISTRICT 36_,MARINETTE,T,WAUSAUKEE
VILLAGE OF COLEMAN - W 1,107,RICH_DEMOCRATIC,STATE SENATOR_DISTRICT 12_,MARINETTE,V,COLEMAN
VILLAGE OF COLEMAN - W 1,281,FELZKOWSKI_REPUBLICAN,STATE SENATOR_DISTRICT 12_,MARINETTE,V,COLEMAN
VILLAGE OF COLEMAN - W 1,13,SCATTERING,STATE SENATOR_DISTRICT 12_,MARINETTE,V,COLEMAN
VILLAGE OF COLEMAN - W 1,90,MURRAY_DEMOCRATIC,REPRESENTATIVE_TO THE ASSEMBLY_DISTRICT 36_,MARINETTE,V,COLEMAN
VILLAGE OF COLEMAN - W 1,301,MURSAU_REPUBLICAN,REPRESENTATIVE_TO THE ASSEMBLY_DISTRICT 36_,MARINETTE,V,COLEMAN
VILLAGE OF COLEMAN - W 1,10,SCATTERING,REPRESENTATIVE_TO THE ASSEMBLY_DISTRICT 36_,MARINETTE,V,COLEMAN
VILLAGE OF COLEMAN - W 1,332,MORROW_REPUBLICAN,DISTRICT_ATTORNEY_DISTRICT 36_,MARINETTE,V,COLEMAN
VILLAGE OF COLEMAN - W 1,68,SCATTERING,DISTRICT_ATTORNEY_DISTRICT 36_,MARINETTE,V,COLEMAN
"VILLAGE OF CRIVITZ - W1, 2",157,RICH_DEMOCRATIC,STATE SENATOR_DISTRICT 12_,MARINETTE,V,CRIVITZ
"VILLAGE OF CRIVITZ - W1, 2",357,FELZKOWSKI_REPUBLICAN,STATE SENATOR_DISTRICT 12_,MARINETTE,V,CRIVITZ
"VILLAGE OF CRIVITZ - W1, 2",0,SCATTERING,STATE SENATOR_DISTRICT 12_,MARINETTE,V,CRIVITZ
"VILLAGE OF CRIVITZ - W1, 2",145,MURRAY_DEMOCRATIC,REPRESENTATIVE_TO THE ASSEMBLY_DISTRICT 36_,MARINETTE,V,CRIVITZ
"VILLAGE OF CRIVITZ - W1, 2",387,MURSAU_REPUBLICAN,REPRESENTATIVE_TO THE ASSEMBLY_DISTRICT 36_,MARINETTE,V,CRIVITZ
"VILLAGE OF CRIVITZ - W1, 2",0,SCATTERING,REPRESENTATIVE_TO THE ASSEMBLY_DISTRICT 36_,MARINETTE,V,CRIVITZ
"VILLAGE OF CRIVITZ - W1, 2",435,MORROW_REPUBLICAN,DISTRICT_ATTORNEY_DISTRICT 36_,MARINETTE,V,CRIVITZ
"VILLAGE OF CRIVITZ - W1, 2",7,SCATTERING,DISTRICT_ATTORNEY_DISTRICT 36_,MARINETTE,V,CRIVITZ
VILLAGE OF POUND - W 1,37,RICH_DEMOCRATIC,STATE SENATOR_DISTRICT 12_,MARINETTE,V,POUND
VILLAGE OF POUND - W 1,138,FELZKOWSKI_REPUBLICAN,STATE SENATOR_DISTRICT 12_,MARINETTE,V,POUND
VILLAGE OF POUND - W 1,0,SCATTERING,STATE SENATOR_DISTRICT 12_,MARINETTE,V,POUND
VILLAGE OF POUND - W 1,30,MURRAY_DEMOCRATIC,REPRESENTATIVE_TO THE ASSEMBLY_DISTRICT 36_,MARINETTE,V,POUND
VILLAGE OF POUND - W 1,148,MURSAU_REPUBLICAN,REPRESENTATIVE_TO THE ASSEMBLY_DISTRICT 36_,MARINETTE,V,POUND
VILLAGE OF POUND - W 1,1,SCATTERING,REPRESENTATIVE_TO THE ASSEMBLY_DISTRICT 36_,MARINETTE,V,POUND
VILLAGE OF POUND - W 1,148,MORROW_REPUBLICAN,DISTRICT_ATTORNEY_DISTRICT 36_,MARINETTE,V,POUND
VILLAGE OF POUND - W 1,1,SCATTERING,DISTRICT_ATTORNEY_DISTRICT 36_,MARINETTE,V,POUND
VILLAGE OF WAUSAUKEE - W 1,87,RICH_DEMOCRATIC,STATE SENATOR_DISTRICT 12_,MARINETTE,V,WAUSAUKEE
VILLAGE OF WAUSAUKEE - W 1,180,FELZKOWSKI_REPUBLICAN,STATE SENATOR_DISTRICT 12_,MARINETTE,V,WAUSAUKEE
VILLAGE OF WAUSAUKEE - W 1,0,SCATTERING,STATE SENATOR_DISTRICT 12_,MARINETTE,V,WAUSAUKEE
VILLAGE OF WAUSAUKEE - W 1,81,MURRAY_DEMOCRATIC,REPRESENTATIVE_TO THE ASSEMBLY_DISTRICT 36_,MARINETTE,V,WAUSAUKEE
VILLAGE OF WAUSAUKEE - W 1,188,MURSAU_REPUBLICAN,REPRESENTATIVE_TO THE ASSEMBLY_DISTRICT 36_,MARINETTE,V,WAUSAUKEE
VILLAGE OF WAUSAUKEE - W 1,0,SCATTERING,REPRESENTATIVE_TO THE ASSEMBLY_DISTRICT 36_,MARINETTE,V,WAUSAUKEE
VILLAGE OF WAUSAUKEE - W 1,221,MORROW_REPUBLICAN,DISTRICT_ATTORNEY_DISTRICT 36_,MARINETTE,V,WAUSAUKEE
VILLAGE OF WAUSAUKEE - W 1,1,SCATTERING,DISTRICT_ATTORNEY_DISTRICT 36_,MARINETTE,V,WAUSAUKEE
"MARINETTE - W 1, 2, 3, 4, 5, 6, 7, 8",1898,RICH_DEMOCRATIC,STATE SENATOR_DISTRICT 12_,MARINETTE,C,MARINETTE
"MARINETTE - W 1, 2, 3, 4, 5, 6, 7, 8",2841,FELZKOWSKI_REPUBLICAN,STATE SENATOR_DISTRICT 12_,MARINETTE,C,MARINETTE
"MARINETTE - W 1, 2, 3, 4, 5, 6, 7, 8",5,SCATTERING,STATE SENATOR_DISTRICT 12_,MARINETTE,C,MARINETTE
"MARINETTE - W 1, 2, 3, 4, 5, 6, 7, 8",1841,MURRAY_DEMOCRATIC,REPRESENTATIVE_TO THE ASSEMBLY_DISTRICT 36_,MARINETTE,C,MARINETTE
"MARINETTE - W 1, 2, 3, 4, 5, 6, 7, 8",2880,MURSAU_REPUBLICAN,REPRESENTATIVE_TO THE ASSEMBLY_DISTRICT 36_,MARINETTE,C,MARINETTE
"MARINETTE - W 1, 2, 3, 4, 5, 6, 7, 8",5,SCATTERING,REPRESENTATIVE_TO THE ASSEMBLY_DISTRICT 36_,MARINETTE,C,MARINETTE
"MARINETTE - W 1, 2, 3, 4, 5, 6, 7, 8",3741,MORROW_REPUBLICAN,DISTRICT_ATTORNEY_DISTRICT 36_,MARINETTE,C,MARINETTE
"MARINETTE - W 1, 2, 3, 4, 5, 6, 7, 8",74,SCATTERING,DISTRICT_ATTORNEY_DISTRICT 36_,MARINETTE,C,MARINETTE
"NIAGARA - W 1, 2, 3",269,RICH_DEMOCRATIC,STATE SENATOR_DISTRICT 12_,MARINETTE,C,NIAGARA
"NIAGARA - W 1, 2, 3",568,FELZKOWSKI_REPUBLICAN,STATE SENATOR_DISTRICT 12_,MARINETTE,C,NIAGARA
"NIAGARA - W 1, 2, 3",1,SCATTERING,STATE SENATOR_DISTRICT 12_,MARINETTE,C,NIAGARA
"NIAGARA - W 1, 2, 3",260,MURRAY_DEMOCRATIC,REPRESENTATIVE_TO THE ASSEMBLY_DISTRICT 36_,MARINETTE,C,NIAGARA
"NIAGARA - W 1, 2, 3",571,MURSAU_REPUBLICAN,REPRESENTATIVE_TO THE ASSEMBLY_DISTRICT 36_,MARINETTE,C,NIAGARA
"NIAGARA - W 1, 2, 3",1,SCATTERING,REPRESENTATIVE_TO THE ASSEMBLY_DISTRICT 36_,MARINETTE,C,NIAGARA
"NIAGARA - W 1, 2, 3",672,MORROW_REPUBLICAN,DISTRICT_ATTORNEY_DISTRICT 36_,MARINETTE,C,NIAGARA
"NIAGARA - W 1, 2, 3",9,SCATTERING,DISTRICT_ATTORNEY_DISTRICT 36_,MARINETTE,C,NIAGARA
"PESHTIGO - W 1, 2, 3, 4, 5, 6, 7",570,RICH_DEMOCRATIC,STATE SENATOR_DISTRICT 12_,MARINETTE,C,PESHTIGO
"PESHTIGO - W 1, 2, 3, 4, 5, 6, 7",1059,FELZKOWSKI_REPUBLICAN,STATE SENATOR_DISTRICT 12_,MARINETTE,C,PESHTIGO
"PESHTIGO - W 1, 2, 3, 4, 5, 6, 7",2,SCATTERING,STATE SENATOR_DISTRICT 12_,MARINETTE,C,PESHTIGO
"PESHTIGO - W 1, 2, 3, 4, 5, 6, 7",532,MURRAY_DEMOCRATIC,REPRESENTATIVE_TO THE ASSEMBLY_DISTRICT 36_,MARINETTE,C,PESHTIGO
"PESHTIGO - W 1, 2, 3, 4, 5, 6, 7",1102,MURSAU_REPUBLICAN,REPRESENTATIVE_TO THE ASSEMBLY_DISTRICT 36_,MARINETTE,C,PESHTIGO
"PESHTIGO - W 1, 2, 3, 4, 5, 6, 7",1,SCATTERING,REPRESENTATIVE_TO THE ASSEMBLY_DISTRICT 36_,MARINETTE,C,PESHTIGO
"PESHTIGO - W 1, 2, 3, 4, 5, 6, 7",1365,MORROW_REPUBLICAN,DISTRICT_ATTORNEY_DISTRICT 36_,MARINETTE,C,PESHTIGO
"PESHTIGO - W 1, 2, 3, 4, 5, 6, 7",31,SCATTERING,DISTRICT_ATTORNEY_DISTRICT 36_,MARINETTE,C,PESHTIGO
TOWN OF AMBERG - W 1,147,HARRIS_WALZ_DEMOCRATIC,PRESIDENT_VICE PRESIDENT_,MARINETTE,T,AMBERG
TOWN OF AMBERG - W 1,354,TRUMP_VANCE_REPUBLICAN,PRESIDENT_VICE PRESIDENT_,MARINETTE,T,AMBERG
TOWN OF AMBERG - W 1,2,TERRY_BRODEN_CONSTITUTION,PRESIDENT_VICE PRESIDENT_,MARINETTE,T,AMBERG
TOWN OF AMBERG - W 1,2,OLIVER_TER MATT_LIBERTARIAN,PRESIDENT_VICE PRESIDENT_,MARINETTE,T,AMBERG
TOWN OF AMBERG - W 1,3,STEIN_WARE_GREEN,PRESIDENT_VICE PRESIDENT_,MARINETTE,T,AMBERG
TOWN OF AMBERG - W 1,0,DE LA CRUZ_GARCIA_SOCIALISM,PRESIDENT_VICE PRESIDENT_,MARINETTE,T,AMBERG
TOWN OF AMBERG - W 1,0,WEST_ABDULLAH_JUSTICE FOR ALL,PRESIDENT_VICE PRESIDENT_,MARINETTE,T,AMBERG
TOWN OF AMBERG - W 1,2,"KENNEDY, JR._SHANAHAN_WE THE PEOPLE",PRESIDENT_VICE PRESIDENT_,MARINETTE,T,AMBERG
TOWN OF AMBERG - W 1,0,SCATTERING,PRESIDENT_VICE PRESIDENT_,MARINETTE,T,AMBERG
"TOWN OF ATHELSTANE - W 1, 2",107,HARRIS_WALZ_DEMOCRATIC,PRESIDENT_VICE PRESIDENT_,MARINETTE,T,ATHELSTANE
"TOWN OF ATHELSTANE - W 1, 2",292,TRUMP_VANCE_REPUBLICAN,PRESIDENT_VICE PRESIDENT_,MARINETTE,T,ATHELSTANE
"TOWN OF ATHELSTANE - W 1, 2",0,TERRY_BRODEN_CONSTITUTION,PRESIDENT_VICE PRESIDENT_,MARINETTE,T,ATHELSTANE
"TOWN OF ATHELSTANE - W 1, 2",0,OLIVER_TER MATT_LIBERTARIAN,PRESIDENT_VICE PRESIDENT_,MARINETTE,T,ATHELSTANE
"TOWN OF ATHELSTANE - W 1, 2",1,STEIN_WARE_GREEN,PRESIDENT_VICE PRESIDENT_,MARINETTE,T,ATHELSTANE
"TOWN OF ATHELSTANE - W 1, 2",0,DE LA CRUZ_GARCIA_SOCIALISM,PRESIDENT_VICE PRESIDENT_,MARINETTE,T,ATHELSTANE
"TOWN OF ATHELSTANE - W 1, 2",0,WEST_ABDULLAH_JUSTICE FOR ALL,PRESIDENT_VICE PRESIDENT_,MARINETTE,T,ATHELSTANE
"TOWN OF ATHELSTANE - W 1, 2",1,"KENNEDY, JR._SHANAHAN_WE THE PEOPLE",PRESIDENT_VICE PRESIDENT_,MARINETTE,T,ATHELSTANE
"TOWN OF ATHELSTANE - W 1, 2",0,SCATTERING,PRESIDENT_VICE PRESIDENT_,MARINETTE,T,ATHELSTANE
"TOWN OF BEAVER - W 1, 2",170,HARRIS_WALZ_DEMOCRATIC,PRESIDENT_VICE PRESIDENT_,MARINETTE,T,BEAVER
"TOWN OF BEAVER - W 1, 2",558,TRUMP_VANCE_REPUBLICAN,PRESIDENT_VICE PRESIDENT_,MARINETTE,T,BEAVER
"TOWN OF BEAVER - W 1, 2",2,TERRY_BRODEN_CONSTITUTION,PRESIDENT_VICE PRESIDENT_,MARINETTE,T,BEAVER
"TOWN OF BEAVER - W 1, 2",1,OLIVER_TER MATT_LIBERTARIAN,PRESIDENT_VICE PRESIDENT_,MARINETTE,T,BEAVER
"TOWN OF BEAVER - W 1, 2",1,STEIN_WARE_GREEN,PRESIDENT_VICE PRESIDENT_,MARINETTE,T,BEAVER
"TOWN OF BEAVER - W 1, 2",0,DE LA CRUZ_GARCIA_SOCIALISM,PRESIDENT_VICE PRESIDENT_,MARINETTE,T,BEAVER
"TOWN OF BEAVER - W 1, 2",1,WEST_ABDULLAH_JUSTICE FOR ALL,PRESIDENT_VICE PRESIDENT_,MARINETTE,T,BEAVER
"TOWN OF BEAVER - W 1, 2",2,"KENNEDY, JR._SHANAHAN_WE THE PEOPLE",PRESIDENT_VICE PRESIDENT_,MARINETTE,T,BEAVER
"TOWN OF BEAVER - W 1, 2",1,SCATTERING,PRESIDENT_VICE PRESIDENT_,MARINETTE,T,BEAVER
TOWN OF BEECHER - W 1,126,HARRIS_WALZ_DEMOCRATIC,PRESIDENT_VICE PRESIDENT_,MARINETTE,T,BEECHER
TOWN OF BEECHER - W 1,398,TRUMP_VANCE_REPUBLICAN,PRESIDENT_VICE PRESIDENT_,MARINETTE,T,BEECHER
TOWN OF BEECHER - W 1,1,TERRY_BRODEN_CONSTITUTION,PRESIDENT_VICE PRESIDENT_,MARINETTE,T,BEECHER
TOWN OF BEECHER - W 1,0,OLIVER_TER MATT_LIBERTARIAN,PRESIDENT_VICE PRESIDENT_,MARINETTE,T,BEECHER
TOWN OF BEECHER - W 1,1,STEIN_WARE_GREEN,PRESIDENT_VICE PRESIDENT_,MARINETTE,T,BEECHER
TOWN OF BEECHER - W 1,0,DE LA CRUZ_GARCIA_SOCIALISM,PRESIDENT_VICE PRESIDENT_,MARINETTE,T,BEECHER
TOWN OF BEECHER - W 1,0,WEST_ABDULLAH_JUSTICE FOR ALL,PRESIDENT_VICE PRESIDENT_,MARINETTE,T,BEECHER
TOWN OF BEECHER - W 1,3,"KENNEDY, JR._SHANAHAN_WE THE PEOPLE",PRESIDENT_VICE PRESIDENT_,MARINETTE,T,BEECHER
TOWN OF BEECHER - W 1,0,SCATTERING,PRESIDENT_VICE PRESIDENT_,MARINETTE,T,BEECHER
TOWN OF DUNBAR - W 1,101,HARRIS_WALZ_DEMOCRATIC,PRESIDENT_VICE PRESIDENT_,MARINETTE,T,DUNBAR
TOWN OF DUNBAR - W 1,268,TRUMP_VANCE_REPUBLICAN,PRESIDENT_VICE PRESIDENT_,MARINETTE,T,DUNBAR
TOWN OF DUNBAR - W 1,2,TERRY_BRODEN_CONSTITUTION,PRESIDENT_VICE PRESIDENT_,MARINETTE,T,DUNBAR
TOWN OF DUNBAR - W 1,1,OLIVER_TER MATT_LIBERTARIAN,PRESIDENT_VICE PRESIDENT_,MARINETTE,T,DUNBAR
TOWN OF DUNBAR - W 1,0,STEIN_WARE_GREEN,PRESIDENT_VICE PRESIDENT_,MARINETTE,T,DUNBAR
TOWN OF DUNBAR - W 1,0,DE LA CRUZ_GARCIA_SOCIALISM,PRESIDENT_VICE PRESIDENT_,MARINETTE,T,DUNBAR
TOWN OF DUNBAR - W 1,0,WEST_ABDULLAH_JUSTICE FOR ALL,PRESIDENT_VICE PRESIDENT_,MARINETTE,T,DUNBAR
TOWN OF DUNBAR - W 1,0,"KENNEDY, JR._SHANAHAN_WE THE PEOPLE",PRESIDENT_VICE PRESIDENT_,MARINETTE,T,DUNBAR
TOWN OF DUNBAR - W 1,0,SCATTERING,PRESIDENT_VICE PRESIDENT_,MARINETTE,T,DUNBAR
TOWN OF GOODMAN - W 1,129,HARRIS_WALZ_DEMOCRATIC,PRESIDENT_VICE PRESIDENT_,MARINETTE,T,GOODMAN
TOWN OF GOODMAN - W 1,259,TRUMP_VANCE_REPUBLICAN,PRESIDENT_VICE PRESIDENT_,MARINETTE,T,GOODMAN
TOWN OF GOODMAN - W 1,1,TERRY_BRODEN_CONSTITUTION,PRESIDENT_VICE PRESIDENT_,MARINETTE,T,GOODMAN
TOWN OF GOODMAN - W 1,2,OLIVER_TER MATT_LIBERTARIAN,PRESIDENT_VICE PRESIDENT_,MARINETTE,T,GOODMAN
TOWN OF GOODMAN - W 1,0,STEIN_WARE_GREEN,PRESIDENT_VICE PRESIDENT_,MARINETTE,T,GOODMAN
TOWN OF GOODMAN - W 1,0,DE LA CRUZ_GARCIA_SOCIALISM,PRESIDENT_VICE PRESIDENT_,MARINETTE,T,GOODMAN
TOWN OF GOODMAN - W 1,0,WEST_ABDULLAH_JUSTICE FOR ALL,PRESIDENT_VICE PRESIDENT_,MARINETTE,T,GOODMAN
TOWN OF GOODMAN - W 1,1,"KENNEDY, JR._SHANAHAN_WE THE PEOPLE",PRESIDENT_VICE PRESIDENT_,MARINETTE,T,GOODMAN
TOWN OF GOODMAN - W 1,1,SCATTERING,PRESIDENT_VICE PRESIDENT_,MARINETTE,T,GOODMAN
"TOWN OF GROVER - W 1, 2, 3,4",225,HARRIS_WALZ_DEMOCRATIC,PRESIDENT_VICE PRESIDENT_,MARINETTE,T,GROVER
"TOWN OF GROVER - W 1, 2, 3,4",849,TRUMP_VANCE_REPUBLICAN,PRESIDENT_VICE PRESIDENT_,MARINETTE,T,GROVER
"TOWN OF GROVER - W 1, 2, 3,4",2,TERRY_BRODEN_CONSTITUTION,PRESIDENT_VICE PRESIDENT_,MARINETTE,T,GROVER
"TOWN OF GROVER - W 1, 2, 3,4",1,OLIVER_TER MATT_LIBERTARIAN,PRESIDENT_VICE PRESIDENT_,MARINETTE,T,GROVER
"TOWN OF GROVER - W 1, 2, 3,4",0,STEIN_WARE_GREEN,PRESIDENT_VICE PRESIDENT_,MARINETTE,T,GROVER
"TOWN OF GROVER - W 1, 2, 3,4",1,DE LA CRUZ_GARCIA_SOCIALISM,PRESIDENT_VICE PRESIDENT_,MARINETTE,T,GROVER
"TOWN OF GROVER - W 1, 2, 3,4",0,WEST_ABDULLAH_JUSTICE FOR ALL,PRESIDENT_VICE PRESIDENT_,MARINETTE,T,GROVER
"TOWN OF GROVER - W 1, 2, 3,4",3,"KENNEDY, JR._SHANAHAN_WE THE PEOPLE",PRESIDENT_VICE PRESIDENT_,MARINETTE,T,GROVER
"TOWN OF GROVER - W 1, 2, 3,4",1,SCATTERING,PRESIDENT_VICE PRESIDENT_,MARINETTE,T,GROVER
"TOWN OF LAKE - W 1, 2",236,HARRIS_WALZ_DEMOCRATIC,PRESIDENT_VICE PRESIDENT_,MARINETTE,T,LAKE
"TOWN OF LAKE - W 1, 2",539,TRUMP_VANCE_REPUBLICAN,PRESIDENT_VICE PRESIDENT_,MARINETTE,T,LAKE
"TOWN OF LAKE - W 1, 2",1,TERRY_BRODEN_CONSTITUTION,PRESIDENT_VICE PRESIDENT_,MARINETTE,T,LAKE
"TOWN OF LAKE - W 1, 2",4,OLIVER_TER MATT_LIBERTARIAN,PRESIDENT_VICE PRESIDENT_,MARINETTE,T,LAKE
"TOWN OF LAKE - W 1, 2",2,STEIN_WARE_GREEN,PRESIDENT_VICE PRESIDENT_,MARINETTE,T,LAKE
"TOWN OF LAKE - W 1, 2",0,DE LA CRUZ_GARCIA_SOCIALISM,PRESIDENT_VICE PRESIDENT_,MARINETTE,T,LAKE
"TOWN OF LAKE - W 1, 2",0,WEST_ABDULLAH_JUSTICE FOR ALL,PRESIDENT_VICE PRESIDENT_,MARINETTE,T,LAKE
"TOWN OF LAKE - W 1, 2",5,"KENNEDY, JR._SHANAHAN_WE THE PEOPLE",PRESIDENT_VICE PRESIDENT_,MARINETTE,T,LAKE
"TOWN OF LAKE - W 1, 2",1,SCATTERING,PRESIDENT_VICE PRESIDENT_,MARINETTE,T,LAKE
"TOWN OF MIDDLE INLET - W 1, 2",163,HARRIS_WALZ_DEMOCRATIC,PRESIDENT_VICE PRESIDENT_,MARINETTE,T,MIDDLE INLET
"TOWN OF MIDDLE INLET - W 1, 2",409,TRUMP_VANCE_REPUBLICAN,PRESIDENT_VICE PRESIDENT_,MARINETTE,T,MIDDLE INLET
"TOWN OF MIDDLE INLET - W 1, 2",2,TERRY_BRODEN_CONSTITUTION,PRESIDENT_VICE PRESIDENT_,MARINETTE,T,MIDDLE INLET
"TOWN OF MIDDLE INLET - W 1, 2",1,OLIVER_TER MATT_LIBERTARIAN,PRESIDENT_VICE PRESIDENT_,MARINETTE,T,MIDDLE INLET
"TOWN OF MIDDLE INLET - W 1, 2",3,STEIN_WARE_GREEN,PRESIDENT_VICE PRESIDENT_,MARINETTE,T,MIDDLE INLET
"TOWN OF MIDDLE INLET - W 1, 2",0,DE LA CRUZ_GARCIA_SOCIALISM,PRESIDENT_VICE PRESIDENT_,MARINETTE,T,MIDDLE INLET
"TOWN OF MIDDLE INLET - W 1, 2",0,WEST_ABDULLAH_JUSTICE FOR ALL,PRESIDENT_VICE PRESIDENT_,MARINETTE,T,MIDDLE INLET
"TOWN OF MIDDLE INLET - W 1, 2",1,"KENNEDY, JR._SHANAHAN_WE THE PEOPLE",PRESIDENT_VICE PRESIDENT_,MARINETTE,T,MIDDLE INLET
"TOWN OF MIDDLE INLET - W 1, 2",1,SCATTERING,PRESIDENT_VICE PRESIDENT_,MARINETTE,T,MIDDLE INLET
TOWN OF NIAGARA - W 1,144,HARRIS_WALZ_DEMOCRATIC,PRESIDENT_VICE PRESIDENT_,MARINETTE,T,NIAGARA
TOWN OF NIAGARA - W 1,439,TRUMP_VANCE_REPUBLICAN,PRESIDENT_VICE PRESIDENT_,MARINETTE,T,NIAGARA
TOWN OF NIAGARA - W 1,0,TERRY_BRODEN_CONSTITUTION,PRESIDENT_VICE PRESIDENT_,MARINETTE,T,NIAGARA
TOWN OF NIAGARA - W 1,0,OLIVER_TER MATT_LIBERTARIAN,PRESIDENT_VICE PRESIDENT_,MARINETTE,T,NIAGARA
TOWN OF NIAGARA - W 1,0,STEIN_WARE_GREEN,PRESIDENT_VICE PRESIDENT_,MARINETTE,T,NIAGARA
TOWN OF NIAGARA - W 1,0,DE LA CRUZ_GARCIA_SOCIALISM,PRESIDENT_VICE PRESIDENT_,MARINETTE,T,NIAGARA
TOWN OF NIAGARA - W 1,0,WEST_ABDULLAH_JUSTICE FOR ALL,PRESIDENT_VICE PRESIDENT_,MARINETTE,T,NIAGARA
TOWN OF NIAGARA - W 1,3,"KENNEDY, JR._SHANAHAN_WE THE PEOPLE",PRESIDENT_VICE PRESIDENT_,MARINETTE,T,NIAGARA
TOWN OF NIAGARA - W 1,0,SCATTERING,PRESIDENT_VICE PRESIDENT_,MARINETTE,T,NIAGARA
"TOWN OF PEMBINE - W 1, 2",156,HARRIS_WALZ_DEMOCRATIC,PRESIDENT_VICE PRESIDENT_,MARINETTE,T,PEMBINE
"TOWN OF PEMBINE - W 1, 2",417,TRUMP_VANCE_REPUBLICAN,PRESIDENT_VICE PRESIDENT_,MARINETTE,T,PEMBINE
"TOWN OF PEMBINE - W 1, 2",0,TERRY_BRODEN_CONSTITUTION,PRESIDENT_VICE PRESIDENT_,MARINETTE,T,PEMBINE
"TOWN OF PEMBINE - W 1, 2",3,OLIVER_TER MATT_LIBERTARIAN,PRESIDENT_VICE PRESIDENT_,MARINETTE,T,PEMBINE
"TOWN OF PEMBINE - W 1, 2",2,STEIN_WARE_GREEN,PRESIDENT_VICE PRESIDENT_,MARINETTE,T,PEMBINE
"TOWN OF PEMBINE - W 1, 2",0,DE LA CRUZ_GARCIA_SOCIALISM,PRESIDENT_VICE PRESIDENT_,MARINETTE,T,PEMBINE
"TOWN OF PEMBINE - W 1, 2",0,WEST_ABDULLAH_JUSTICE FOR ALL,PRESIDENT_VICE PRESIDENT_,MARINETTE,T,PEMBINE
"TOWN OF PEMBINE - W 1, 2",2,"KENNEDY, JR._SHANAHAN_WE THE PEOPLE",PRESIDENT_VICE PRESIDENT_,MARINETTE,T,PEMBINE
"TOWN OF PEMBINE - W 1, 2",0,SCATTERING,PRESIDENT_VICE PRESIDENT_,MARINETTE,T,PEMBINE
"TOWN OF PESHTIGO - W 1, 2",254,HARRIS_WALZ_DEMOCRATIC,PRESIDENT_VICE PRESIDENT_,MARINETTE,T,PESHTIGO
"TOWN OF PESHTIGO - W 1, 2",535,TRUMP_VANCE_REPUBLICAN,PRESIDENT_VICE PRESIDENT_,MARINETTE,T,PESHTIGO
"TOWN OF PESHTIGO - W 1, 2",0,TERRY_BRODEN_CONSTITUTION,PRESIDENT_VICE PRESIDENT_,MARINETTE,T,PESHTIGO
"TOWN OF PESHTIGO - W 1, 2",0,OLIVER_TER MATT_LIBERTARIAN,PRESIDENT_VICE PRESIDENT_,MARINETTE,T,PESHTIGO
"TOWN OF PESHTIGO - W 1, 2",1,STEIN_WARE_GREEN,PRESIDENT_VICE PRESIDENT_,MARINETTE,T,PESHTIGO
"TOWN OF PESHTIGO - W 1, 2",0,DE LA CRUZ_GARCIA_SOCIALISM,PRESIDENT_VICE PRESIDENT_,MARINETTE,T,PESHTIGO
"TOWN OF PESHTIGO - W 1, 2",0,WEST_ABDULLAH_JUSTICE FOR ALL,PRESIDENT_VICE PRESIDENT_,MARINETTE,T,PESHTIGO
"TOWN OF PESHTIGO - W 1, 2",4,"KENNEDY, JR._SHANAHAN_WE THE PEOPLE",PRESIDENT_VICE PRESIDENT_,MARINETTE,T,PESHTIGO
"TOWN OF PESHTIGO - W 1, 2",1,SCATTERING,PRESIDENT_VICE PRESIDENT_,MARINETTE,T,PESHTIGO
"TOWN OF PESHTIGO - W 3, 4",301,HARRIS_WALZ_DEMOCRATIC,PRESIDENT_VICE PRESIDENT_,MARINETTE,T,PESHTIGO
"TOWN OF PESHTIGO - W 3, 4",551,TRUMP_VANCE_REPUBLICAN,PRESIDENT_VICE PRESIDENT_,MARINETTE,T,PESHTIGO
"TOWN OF PESHTIGO - W 3, 4",3,TERRY_BRODEN_CONSTITUTION,PRESIDENT_VICE PRESIDENT_,MARINETTE,T,PESHTIGO
"TOWN OF PESHTIGO - W 3, 4",5,OLIVER_TER MATT_LIBERTARIAN,PRESIDENT_VICE PRESIDENT_,MARINETTE,T,PESHTIGO
"TOWN OF PESHTIGO - W 3, 4",1,STEIN_WARE_GREEN,PRESIDENT_VICE PRESIDENT_,MARINETTE,T,PESHTIGO
"TOWN OF PESHTIGO - W 3, 4",0,DE LA CRUZ_GARCIA_SOCIALISM,PRESIDENT_VICE PRESIDENT_,MARINETTE,T,PESHTIGO
"TOWN OF PESHTIGO - W 3, 4",0,WEST_ABDULLAH_JUSTICE FOR ALL,PRESIDENT_VICE PRESIDENT_,MARINETTE,T,PESHTIGO
"TOWN OF PESHTIGO - W 3, 4",5,"KENNEDY, JR._SHANAHAN_WE THE PEOPLE",PRESIDENT_VICE PRESIDENT_,MARINETTE,T,PESHTIGO
"TOWN OF PESHTIGO - W 3, 4",4,SCATTERING,PRESIDENT_VICE PRESIDENT_,MARINETTE,T,PESHTIGO
"TOWN OF PESHTIGO - W 5, 6",354,HARRIS_WALZ_DEMOCRATIC,PRESIDENT_VICE PRESIDENT_,MARINETTE,T,PESHTIGO
"TOWN OF PESHTIGO - W 5, 6",616,TRUMP_VANCE_REPUBLICAN,PRESIDENT_VICE PRESIDENT_,MARINETTE,T,PESHTIGO
"TOWN OF PESHTIGO - W 5, 6",0,TERRY_BRODEN_CONSTITUTION,PRESIDENT_VICE PRESIDENT_,MARINETTE,T,PESHTIGO
"TOWN OF PESHTIGO - W 5, 6",1,OLIVER_TER MATT_LIBERTARIAN,PRESIDENT_VICE PRESIDENT_,MARINETTE,T,PESHTIGO
"TOWN OF PESHTIGO - W 5, 6",2,STEIN_WARE_GREEN,PRESIDENT_VICE PRESIDENT_,MARINETTE,T,PESHTIGO
"TOWN OF PESHTIGO - W 5, 6",0,DE LA CRUZ_GARCIA_SOCIALISM,PRESIDENT_VICE PRESIDENT_,MARINETTE,T,PESHTIGO
"TOWN OF PESHTIGO - W 5, 6",0,WEST_ABDULLAH_JUSTICE FOR ALL,PRESIDENT_VICE PRESIDENT_,MARINETTE,T,PESHTIGO
"TOWN OF PESHTIGO - W 5, 6",2,"KENNEDY, JR._SHANAHAN_WE THE PEOPLE",PRESIDENT_VICE PRESIDENT_,MARINETTE,T,PESHTIGO
"TOWN OF PESHTIGO - W 5, 6",1,SCATTERING,PRESIDENT_VICE PRESIDENT_,MARINETTE,T,PESHTIGO
"TOWN OF PORTERFIELD - W 1, 2, 3, 4",346,HARRIS_WALZ_DEMOCRATIC,PRESIDENT_VICE PRESIDENT_,MARINETTE,T,PORTERFIELD
"TOWN OF PORTERFIELD - W 1, 2, 3, 4",859,TRUMP_VANCE_REPUBLICAN,PRESIDENT_VICE PRESIDENT_,MARINETTE,T,PORTERFIELD
"TOWN OF PORTERFIELD - W 1, 2, 3, 4",3,TERRY_BRODEN_CONSTITUTION,PRESIDENT_VICE PRESIDENT_,MARINETTE,T,PORTERFIELD
"TOWN OF PORTERFIELD - W 1, 2, 3, 4",4,OLIVER_TER MATT_LIBERTARIAN,PRESIDENT_VICE PRESIDENT_,MARINETTE,T,PORTERFIELD
"TOWN OF PORTERFIELD - W 1, 2, 3, 4",2,STEIN_WARE_GREEN,PRESIDENT_VICE PRESIDENT_,MARINETTE,T,PORTERFIELD
"TOWN OF PORTERFIELD - W 1, 2, 3, 4",0,DE LA CRUZ_GARCIA_SOCIALISM,PRESIDENT_VICE PRESIDENT_,MARINETTE,T,PORTERFIELD
"TOWN OF PORTERFIELD - W 1, 2, 3, 4",0,WEST_ABDULLAH_JUSTICE FOR ALL,PRESIDENT_VICE PRESIDENT_,MARINETTE,T,PORTERFIELD
"TOWN OF PORTERFIELD - W 1, 2, 3, 4",4,"KENNEDY, JR._SHANAHAN_WE THE PEOPLE",PRESIDENT_VICE PRESIDENT_,MARINETTE,T,PORTERFIELD
"TOWN OF PORTERFIELD - W 1, 2, 3, 4",3,SCATTERING,PRESIDENT_VICE PRESIDENT_,MARINETTE,T,PORTERFIELD
"TOWN OF POUND - W 1, 2, 3",169,HARRIS_WALZ_DEMOCRATIC,PRESIDENT_VICE PRESIDENT_,MARINETTE,T,POUND
"TOWN OF POUND - W 1, 2, 3",665,TRUMP_VANCE_REPUBLICAN,PRESIDENT_VICE PRESIDENT_,MARINETTE,T,POUND
"TOWN OF POUND - W 1, 2, 3",1,TERRY_BRODEN_CONSTITUTION,PRESIDENT_VICE PRESIDENT_,MARINETTE,T,POUND
"TOWN OF POUND - W 1, 2, 3",4,OLIVER_TER MATT_LIBERTARIAN,PRESIDENT_VICE PRESIDENT_,MARINETTE,T,POUND
"TOWN OF POUND - W 1, 2, 3",1,STEIN_WARE_GREEN,PRESIDENT_VICE PRESIDENT_,MARINETTE,T,POUND
"TOWN OF POUND - W 1, 2, 3",0,DE LA CRUZ_GARCIA_SOCIALISM,PRESIDENT_VICE PRESIDENT_,MARINETTE,T,POUND
"TOWN OF POUND - W 1, 2, 3",1,WEST_ABDULLAH_JUSTICE FOR ALL,PRESIDENT_VICE PRESIDENT_,MARINETTE,T,POUND
"TOWN OF POUND - W 1, 2, 3",3,"KENNEDY, JR._SHANAHAN_WE THE PEOPLE",PRESIDENT_VICE PRESIDENT_,MARINETTE,T,POUND
"TOWN OF POUND - W 1, 2, 3",2,SCATTERING,PRESIDENT_VICE PRESIDENT_,MARINETTE,T,POUND
TOWN OF SILVER CLIFF - W 1,130,HARRIS_WALZ_DEMOCRATIC,PRESIDENT_VICE PRESIDENT_,MARINETTE,T,SILVER CLIFF
TOWN OF SILVER CLIFF - W 1,290,TRUMP_VANCE_REPUBLICAN,PRESIDENT_VICE PRESIDENT_,MARINETTE,T,SILVER CLIFF
TOWN OF SILVER CLIFF - W 1,1,TERRY_BRODEN_CONSTITUTION,PRESIDENT_VICE PRESIDENT_,MARINETTE,T,SILVER CLIFF
TOWN OF SILVER CLIFF - W 1,1,OLIVER_TER MATT_LIBERTARIAN,PRESIDENT_VICE PRESIDENT_,MARINETTE,T,SILVER CLIFF
TOWN OF SILVER CLIFF - W 1,2,STEIN_WARE_GREEN,PRESIDENT_VICE PRESIDENT_,MARINETTE,T,SILVER CLIFF
TOWN OF SILVER CLIFF - W 1,0,DE LA CRUZ_GARCIA_SOCIALISM,PRESIDENT_VICE PRESIDENT_,MARINETTE,T,SILVER CLIFF
TOWN OF SILVER CLIFF - W 1,0,WEST_ABDULLAH_JUSTICE FOR ALL,PRESIDENT_VICE PRESIDENT_,MARINETTE,T,SILVER CLIFF
TOWN OF SILVER CLIFF - W 1,2,"KENNEDY, JR._SHANAHAN_WE THE PEOPLE",PRESIDENT_VICE PRESIDENT_,MARINETTE,T,SILVER CLIFF
TOWN OF SILVER CLIFF - W 1,0,SCATTERING,PRESIDENT_VICE PRESIDENT_,MARINETTE,T,SILVER CLIFF
"TOWN OF STEPHENSON - W 1, 2, 3",401,HARRIS_WALZ_DEMOCRATIC,PRESIDENT_VICE PRESIDENT_,MARINETTE,T,STEPHENSON
"TOWN OF STEPHENSON - W 1, 2, 3",957,TRUMP_VANCE_REPUBLICAN,PRESIDENT_VICE PRESIDENT_,MARINETTE,T,STEPHENSON
"TOWN OF STEPHENSON - W 1, 2, 3",0,TERRY_BRODEN_CONSTITUTION,PRESIDENT_VICE PRESIDENT_,MARINETTE,T,STEPHENSON
"TOWN OF STEPHENSON - W 1, 2, 3",1,OLIVER_TER MATT_LIBERTARIAN,PRESIDENT_VICE PRESIDENT_,MARINETTE,T,STEPHENSON
"TOWN OF STEPHENSON - W 1, 2, 3",1,STEIN_WARE_GREEN,PRESIDENT_VICE PRESIDENT_,MARINETTE,T,STEPHENSON
"TOWN OF STEPHENSON - W 1, 2, 3",0,DE LA CRUZ_GARCIA_SOCIALISM,PRESIDENT_VICE PRESIDENT_,MARINETTE,T,STEPHENSON
"TOWN OF STEPHENSON - W 1, 2, 3",0,WEST_ABDULLAH_JUSTICE FOR ALL,PRESIDENT_VICE PRESIDENT_,MARINETTE,T,STEPHENSON
"TOWN OF STEPHENSON - W 1, 2, 3",8,"KENNEDY, JR._SHANAHAN_WE THE PEOPLE",PRESIDENT_VICE PRESIDENT_,MARINETTE,T,STEPHENSON
"TOWN OF STEPHENSON - W 1, 2, 3",3,SCATTERING,PRESIDENT_VICE PRESIDENT_,MARINETTE,T,STEPHENSON
"TOWN OF STEPHENSON - W 4, 5, 6",300,HARRIS_WALZ_DEMOCRATIC,PRESIDENT_VICE PRESIDENT_,MARINETTE,T,STEPHENSON
"TOWN OF STEPHENSON - W 4, 5, 6",851,TRUMP_VANCE_REPUBLICAN,PRESIDENT_VICE PRESIDENT_,MARINETTE,T,STEPHENSON
"TOWN OF STEPHENSON - W 4, 5, 6",0,TERRY_BRODEN_CONSTITUTION,PRESIDENT_VICE PRESIDENT_,MARINETTE,T,STEPHENSON
"TOWN OF STEPHENSON - W 4, 5, 6",0,OLIVER_TER MATT_LIBERTARIAN,PRESIDENT_VICE PRESIDENT_,MARINETTE,T,STEPHENSON
"TOWN OF STEPHENSON - W 4, 5, 6",0,STEIN_WARE_GREEN,PRESIDENT_VICE PRESIDENT_,MARINETTE,T,STEPHENSON
"TOWN OF STEPHENSON - W 4, 5, 6",0,DE LA CRUZ_GARCIA_SOCIALISM,PRESIDENT_VICE PRESIDENT_,MARINETTE,T,STEPHENSON
"TOWN OF STEPHENSON - W 4, 5, 6",1,WEST_ABDULLAH_JUSTICE FOR ALL,PRESIDENT_VICE PRESIDENT_,MARINETTE,T,STEPHENSON
"TOWN OF STEPHENSON - W 4, 5, 6",7,"KENNEDY, JR._SHANAHAN_WE THE PEOPLE",PRESIDENT_VICE PRESIDENT_,MARINETTE,T,STEPHENSON
"TOWN OF STEPHENSON - W 4, 5, 6",6,SCATTERING,PRESIDENT_VICE PRESIDENT_,MARINETTE,T,STEPHENSON
TOWN OF WAGNER - W 1,143,HARRIS_WALZ_DEMOCRATIC,PRESIDENT_VICE PRESIDENT_,MARINETTE,T,WAGNER
TOWN OF WAGNER - W 1,315,TRUMP_VANCE_REPUBLICAN,PRESIDENT_VICE PRESIDENT_,MARINETTE,T,WAGNER
TOWN OF WAGNER - W 1,0,TERRY_BRODEN_CONSTITUTION,PRESIDENT_VICE PRESIDENT_,MARINETTE,T,WAGNER
TOWN OF WAGNER - W 1,0,OLIVER_TER MATT_LIBERTARIAN,PRESIDENT_VICE PRESIDENT_,MARINETTE,T,WAGNER
TOWN OF WAGNER - W 1,0,STEIN_WARE_GREEN,PRESIDENT_VICE PRESIDENT_,MARINETTE,T,WAGNER
TOWN OF WAGNER - W 1,0,DE LA CRUZ_GARCIA_SOCIALISM,PRESIDENT_VICE PRESIDENT_,MARINETTE,T,WAGNER
TOWN OF WAGNER - W 1,0,WEST_ABDULLAH_JUSTICE FOR ALL,PRESIDENT_VICE PRESIDENT_,MARINETTE,T,WAGNER
TOWN OF WAGNER - W 1,2,"KENNEDY, JR._SHANAHAN_WE THE PEOPLE",PRESIDENT_VICE PRESIDENT_,MARINETTE,T,WAGNER
TOWN OF WAGNER - W 1,0,SCATTERING,PRESIDENT_VICE PRESIDENT_,MARINETTE,T,WAGNER
"TOWN OF WAUSAUKEE - W 1, 2",228,HARRIS_WALZ_DEMOCRATIC,PRESIDENT_VICE PRESIDENT_,MARINETTE,T,WAUSAUKEE
"TOWN OF WAUSAUKEE - W 1, 2",586,TRUMP_VANCE_REPUBLICAN,PRESIDENT_VICE PRESIDENT_,MARINETTE,T,WAUSAUKEE
"TOWN OF WAUSAUKEE - W 1, 2",0,TERRY_BRODEN_CONSTITUTION,PRESIDENT_VICE PRESIDENT_,MARINETTE,T,WAUSAUKEE
"TOWN OF WAUSAUKEE - W 1, 2",1,OLIVER_TER MATT_LIBERTARIAN,PRESIDENT_VICE PRESIDENT_,MARINETTE,T,WAUSAUKEE
"TOWN OF WAUSAUKEE - W 1, 2",1,STEIN_WARE_GREEN,PRESIDENT_VICE PRESIDENT_,MARINETTE,T,WAUSAUKEE
"TOWN OF WAUSAUKEE - W 1, 2",1,DE LA CRUZ_GARCIA_SOCIALISM,PRESIDENT_VICE PRESIDENT_,MARINETTE,T,WAUSAUKEE
"TOWN OF WAUSAUKEE - W 1, 2",0,WEST_ABDULLAH_JUSTICE FOR ALL,PRESIDENT_VICE PRESIDENT_,MARINETTE,T,WAUSAUKEE
"TOWN OF WAUSAUKEE - W 1, 2",7,"KENNEDY, JR._SHANAHAN_WE THE PEOPLE",PRESIDENT_VICE PRESIDENT_,MARINETTE,T,WAUSAUKEE
"TOWN OF WAUSAUKEE - W 1, 2",2,SCATTERING,PRESIDENT_VICE PRESIDENT_,MARINETTE,T,WAUSAUKEE
VILLAGE OF COLEMAN - W 1,105,HARRIS_WALZ_DEMOCRATIC,PRESIDENT_VICE PRESIDENT_,MARINETTE,V,COLEMAN
VILLAGE OF COLEMAN - W 1,287,TRUMP_VANCE_REPUBLICAN,PRESIDENT_VICE PRESIDENT_,MARINETTE,V,COLEMAN
VILLAGE OF COLEMAN - W 1,4,TERRY_BRODEN_CONSTITUTION,PRESIDENT_VICE PRESIDENT_,MARINETTE,V,COLEMAN
VILLAGE OF COLEMAN - W 1,2,OLIVER_TER MATT_LIBERTARIAN,PRESIDENT_VICE PRESIDENT_,MARINETTE,V,COLEMAN
VILLAGE OF COLEMAN - W 1,0,STEIN_WARE_GREEN,PRESIDENT_VICE PRESIDENT_,MARINETTE,V,COLEMAN
VILLAGE OF COLEMAN - W 1,0,DE LA CRUZ_GARCIA_SOCIALISM,PRESIDENT_VICE PRESIDENT_,MARINETTE,V,COLEMAN
VILLAGE OF COLEMAN - W 1,0,WEST_ABDULLAH_JUSTICE FOR ALL,PRESIDENT_VICE PRESIDENT_,MARINETTE,V,COLEMAN
VILLAGE OF COLEMAN - W 1,3,"KENNEDY, JR._SHANAHAN_WE THE PEOPLE",PRESIDENT_VICE PRESIDENT_,MARINETTE,V,COLEMAN
VILLAGE OF COLEMAN - W 1,1,SCATTERING,PRESIDENT_VICE PRESIDENT_,MARINETTE,V,COLEMAN
"VILLAGE OF CRIVITZ - W1, 2",165,HARRIS_WALZ_DEMOCRATIC,PRESIDENT_VICE PRESIDENT_,MARINETTE,V,CRIVITZ
"VILLAGE OF CRIVITZ - W1, 2",363,TRUMP_VANCE_REPUBLICAN,PRESIDENT_VICE PRESIDENT_,MARINETTE,V,CRIVITZ
"VILLAGE OF CRIVITZ - W1, 2",1,TERRY_BRODEN_CONSTITUTION,PRESIDENT_VICE PRESIDENT_,MARINETTE,V,CRIVITZ
"VILLAGE OF CRIVITZ - W1, 2",2,OLIVER_TER MATT_LIBERTARIAN,PRESIDENT_VICE PRESIDENT_,MARINETTE,V,CRIVITZ
"VILLAGE OF CRIVITZ - W1, 2",0,STEIN_WARE_GREEN,PRESIDENT_VICE PRESIDENT_,MARINETTE,V,CRIVITZ
"VILLAGE OF CRIVITZ - W1, 2",0,DE LA CRUZ_GARCIA_SOCIALISM,PRESIDENT_VICE PRESIDENT_,MARINETTE,V,CRIVITZ
"VILLAGE OF CRIVITZ - W1, 2",0,WEST_ABDULLAH_JUSTICE FOR ALL,PRESIDENT_VICE PRESIDENT_,MARINETTE,V,CRIVITZ
"VILLAGE OF CRIVITZ - W1, 2",6,"KENNEDY, JR._SHANAHAN_WE THE PEOPLE",PRESIDENT_VICE PRESIDENT_,MARINETTE,V,CRIVITZ
"VILLAGE OF CRIVITZ - W1, 2",2,SCATTERING,PRESIDENT_VICE PRESIDENT_,MARINETTE,V,CRIVITZ
VILLAGE OF POUND - W 1,34,HARRIS_WALZ_DEMOCRATIC,PRESIDENT_VICE PRESIDENT_,MARINETTE,V,POUND
VILLAGE OF POUND - W 1,148,TRUMP_VANCE_REPUBLICAN,PRESIDENT_VICE PRESIDENT_,MARINETTE,V,POUND
VILLAGE OF POUND - W 1,0,TERRY_BRODEN_CONSTITUTION,PRESIDENT_VICE PRESIDENT_,MARINETTE,V,POUND
VILLAGE OF POUND - W 1,1,OLIVER_TER MATT_LIBERTARIAN,PRESIDENT_VICE PRESIDENT_,MARINETTE,V,POUND
VILLAGE OF POUND - W 1,0,STEIN_WARE_GREEN,PRESIDENT_VICE PRESIDENT_,MARINETTE,V,POUND
VILLAGE OF POUND - W 1,0,DE LA CRUZ_GARCIA_SOCIALISM,PRESIDENT_VICE PRESIDENT_,MARINETTE,V,POUND
VILLAGE OF POUND - W 1,0,WEST_ABDULLAH_JUSTICE FOR ALL,PRESIDENT_VICE PRESIDENT_,MARINETTE,V,POUND
VILLAGE OF POUND - W 1,1,"KENNEDY, JR._SHANAHAN_WE THE PEOPLE",PRESIDENT_VICE PRESIDENT_,MARINETTE,V,POUND
VILLAGE OF POUND - W 1,0,SCATTERING,PRESIDENT_VICE PRESIDENT_,MARINETTE,V,POUND
VILLAGE OF WAUSAUKEE - W 1,85,HARRIS_WALZ_DEMOCRATIC,PRESIDENT_VICE PRESIDENT_,MARINETTE,V,WAUSAUKEE
VILLAGE OF WAUSAUKEE - W 1,183,TRUMP_VANCE_REPUBLICAN,PRESIDENT_VICE PRESIDENT_,MARINETTE,V,WAUSAUKEE
VILLAGE OF WAUSAUKEE - W 1,0,TERRY_BRODEN_CONSTITUTION,PRESIDENT_VICE PRESIDENT_,MARINETTE,V,WAUSAUKEE
VILLAGE OF WAUSAUKEE - W 1,0,OLIVER_TER MATT_LIBERTARIAN,PRESIDENT_VICE PRESIDENT_,MARINETTE,V,WAUSAUKEE
VILLAGE OF WAUSAUKEE - W 1,1,STEIN_WARE_GREEN,PRESIDENT_VICE PRESIDENT_,MARINETTE,V,WAUSAUKEE
VILLAGE OF WAUSAUKEE - W 1,1,DE LA CRUZ_GARCIA_SOCIALISM,PRESIDENT_VICE PRESIDENT_,MARINETTE,V,WAUSAUKEE
VILLAGE OF WAUSAUKEE - W 1,0,WEST_ABDULLAH_JUSTICE FOR ALL,PRESIDENT_VICE PRESIDENT_,MARINETTE,V,WAUSAUKEE
VILLAGE OF WAUSAUKEE - W 1,4,"KENNEDY, JR._SHANAHAN_WE THE PEOPLE",PRESIDENT_VICE PRESIDENT_,MARINETTE,V,WAUSAUKEE
VILLAGE OF WAUSAUKEE - W 1,0,SCATTERING,PRESIDENT_VICE PRESIDENT_,MARINETTE,V,WAUSAUKEE
"MARINETTE - W 1, 2, 3, 4, 5, 6, 7, 8",1873,HARRIS_WALZ_DEMOCRATIC,PRESIDENT_VICE PRESIDENT_,MARINETTE,C,MARINETTE
"MARINETTE - W 1, 2, 3, 4, 5, 6, 7, 8",2988,TRUMP_VANCE_REPUBLICAN,PRESIDENT_VICE PRESIDENT_,MARINETTE,C,MARINETTE
"MARINETTE - W 1, 2, 3, 4, 5, 6, 7, 8",6,TERRY_BRODEN_CONSTITUTION,PRESIDENT_VICE PRESIDENT_,MARINETTE,C,MARINETTE
"MARINETTE - W 1, 2, 3, 4, 5, 6, 7, 8",12,OLIVER_TER MATT_LIBERTARIAN,PRESIDENT_VICE PRESIDENT_,MARINETTE,C,MARINETTE
"MARINETTE - W 1, 2, 3, 4, 5, 6, 7, 8",13,STEIN_WARE_GREEN,PRESIDENT_VICE PRESIDENT_,MARINETTE,C,MARINETTE
"MARINETTE - W 1, 2, 3, 4, 5, 6, 7, 8",2,DE LA CRUZ_GARCIA_SOCIALISM,PRESIDENT_VICE PRESIDENT_,MARINETTE,C,MARINETTE
"MARINETTE - W 1, 2, 3, 4, 5, 6, 7, 8",4,WEST_ABDULLAH_JUSTICE FOR ALL,PRESIDENT_VICE PRESIDENT_,MARINETTE,C,MARINETTE
"MARINETTE - W 1, 2, 3, 4, 5, 6, 7, 8",33,"KENNEDY, JR._SHANAHAN_WE THE PEOPLE",PRESIDENT_VICE PRESIDENT_,MARINETTE,C,MARINETTE
"MARINETTE - W 1, 2, 3, 4, 5, 6, 7, 8",5,SCATTERING,PRESIDENT_VICE PRESIDENT_,MARINETTE,C,MARINETTE
"NIAGARA - W 1, 2, 3",268,HARRIS_WALZ_DEMOCRATIC,PRESIDENT_VICE PRESIDENT_,MARINETTE,C,NIAGARA
"NIAGARA - W 1, 2, 3",592,TRUMP_VANCE_REPUBLICAN,PRESIDENT_VICE PRESIDENT_,MARINETTE,C,NIAGARA
"NIAGARA - W 1, 2, 3",0,TERRY_BRODEN_CONSTITUTION,PRESIDENT_VICE PRESIDENT_,MARINETTE,C,NIAGARA
"NIAGARA - W 1, 2, 3",4,OLIVER_TER MATT_LIBERTARIAN,PRESIDENT_VICE PRESIDENT_,MARINETTE,C,NIAGARA
"NIAGARA - W 1, 2, 3",1,STEIN_WARE_GREEN,PRESIDENT_VICE PRESIDENT_,MARINETTE,C,NIAGARA
"NIAGARA - W 1, 2, 3",0,DE LA CRUZ_GARCIA_SOCIALISM,PRESIDENT_VICE PRESIDENT_,MARINETTE,C,NIAGARA
"NIAGARA - W 1, 2, 3",0,WEST_ABDULLAH_JUSTICE FOR ALL,PRESIDENT_VICE PRESIDENT_,MARINETTE,C,NIAGARA
"NIAGARA - W 1, 2, 3",2,"KENNEDY, JR._SHANAHAN_WE THE PEOPLE",PRESIDENT_VICE PRESIDENT_,MARINETTE,C,NIAGARA
"NIAGARA - W 1, 2, 3",2,SCATTERING,PRESIDENT_VICE PRESIDENT_,MARINETTE,C,NIAGARA
"PESHTIGO - W 1, 2, 3, 4, 5, 6, 7",555,HARRIS_WALZ_DEMOCRATIC,PRESIDENT_VICE PRESIDENT_,MARINETTE,C,PESHTIGO
"PESHTIGO - W 1, 2, 3, 4, 5, 6, 7",1102,TRUMP_VANCE_REPUBLICAN,PRESIDENT_VICE PRESIDENT_,MARINETTE,C,PESHTIGO
"PESHTIGO - W 1, 2, 3, 4, 5, 6, 7",1,TERRY_BRODEN_CONSTITUTION,PRESIDENT_VICE PRESIDENT_,MARINETTE,C,PESHTIGO
"PESHTIGO - W 1, 2, 3, 4, 5, 6, 7",9,OLIVER_TER MATT_LIBERTARIAN,PRESIDENT_VICE PRESIDENT_,MARINETTE,C,PESHTIGO
"PESHTIGO - W 1, 2, 3, 4, 5, 6, 7",4,STEIN_WARE_GREEN,PRESIDENT_VICE PRESIDENT_,MARINETTE,C,PESHTIGO
"PESHTIGO - W 1, 2, 3, 4, 5, 6, 7",1,DE LA CRUZ_GARCIA_SOCIALISM,PRESIDENT_VICE PRESIDENT_,MARINETTE,C,PESHTIGO
"PESHTIGO - W 1, 2, 3, 4, 5, 6, 7",0,WEST_ABDULLAH_JUSTICE FOR ALL,PRESIDENT_VICE PRESIDENT_,MARINETTE,C,PESHTIGO
"PESHTIGO - W 1, 2, 3, 4, 5, 6, 7",12,"KENNEDY, JR._SHANAHAN_WE THE PEOPLE",PRESIDENT_VICE PRESIDENT_,MARINETTE,C,PESHTIGO
"PESHTIGO - W 1, 2, 3, 4, 5, 6, 7",2,SCATTERING,PRESIDENT_VICE PRESIDENT_,MARINETTE,C,PESHTIGO
