reporting_unit,candidate,votes,contest,county,ctv,municipality
"TOWN OF BUFFALO, WARDS 1, 2, & 3",DEMOCRATIC_KAMALA D. HARRIS_TIM WALZ,255,PRESIDENT,MARQUETTE,T,BUFFALO
"TOWN OF BUFFALO, WARDS 1, 2, & 3",REPUBLICAN_DONALD J. TRUMP_JD VANCE,405,PRESIDENT,MARQUETTE,T,BUFFALO
"TOWN OF BUFFALO, WARDS 1, 2, & 3",CONSTITUTION_RANDALL TERRY_STEPHEN BRODEN,1,PRESIDENT,MARQUETTE,T,BUFFALO
"TOWN OF BUFFALO, WARDS 1, 2, & 3",LIBERTARIAN_CHASE RUSSELL OLIVER_MIKE TER MAAT,3,PRESIDENT,MARQUETTE,T,BUFFALO
"TOWN OF BUFFALO, WARDS 1, 2, & 3",WISCONSIN GREEN_JILL STEIN_RUDOLPH WARE,1,PRESIDENT,MARQUETTE,T,BUFFALO
"TOWN OF BUFFALO, WARDS 1, 2, & 3",PARTY FOR SOCIALISM & LIBERATION_CLAUDIA DE LA CRUZ_KARINA GARCIA,1,PRESIDENT,MARQUETTE,T,BUFFALO
"TOWN OF BUFFALO, WARDS 1, 2, & 3",JUSTICE FOR ALL_CORNEL WEST_MELINA ABDULLAH,0,PRESIDENT,MARQUETTE,T,BUFFALO
"TOWN OF BUFFALO, WARDS 1, 2, & 3","WE THE PEOPLE_ROBERT F. KENNEDY, JR._NICOLE SHANAHAN",4,PRESIDENT,MARQUETTE,T,BUFFALO
"TOWN OF BUFFALO, WARDS 1, 2, & 3",REGISTERED WRITE-IN_PETER SONSKI_LAUREN ONAK,0,PRESIDENT,MARQUETTE,T,BUFFALO
"TOWN OF BUFFALO, WARDS 1, 2, & 3",REGISTERED WRITE-IN_CHERUNDA LYNN FOX_LAUREN ONAK,0,PRESIDENT,MARQUETTE,T,BUFFALO
"TOWN OF BUFFALO, WARDS 1, 2, & 3",REGISTERED WRITE-IN_BRIAN KIENITZ_LAUREN ONAK,0,PRESIDENT,MARQUETTE,T,BUFFALO
"TOWN OF BUFFALO, WARDS 1, 2, & 3",REGISTERED WRITE-IN_DOUG JENKINS_KIMBERLY LALONDE,0,PRESIDENT,MARQUETTE,T,BUFFALO
"TOWN OF BUFFALO, WARDS 1, 2, & 3",REGISTERED WRITE-IN_FUTURE MADAM POTUS_JESSICA KENNEDY,0,PRESIDENT,MARQUETTE,T,BUFFALO
"TOWN OF BUFFALO, WARDS 1, 2, & 3","REGISTERED WRITE-IN_ANDRE RAMONE MCNEIL, SR._JESSICA KENNEDY",0,PRESIDENT,MARQUETTE,T,BUFFALO
"TOWN OF BUFFALO, WARDS 1, 2, & 3","SCATTERING_ANDRE RAMONE MCNEIL, SR._JESSICA KENNEDY",3,PRESIDENT,MARQUETTE,T,BUFFALO
TOWN OF CRYSTAL LAKE,DEMOCRATIC_KAMALA D. HARRIS_TIM WALZ,117,PRESIDENT,MARQUETTE,T,CRYSTAL LAKE
TOWN OF CRYSTAL LAKE,REPUBLICAN_DONALD J. TRUMP_JD VANCE,224,PRESIDENT,MARQUETTE,T,CRYSTAL LAKE
TOWN OF CRYSTAL LAKE,CONSTITUTION_RANDALL TERRY_STEPHEN BRODEN,1,PRESIDENT,MARQUETTE,T,CRYSTAL LAKE
TOWN OF CRYSTAL LAKE,LIBERTARIAN_CHASE RUSSELL OLIVER_MIKE TER MAAT,1,PRESIDENT,MARQUETTE,T,CRYSTAL LAKE
TOWN OF CRYSTAL LAKE,WISCONSIN GREEN_JILL STEIN_RUDOLPH WARE,0,PRESIDENT,MARQUETTE,T,CRYSTAL LAKE
TOWN OF CRYSTAL LAKE,PARTY FOR SOCIALISM & LIBERATION_CLAUDIA DE LA CRUZ_KARINA GARCIA,0,PRESIDENT,MARQUETTE,T,CRYSTAL LAKE
TOWN OF CRYSTAL LAKE,JUSTICE FOR ALL_CORNEL WEST_MELINA ABDULLAH,0,PRESIDENT,MARQUETTE,T,CRYSTAL LAKE
TOWN OF CRYSTAL LAKE,"WE THE PEOPLE_ROBERT F. KENNEDY, JR._NICOLE SHANAHAN",0,PRESIDENT,MARQUETTE,T,CRYSTAL LAKE
TOWN OF CRYSTAL LAKE,REGISTERED WRITE-IN_PETER SONSKI_LAUREN ONAK,0,PRESIDENT,MARQUETTE,T,CRYSTAL LAKE
TOWN OF CRYSTAL LAKE,REGISTERED WRITE-IN_CHERUNDA LYNN FOX_LAUREN ONAK,0,PRESIDENT,MARQUETTE,T,CRYSTAL LAKE
TOWN OF CRYSTAL LAKE,REGISTERED WRITE-IN_BRIAN KIENITZ_LAUREN ONAK,0,PRESIDENT,MARQUETTE,T,CRYSTAL LAKE
TOWN OF CRYSTAL LAKE,REGISTERED WRITE-IN_DOUG JENKINS_KIMBERLY LALONDE,0,PRESIDENT,MARQUETTE,T,CRYSTAL LAKE
TOWN OF CRYSTAL LAKE,REGISTERED WRITE-IN_FUTURE MADAM POTUS_JESSICA KENNEDY,0,PRESIDENT,MARQUETTE,T,CRYSTAL LAKE
TOWN OF CRYSTAL LAKE,"REGISTERED WRITE-IN_ANDRE RAMONE MCNEIL, SR._JESSICA KENNEDY",0,PRESIDENT,MARQUETTE,T,CRYSTAL LAKE
TOWN OF CRYSTAL LAKE,"SCATTERING_ANDRE RAMONE MCNEIL, SR._JESSICA KENNEDY",1,PRESIDENT,MARQUETTE,T,CRYSTAL LAKE
TOWN OF DOUGLAS,DEMOCRATIC_KAMALA D. HARRIS_TIM WALZ,183,PRESIDENT,MARQUETTE,T,DOUGLAS
TOWN OF DOUGLAS,REPUBLICAN_DONALD J. TRUMP_JD VANCE,327,PRESIDENT,MARQUETTE,T,DOUGLAS
TOWN OF DOUGLAS,CONSTITUTION_RANDALL TERRY_STEPHEN BRODEN,1,PRESIDENT,MARQUETTE,T,DOUGLAS
TOWN OF DOUGLAS,LIBERTARIAN_CHASE RUSSELL OLIVER_MIKE TER MAAT,0,PRESIDENT,MARQUETTE,T,DOUGLAS
TOWN OF DOUGLAS,WISCONSIN GREEN_JILL STEIN_RUDOLPH WARE,0,PRESIDENT,MARQUETTE,T,DOUGLAS
TOWN OF DOUGLAS,PARTY FOR SOCIALISM & LIBERATION_CLAUDIA DE LA CRUZ_KARINA GARCIA,0,PRESIDENT,MARQUETTE,T,DOUGLAS
TOWN OF DOUGLAS,JUSTICE FOR ALL_CORNEL WEST_MELINA ABDULLAH,0,PRESIDENT,MARQUETTE,T,DOUGLAS
TOWN OF DOUGLAS,"WE THE PEOPLE_ROBERT F. KENNEDY, JR._NICOLE SHANAHAN",2,PRESIDENT,MARQUETTE,T,DOUGLAS
TOWN OF DOUGLAS,REGISTERED WRITE-IN_PETER SONSKI_LAUREN ONAK,0,PRESIDENT,MARQUETTE,T,DOUGLAS
TOWN OF DOUGLAS,REGISTERED WRITE-IN_CHERUNDA LYNN FOX_LAUREN ONAK,0,PRESIDENT,MARQUETTE,T,DOUGLAS
TOWN OF DOUGLAS,REGISTERED WRITE-IN_BRIAN KIENITZ_LAUREN ONAK,0,PRESIDENT,MARQUETTE,T,DOUGLAS
TOWN OF DOUGLAS,REGISTERED WRITE-IN_DOUG JENKINS_KIMBERLY LALONDE,0,PRESIDENT,MARQUETTE,T,DOUGLAS
TOWN OF DOUGLAS,REGISTERED WRITE-IN_FUTURE MADAM POTUS_JESSICA KENNEDY,0,PRESIDENT,MARQUETTE,T,DOUGLAS
TOWN OF DOUGLAS,"REGISTERED WRITE-IN_ANDRE RAMONE MCNEIL, SR._JESSICA KENNEDY",0,PRESIDENT,MARQUETTE,T,DOUGLAS
TOWN OF DOUGLAS,"SCATTERING_ANDRE RAMONE MCNEIL, SR._JESSICA KENNEDY",3,PRESIDENT,MARQUETTE,T,DOUGLAS
TOWN OF HARRIS,DEMOCRATIC_KAMALA D. HARRIS_TIM WALZ,159,PRESIDENT,MARQUETTE,T,HARRIS
TOWN OF HARRIS,REPUBLICAN_DONALD J. TRUMP_JD VANCE,328,PRESIDENT,MARQUETTE,T,HARRIS
TOWN OF HARRIS,CONSTITUTION_RANDALL TERRY_STEPHEN BRODEN,1,PRESIDENT,MARQUETTE,T,HARRIS
TOWN OF HARRIS,LIBERTARIAN_CHASE RUSSELL OLIVER_MIKE TER MAAT,0,PRESIDENT,MARQUETTE,T,HARRIS
TOWN OF HARRIS,WISCONSIN GREEN_JILL STEIN_RUDOLPH WARE,2,PRESIDENT,MARQUETTE,T,HARRIS
TOWN OF HARRIS,PARTY FOR SOCIALISM & LIBERATION_CLAUDIA DE LA CRUZ_KARINA GARCIA,0,PRESIDENT,MARQUETTE,T,HARRIS
TOWN OF HARRIS,JUSTICE FOR ALL_CORNEL WEST_MELINA ABDULLAH,0,PRESIDENT,MARQUETTE,T,HARRIS
TOWN OF HARRIS,"WE THE PEOPLE_ROBERT F. KENNEDY, JR._NICOLE SHANAHAN",3,PRESIDENT,MARQUETTE,T,HARRIS
TOWN OF HARRIS,REGISTERED WRITE-IN_PETER SONSKI_LAUREN ONAK,0,PRESIDENT,MARQUETTE,T,HARRIS
TOWN OF HARRIS,REGISTERED WRITE-IN_CHERUNDA LYNN FOX_LAUREN ONAK,0,PRESIDENT,MARQUETTE,T,HARRIS
TOWN OF HARRIS,REGISTERED WRITE-IN_BRIAN KIENITZ_LAUREN ONAK,0,PRESIDENT,MARQUETTE,T,HARRIS
TOWN OF HARRIS,REGISTERED WRITE-IN_DOUG JENKINS_KIMBERLY LALONDE,0,PRESIDENT,MARQUETTE,T,HARRIS
TOWN OF HARRIS,REGISTERED WRITE-IN_FUTURE MADAM POTUS_JESSICA KENNEDY,0,PRESIDENT,MARQUETTE,T,HARRIS
TOWN OF HARRIS,"REGISTERED WRITE-IN_ANDRE RAMONE MCNEIL, SR._JESSICA KENNEDY",0,PRESIDENT,MARQUETTE,T,HARRIS
TOWN OF HARRIS,"SCATTERING_ANDRE RAMONE MCNEIL, SR._JESSICA KENNEDY",1,PRESIDENT,MARQUETTE,T,HARRIS
TOWN OF MECAN,DEMOCRATIC_KAMALA D. HARRIS_TIM WALZ,197,PRESIDENT,MARQUETTE,T,MECAN
TOWN OF MECAN,REPUBLICAN_DONALD J. TRUMP_JD VANCE,304,PRESIDENT,MARQUETTE,T,MECAN
TOWN OF MECAN,CONSTITUTION_RANDALL TERRY_STEPHEN BRODEN,0,PRESIDENT,MARQUETTE,T,MECAN
TOWN OF MECAN,LIBERTARIAN_CHASE RUSSELL OLIVER_MIKE TER MAAT,0,PRESIDENT,MARQUETTE,T,MECAN
TOWN OF MECAN,WISCONSIN GREEN_JILL STEIN_RUDOLPH WARE,1,PRESIDENT,MARQUETTE,T,MECAN
TOWN OF MECAN,PARTY FOR SOCIALISM & LIBERATION_CLAUDIA DE LA CRUZ_KARINA GARCIA,0,PRESIDENT,MARQUETTE,T,MECAN
TOWN OF MECAN,JUSTICE FOR ALL_CORNEL WEST_MELINA ABDULLAH,1,PRESIDENT,MARQUETTE,T,MECAN
TOWN OF MECAN,"WE THE PEOPLE_ROBERT F. KENNEDY, JR._NICOLE SHANAHAN",5,PRESIDENT,MARQUETTE,T,MECAN
TOWN OF MECAN,REGISTERED WRITE-IN_PETER SONSKI_LAUREN ONAK,0,PRESIDENT,MARQUETTE,T,MECAN
TOWN OF MECAN,REGISTERED WRITE-IN_CHERUNDA LYNN FOX_LAUREN ONAK,0,PRESIDENT,MARQUETTE,T,MECAN
TOWN OF MECAN,REGISTERED WRITE-IN_BRIAN KIENITZ_LAUREN ONAK,0,PRESIDENT,MARQUETTE,T,MECAN
TOWN OF MECAN,REGISTERED WRITE-IN_DOUG JENKINS_KIMBERLY LALONDE,0,PRESIDENT,MARQUETTE,T,MECAN
TOWN OF MECAN,REGISTERED WRITE-IN_FUTURE MADAM POTUS_JESSICA KENNEDY,0,PRESIDENT,MARQUETTE,T,MECAN
TOWN OF MECAN,"REGISTERED WRITE-IN_ANDRE RAMONE MCNEIL, SR._JESSICA KENNEDY",0,PRESIDENT,MARQUETTE,T,MECAN
TOWN OF MECAN,"SCATTERING_ANDRE RAMONE MCNEIL, SR._JESSICA KENNEDY",1,PRESIDENT,MARQUETTE,T,MECAN
"TOWN OF MONTELLO, WARDS 1, 2, 3 & 4",DEMOCRATIC_KAMALA D. HARRIS_TIM WALZ,251,PRESIDENT,MARQUETTE,T,MONTELLO
"TOWN OF MONTELLO, WARDS 1, 2, 3 & 4",REPUBLICAN_DONALD J. TRUMP_JD VANCE,501,PRESIDENT,MARQUETTE,T,MONTELLO
"TOWN OF MONTELLO, WARDS 1, 2, 3 & 4",CONSTITUTION_RANDALL TERRY_STEPHEN BRODEN,2,PRESIDENT,MARQUETTE,T,MONTELLO
"TOWN OF MONTELLO, WARDS 1, 2, 3 & 4",LIBERTARIAN_CHASE RUSSELL OLIVER_MIKE TER MAAT,2,PRESIDENT,MARQUETTE,T,MONTELLO
"TOWN OF MONTELLO, WARDS 1, 2, 3 & 4",WISCONSIN GREEN_JILL STEIN_RUDOLPH WARE,0,PRESIDENT,MARQUETTE,T,MONTELLO
"TOWN OF MONTELLO, WARDS 1, 2, 3 & 4",PARTY FOR SOCIALISM & LIBERATION_CLAUDIA DE LA CRUZ_KARINA GARCIA,0,PRESIDENT,MARQUETTE,T,MONTELLO
"TOWN OF MONTELLO, WARDS 1, 2, 3 & 4",JUSTICE FOR ALL_CORNEL WEST_MELINA ABDULLAH,0,PRESIDENT,MARQUETTE,T,MONTELLO
"TOWN OF MONTELLO, WARDS 1, 2, 3 & 4","WE THE PEOPLE_ROBERT F. KENNEDY, JR._NICOLE SHANAHAN",5,PRESIDENT,MARQUETTE,T,MONTELLO
"TOWN OF MONTELLO, WARDS 1, 2, 3 & 4",REGISTERED WRITE-IN_PETER SONSKI_LAUREN ONAK,0,PRESIDENT,MARQUETTE,T,MONTELLO
"TOWN OF MONTELLO, WARDS 1, 2, 3 & 4",REGISTERED WRITE-IN_CHERUNDA LYNN FOX_LAUREN ONAK,0,PRESIDENT,MARQUETTE,T,MONTELLO
"TOWN OF MONTELLO, WARDS 1, 2, 3 & 4",REGISTERED WRITE-IN_BRIAN KIENITZ_LAUREN ONAK,0,PRESIDENT,MARQUETTE,T,MONTELLO
"TOWN OF MONTELLO, WARDS 1, 2, 3 & 4",REGISTERED WRITE-IN_DOUG JENKINS_KIMBERLY LALONDE,0,PRESIDENT,MARQUETTE,T,MONTELLO
"TOWN OF MONTELLO, WARDS 1, 2, 3 & 4",REGISTERED WRITE-IN_FUTURE MADAM POTUS_JESSICA KENNEDY,0,PRESIDENT,MARQUETTE,T,MONTELLO
"TOWN OF MONTELLO, WARDS 1, 2, 3 & 4","REGISTERED WRITE-IN_ANDRE RAMONE MCNEIL, SR._JESSICA KENNEDY",0,PRESIDENT,MARQUETTE,T,MONTELLO
"TOWN OF MONTELLO, WARDS 1, 2, 3 & 4","SCATTERING_ANDRE RAMONE MCNEIL, SR._JESSICA KENNEDY",0,PRESIDENT,MARQUETTE,T,MONTELLO
"TOWN OF MOUNDVILLE, WARDS 1 & 2",DEMOCRATIC_KAMALA D. HARRIS_TIM WALZ,113,PRESIDENT,MARQUETTE,T,MOUNDVILLE
"TOWN OF MOUNDVILLE, WARDS 1 & 2",REPUBLICAN_DONALD J. TRUMP_JD VANCE,169,PRESIDENT,MARQUETTE,T,MOUNDVILLE
"TOWN OF MOUNDVILLE, WARDS 1 & 2",CONSTITUTION_RANDALL TERRY_STEPHEN BRODEN,0,PRESIDENT,MARQUETTE,T,MOUNDVILLE
"TOWN OF MOUNDVILLE, WARDS 1 & 2",LIBERTARIAN_CHASE RUSSELL OLIVER_MIKE TER MAAT,0,PRESIDENT,MARQUETTE,T,MOUNDVILLE
"TOWN OF MOUNDVILLE, WARDS 1 & 2",WISCONSIN GREEN_JILL STEIN_RUDOLPH WARE,0,PRESIDENT,MARQUETTE,T,MOUNDVILLE
"TOWN OF MOUNDVILLE, WARDS 1 & 2",PARTY FOR SOCIALISM & LIBERATION_CLAUDIA DE LA CRUZ_KARINA GARCIA,0,PRESIDENT,MARQUETTE,T,MOUNDVILLE
"TOWN OF MOUNDVILLE, WARDS 1 & 2",JUSTICE FOR ALL_CORNEL WEST_MELINA ABDULLAH,0,PRESIDENT,MARQUETTE,T,MOUNDVILLE
"TOWN OF MOUNDVILLE, WARDS 1 & 2","WE THE PEOPLE_ROBERT F. KENNEDY, JR._NICOLE SHANAHAN",0,PRESIDENT,MARQUETTE,T,MOUNDVILLE
"TOWN OF MOUNDVILLE, WARDS 1 & 2",REGISTERED WRITE-IN_PETER SONSKI_LAUREN ONAK,0,PRESIDENT,MARQUETTE,T,MOUNDVILLE
"TOWN OF MOUNDVILLE, WARDS 1 & 2",REGISTERED WRITE-IN_CHERUNDA LYNN FOX_LAUREN ONAK,0,PRESIDENT,MARQUETTE,T,MOUNDVILLE
"TOWN OF MOUNDVILLE, WARDS 1 & 2",REGISTERED WRITE-IN_BRIAN KIENITZ_LAUREN ONAK,0,PRESIDENT,MARQUETTE,T,MOUNDVILLE
"TOWN OF MOUNDVILLE, WARDS 1 & 2",REGISTERED WRITE-IN_DOUG JENKINS_KIMBERLY LALONDE,0,PRESIDENT,MARQUETTE,T,MOUNDVILLE
"TOWN OF MOUNDVILLE, WARDS 1 & 2",REGISTERED WRITE-IN_FUTURE MADAM POTUS_JESSICA KENNEDY,0,PRESIDENT,MARQUETTE,T,MOUNDVILLE
"TOWN OF MOUNDVILLE, WARDS 1 & 2","REGISTERED WRITE-IN_ANDRE RAMONE MCNEIL, SR._JESSICA KENNEDY",0,PRESIDENT,MARQUETTE,T,MOUNDVILLE
"TOWN OF MOUNDVILLE, WARDS 1 & 2","SCATTERING_ANDRE RAMONE MCNEIL, SR._JESSICA KENNEDY",1,PRESIDENT,MARQUETTE,T,MOUNDVILLE
"TOWN OF NESHKORO, WARDS 1 & 2",DEMOCRATIC_KAMALA D. HARRIS_TIM WALZ,102,PRESIDENT,MARQUETTE,T,NESHKORO
"TOWN OF NESHKORO, WARDS 1 & 2",REPUBLICAN_DONALD J. TRUMP_JD VANCE,310,PRESIDENT,MARQUETTE,T,NESHKORO
"TOWN OF NESHKORO, WARDS 1 & 2",CONSTITUTION_RANDALL TERRY_STEPHEN BRODEN,1,PRESIDENT,MARQUETTE,T,NESHKORO
"TOWN OF NESHKORO, WARDS 1 & 2",LIBERTARIAN_CHASE RUSSELL OLIVER_MIKE TER MAAT,2,PRESIDENT,MARQUETTE,T,NESHKORO
"TOWN OF NESHKORO, WARDS 1 & 2",WISCONSIN GREEN_JILL STEIN_RUDOLPH WARE,2,PRESIDENT,MARQUETTE,T,NESHKORO
"TOWN OF NESHKORO, WARDS 1 & 2",PARTY FOR SOCIALISM & LIBERATION_CLAUDIA DE LA CRUZ_KARINA GARCIA,0,PRESIDENT,MARQUETTE,T,NESHKORO
"TOWN OF NESHKORO, WARDS 1 & 2",JUSTICE FOR ALL_CORNEL WEST_MELINA ABDULLAH,0,PRESIDENT,MARQUETTE,T,NESHKORO
"TOWN OF NESHKORO, WARDS 1 & 2","WE THE PEOPLE_ROBERT F. KENNEDY, JR._NICOLE SHANAHAN",2,PRESIDENT,MARQUETTE,T,NESHKORO
"TOWN OF NESHKORO, WARDS 1 & 2",REGISTERED WRITE-IN_PETER SONSKI_LAUREN ONAK,1,PRESIDENT,MARQUETTE,T,NESHKORO
"TOWN OF NESHKORO, WARDS 1 & 2",REGISTERED WRITE-IN_CHERUNDA LYNN FOX_LAUREN ONAK,0,PRESIDENT,MARQUETTE,T,NESHKORO
"TOWN OF NESHKORO, WARDS 1 & 2",REGISTERED WRITE-IN_BRIAN KIENITZ_LAUREN ONAK,0,PRESIDENT,MARQUETTE,T,NESHKORO
"TOWN OF NESHKORO, WARDS 1 & 2",REGISTERED WRITE-IN_DOUG JENKINS_KIMBERLY LALONDE,0,PRESIDENT,MARQUETTE,T,NESHKORO
"TOWN OF NESHKORO, WARDS 1 & 2",REGISTERED WRITE-IN_FUTURE MADAM POTUS_JESSICA KENNEDY,0,PRESIDENT,MARQUETTE,T,NESHKORO
"TOWN OF NESHKORO, WARDS 1 & 2","REGISTERED WRITE-IN_ANDRE RAMONE MCNEIL, SR._JESSICA KENNEDY",0,PRESIDENT,MARQUETTE,T,NESHKORO
"TOWN OF NESHKORO, WARDS 1 & 2","SCATTERING_ANDRE RAMONE MCNEIL, SR._JESSICA KENNEDY",1,PRESIDENT,MARQUETTE,T,NESHKORO
"TOWN OF NEWTON, WARDS 1 & 2",DEMOCRATIC_KAMALA D. HARRIS_TIM WALZ,71,PRESIDENT,MARQUETTE,T,NEWTON
"TOWN OF NEWTON, WARDS 1 & 2",REPUBLICAN_DONALD J. TRUMP_JD VANCE,193,PRESIDENT,MARQUETTE,T,NEWTON
"TOWN OF NEWTON, WARDS 1 & 2",CONSTITUTION_RANDALL TERRY_STEPHEN BRODEN,0,PRESIDENT,MARQUETTE,T,NEWTON
"TOWN OF NEWTON, WARDS 1 & 2",LIBERTARIAN_CHASE RUSSELL OLIVER_MIKE TER MAAT,0,PRESIDENT,MARQUETTE,T,NEWTON
"TOWN OF NEWTON, WARDS 1 & 2",WISCONSIN GREEN_JILL STEIN_RUDOLPH WARE,0,PRESIDENT,MARQUETTE,T,NEWTON
"TOWN OF NEWTON, WARDS 1 & 2",PARTY FOR SOCIALISM & LIBERATION_CLAUDIA DE LA CRUZ_KARINA GARCIA,0,PRESIDENT,MARQUETTE,T,NEWTON
"TOWN OF NEWTON, WARDS 1 & 2",JUSTICE FOR ALL_CORNEL WEST_MELINA ABDULLAH,0,PRESIDENT,MARQUETTE,T,NEWTON
"TOWN OF NEWTON, WARDS 1 & 2","WE THE PEOPLE_ROBERT F. KENNEDY, JR._NICOLE SHANAHAN",2,PRESIDENT,MARQUETTE,T,NEWTON
"TOWN OF NEWTON, WARDS 1 & 2",REGISTERED WRITE-IN_PETER SONSKI_LAUREN ONAK,0,PRESIDENT,MARQUETTE,T,NEWTON
"TOWN OF NEWTON, WARDS 1 & 2",REGISTERED WRITE-IN_CHERUNDA LYNN FOX_LAUREN ONAK,0,PRESIDENT,MARQUETTE,T,NEWTON
"TOWN OF NEWTON, WARDS 1 & 2",REGISTERED WRITE-IN_BRIAN KIENITZ_LAUREN ONAK,0,PRESIDENT,MARQUETTE,T,NEWTON
"TOWN OF NEWTON, WARDS 1 & 2",REGISTERED WRITE-IN_DOUG JENKINS_KIMBERLY LALONDE,0,PRESIDENT,MARQUETTE,T,NEWTON
"TOWN OF NEWTON, WARDS 1 & 2",REGISTERED WRITE-IN_FUTURE MADAM POTUS_JESSICA KENNEDY,0,PRESIDENT,MARQUETTE,T,NEWTON
"TOWN OF NEWTON, WARDS 1 & 2","REGISTERED WRITE-IN_ANDRE RAMONE MCNEIL, SR._JESSICA KENNEDY",0,PRESIDENT,MARQUETTE,T,NEWTON
"TOWN OF NEWTON, WARDS 1 & 2","SCATTERING_ANDRE RAMONE MCNEIL, SR._JESSICA KENNEDY",0,PRESIDENT,MARQUETTE,T,NEWTON
"TOWN OF OXFORD, WARDS 1 & 2",DEMOCRATIC_KAMALA D. HARRIS_TIM WALZ,191,PRESIDENT,MARQUETTE,T,OXFORD
"TOWN OF OXFORD, WARDS 1 & 2",REPUBLICAN_DONALD J. TRUMP_JD VANCE,391,PRESIDENT,MARQUETTE,T,OXFORD
"TOWN OF OXFORD, WARDS 1 & 2",CONSTITUTION_RANDALL TERRY_STEPHEN BRODEN,3,PRESIDENT,MARQUETTE,T,OXFORD
"TOWN OF OXFORD, WARDS 1 & 2",LIBERTARIAN_CHASE RUSSELL OLIVER_MIKE TER MAAT,0,PRESIDENT,MARQUETTE,T,OXFORD
"TOWN OF OXFORD, WARDS 1 & 2",WISCONSIN GREEN_JILL STEIN_RUDOLPH WARE,2,PRESIDENT,MARQUETTE,T,OXFORD
"TOWN OF OXFORD, WARDS 1 & 2",PARTY FOR SOCIALISM & LIBERATION_CLAUDIA DE LA CRUZ_KARINA GARCIA,0,PRESIDENT,MARQUETTE,T,OXFORD
"TOWN OF OXFORD, WARDS 1 & 2",JUSTICE FOR ALL_CORNEL WEST_MELINA ABDULLAH,0,PRESIDENT,MARQUETTE,T,OXFORD
"TOWN OF OXFORD, WARDS 1 & 2","WE THE PEOPLE_ROBERT F. KENNEDY, JR._NICOLE SHANAHAN",2,PRESIDENT,MARQUETTE,T,OXFORD
"TOWN OF OXFORD, WARDS 1 & 2",REGISTERED WRITE-IN_PETER SONSKI_LAUREN ONAK,0,PRESIDENT,MARQUETTE,T,OXFORD
"TOWN OF OXFORD, WARDS 1 & 2",REGISTERED WRITE-IN_CHERUNDA LYNN FOX_LAUREN ONAK,0,PRESIDENT,MARQUETTE,T,OXFORD
"TOWN OF OXFORD, WARDS 1 & 2",REGISTERED WRITE-IN_BRIAN KIENITZ_LAUREN ONAK,0,PRESIDENT,MARQUETTE,T,OXFORD
"TOWN OF OXFORD, WARDS 1 & 2",REGISTERED WRITE-IN_DOUG JENKINS_KIMBERLY LALONDE,0,PRESIDENT,MARQUETTE,T,OXFORD
"TOWN OF OXFORD, WARDS 1 & 2",REGISTERED WRITE-IN_FUTURE MADAM POTUS_JESSICA KENNEDY,0,PRESIDENT,MARQUETTE,T,OXFORD
"TOWN OF OXFORD, WARDS 1 & 2","REGISTERED WRITE-IN_ANDRE RAMONE MCNEIL, SR._JESSICA KENNEDY",0,PRESIDENT,MARQUETTE,T,OXFORD
"TOWN OF OXFORD, WARDS 1 & 2","SCATTERING_ANDRE RAMONE MCNEIL, SR._JESSICA KENNEDY",2,PRESIDENT,MARQUETTE,T,OXFORD
"TOWN OF PACKWAUKEE, WARDS 1, 2 & 3",DEMOCRATIC_KAMALA D. HARRIS_TIM WALZ,330,PRESIDENT,MARQUETTE,T,PACKWAUKEE
"TOWN OF PACKWAUKEE, WARDS 1, 2 & 3",REPUBLICAN_DONALD J. TRUMP_JD VANCE,600,PRESIDENT,MARQUETTE,T,PACKWAUKEE
"TOWN OF PACKWAUKEE, WARDS 1, 2 & 3",CONSTITUTION_RANDALL TERRY_STEPHEN BRODEN,1,PRESIDENT,MARQUETTE,T,PACKWAUKEE
"TOWN OF PACKWAUKEE, WARDS 1, 2 & 3",LIBERTARIAN_CHASE RUSSELL OLIVER_MIKE TER MAAT,3,PRESIDENT,MARQUETTE,T,PACKWAUKEE
"TOWN OF PACKWAUKEE, WARDS 1, 2 & 3",WISCONSIN GREEN_JILL STEIN_RUDOLPH WARE,3,PRESIDENT,MARQUETTE,T,PACKWAUKEE
"TOWN OF PACKWAUKEE, WARDS 1, 2 & 3",PARTY FOR SOCIALISM & LIBERATION_CLAUDIA DE LA CRUZ_KARINA GARCIA,0,PRESIDENT,MARQUETTE,T,PACKWAUKEE
"TOWN OF PACKWAUKEE, WARDS 1, 2 & 3",JUSTICE FOR ALL_CORNEL WEST_MELINA ABDULLAH,0,PRESIDENT,MARQUETTE,T,PACKWAUKEE
"TOWN OF PACKWAUKEE, WARDS 1, 2 & 3","WE THE PEOPLE_ROBERT F. KENNEDY, JR._NICOLE SHANAHAN",4,PRESIDENT,MARQUETTE,T,PACKWAUKEE
"TOWN OF PACKWAUKEE, WARDS 1, 2 & 3",REGISTERED WRITE-IN_PETER SONSKI_LAUREN ONAK,0,PRESIDENT,MARQUETTE,T,PACKWAUKEE
"TOWN OF PACKWAUKEE, WARDS 1, 2 & 3",REGISTERED WRITE-IN_CHERUNDA LYNN FOX_LAUREN ONAK,0,PRESIDENT,MARQUETTE,T,PACKWAUKEE
"TOWN OF PACKWAUKEE, WARDS 1, 2 & 3",REGISTERED WRITE-IN_BRIAN KIENITZ_LAUREN ONAK,0,PRESIDENT,MARQUETTE,T,PACKWAUKEE
"TOWN OF PACKWAUKEE, WARDS 1, 2 & 3",REGISTERED WRITE-IN_DOUG JENKINS_KIMBERLY LALONDE,0,PRESIDENT,MARQUETTE,T,PACKWAUKEE
"TOWN OF PACKWAUKEE, WARDS 1, 2 & 3",REGISTERED WRITE-IN_FUTURE MADAM POTUS_JESSICA KENNEDY,0,PRESIDENT,MARQUETTE,T,PACKWAUKEE
"TOWN OF PACKWAUKEE, WARDS 1, 2 & 3","REGISTERED WRITE-IN_ANDRE RAMONE MCNEIL, SR._JESSICA KENNEDY",0,PRESIDENT,MARQUETTE,T,PACKWAUKEE
"TOWN OF PACKWAUKEE, WARDS 1, 2 & 3","SCATTERING_ANDRE RAMONE MCNEIL, SR._JESSICA KENNEDY",1,PRESIDENT,MARQUETTE,T,PACKWAUKEE
TOWN OF SHIELDS WARDS 1 & 2,DEMOCRATIC_KAMALA D. HARRIS_TIM WALZ,118,PRESIDENT,MARQUETTE,T,SHIELDS
TOWN OF SHIELDS WARDS 1 & 2,REPUBLICAN_DONALD J. TRUMP_JD VANCE,257,PRESIDENT,MARQUETTE,T,SHIELDS
TOWN OF SHIELDS WARDS 1 & 2,CONSTITUTION_RANDALL TERRY_STEPHEN BRODEN,1,PRESIDENT,MARQUETTE,T,SHIELDS
TOWN OF SHIELDS WARDS 1 & 2,LIBERTARIAN_CHASE RUSSELL OLIVER_MIKE TER MAAT,1,PRESIDENT,MARQUETTE,T,SHIELDS
TOWN OF SHIELDS WARDS 1 & 2,WISCONSIN GREEN_JILL STEIN_RUDOLPH WARE,1,PRESIDENT,MARQUETTE,T,SHIELDS
TOWN OF SHIELDS WARDS 1 & 2,PARTY FOR SOCIALISM & LIBERATION_CLAUDIA DE LA CRUZ_KARINA GARCIA,0,PRESIDENT,MARQUETTE,T,SHIELDS
TOWN OF SHIELDS WARDS 1 & 2,JUSTICE FOR ALL_CORNEL WEST_MELINA ABDULLAH,0,PRESIDENT,MARQUETTE,T,SHIELDS
TOWN OF SHIELDS WARDS 1 & 2,"WE THE PEOPLE_ROBERT F. KENNEDY, JR._NICOLE SHANAHAN",3,PRESIDENT,MARQUETTE,T,SHIELDS
TOWN OF SHIELDS WARDS 1 & 2,REGISTERED WRITE-IN_PETER SONSKI_LAUREN ONAK,0,PRESIDENT,MARQUETTE,T,SHIELDS
TOWN OF SHIELDS WARDS 1 & 2,REGISTERED WRITE-IN_CHERUNDA LYNN FOX_LAUREN ONAK,0,PRESIDENT,MARQUETTE,T,SHIELDS
TOWN OF SHIELDS WARDS 1 & 2,REGISTERED WRITE-IN_BRIAN KIENITZ_LAUREN ONAK,0,PRESIDENT,MARQUETTE,T,SHIELDS
TOWN OF SHIELDS WARDS 1 & 2,REGISTERED WRITE-IN_DOUG JENKINS_KIMBERLY LALONDE,0,PRESIDENT,MARQUETTE,T,SHIELDS
TOWN OF SHIELDS WARDS 1 & 2,REGISTERED WRITE-IN_FUTURE MADAM POTUS_JESSICA KENNEDY,0,PRESIDENT,MARQUETTE,T,SHIELDS
TOWN OF SHIELDS WARDS 1 & 2,"REGISTERED WRITE-IN_ANDRE RAMONE MCNEIL, SR._JESSICA KENNEDY",0,PRESIDENT,MARQUETTE,T,SHIELDS
TOWN OF SHIELDS WARDS 1 & 2,"SCATTERING_ANDRE RAMONE MCNEIL, SR._JESSICA KENNEDY",0,PRESIDENT,MARQUETTE,T,SHIELDS
TOWN OF SPRINGFIELD,DEMOCRATIC_KAMALA D. HARRIS_TIM WALZ,179,PRESIDENT,MARQUETTE,T,SPRINGFIELD
TOWN OF SPRINGFIELD,REPUBLICAN_DONALD J. TRUMP_JD VANCE,358,PRESIDENT,MARQUETTE,T,SPRINGFIELD
TOWN OF SPRINGFIELD,CONSTITUTION_RANDALL TERRY_STEPHEN BRODEN,2,PRESIDENT,MARQUETTE,T,SPRINGFIELD
TOWN OF SPRINGFIELD,LIBERTARIAN_CHASE RUSSELL OLIVER_MIKE TER MAAT,0,PRESIDENT,MARQUETTE,T,SPRINGFIELD
TOWN OF SPRINGFIELD,WISCONSIN GREEN_JILL STEIN_RUDOLPH WARE,2,PRESIDENT,MARQUETTE,T,SPRINGFIELD
TOWN OF SPRINGFIELD,PARTY FOR SOCIALISM & LIBERATION_CLAUDIA DE LA CRUZ_KARINA GARCIA,0,PRESIDENT,MARQUETTE,T,SPRINGFIELD
TOWN OF SPRINGFIELD,JUSTICE FOR ALL_CORNEL WEST_MELINA ABDULLAH,0,PRESIDENT,MARQUETTE,T,SPRINGFIELD
TOWN OF SPRINGFIELD,"WE THE PEOPLE_ROBERT F. KENNEDY, JR._NICOLE SHANAHAN",5,PRESIDENT,MARQUETTE,T,SPRINGFIELD
TOWN OF SPRINGFIELD,REGISTERED WRITE-IN_PETER SONSKI_LAUREN ONAK,0,PRESIDENT,MARQUETTE,T,SPRINGFIELD
TOWN OF SPRINGFIELD,REGISTERED WRITE-IN_CHERUNDA LYNN FOX_LAUREN ONAK,0,PRESIDENT,MARQUETTE,T,SPRINGFIELD
TOWN OF SPRINGFIELD,REGISTERED WRITE-IN_BRIAN KIENITZ_LAUREN ONAK,0,PRESIDENT,MARQUETTE,T,SPRINGFIELD
TOWN OF SPRINGFIELD,REGISTERED WRITE-IN_DOUG JENKINS_KIMBERLY LALONDE,0,PRESIDENT,MARQUETTE,T,SPRINGFIELD
TOWN OF SPRINGFIELD,REGISTERED WRITE-IN_FUTURE MADAM POTUS_JESSICA KENNEDY,0,PRESIDENT,MARQUETTE,T,SPRINGFIELD
TOWN OF SPRINGFIELD,"REGISTERED WRITE-IN_ANDRE RAMONE MCNEIL, SR._JESSICA KENNEDY",0,PRESIDENT,MARQUETTE,T,SPRINGFIELD
TOWN OF SPRINGFIELD,"SCATTERING_ANDRE RAMONE MCNEIL, SR._JESSICA KENNEDY",6,PRESIDENT,MARQUETTE,T,SPRINGFIELD
"TOWN OF WESTFIELD, WARDS 1 & 2",DEMOCRATIC_KAMALA D. HARRIS_TIM WALZ,169,PRESIDENT,MARQUETTE,T,WESTFIELD
"TOWN OF WESTFIELD, WARDS 1 & 2",REPUBLICAN_DONALD J. TRUMP_JD VANCE,340,PRESIDENT,MARQUETTE,T,WESTFIELD
"TOWN OF WESTFIELD, WARDS 1 & 2",CONSTITUTION_RANDALL TERRY_STEPHEN BRODEN,2,PRESIDENT,MARQUETTE,T,WESTFIELD
"TOWN OF WESTFIELD, WARDS 1 & 2",LIBERTARIAN_CHASE RUSSELL OLIVER_MIKE TER MAAT,2,PRESIDENT,MARQUETTE,T,WESTFIELD
"TOWN OF WESTFIELD, WARDS 1 & 2",WISCONSIN GREEN_JILL STEIN_RUDOLPH WARE,0,PRESIDENT,MARQUETTE,T,WESTFIELD
"TOWN OF WESTFIELD, WARDS 1 & 2",PARTY FOR SOCIALISM & LIBERATION_CLAUDIA DE LA CRUZ_KARINA GARCIA,0,PRESIDENT,MARQUETTE,T,WESTFIELD
"TOWN OF WESTFIELD, WARDS 1 & 2",JUSTICE FOR ALL_CORNEL WEST_MELINA ABDULLAH,0,PRESIDENT,MARQUETTE,T,WESTFIELD
"TOWN OF WESTFIELD, WARDS 1 & 2","WE THE PEOPLE_ROBERT F. KENNEDY, JR._NICOLE SHANAHAN",7,PRESIDENT,MARQUETTE,T,WESTFIELD
"TOWN OF WESTFIELD, WARDS 1 & 2",REGISTERED WRITE-IN_PETER SONSKI_LAUREN ONAK,0,PRESIDENT,MARQUETTE,T,WESTFIELD
"TOWN OF WESTFIELD, WARDS 1 & 2",REGISTERED WRITE-IN_CHERUNDA LYNN FOX_LAUREN ONAK,0,PRESIDENT,MARQUETTE,T,WESTFIELD
"TOWN OF WESTFIELD, WARDS 1 & 2",REGISTERED WRITE-IN_BRIAN KIENITZ_LAUREN ONAK,0,PRESIDENT,MARQUETTE,T,WESTFIELD
"TOWN OF WESTFIELD, WARDS 1 & 2",REGISTERED WRITE-IN_DOUG JENKINS_KIMBERLY LALONDE,0,PRESIDENT,MARQUETTE,T,WESTFIELD
"TOWN OF WESTFIELD, WARDS 1 & 2",REGISTERED WRITE-IN_FUTURE MADAM POTUS_JESSICA KENNEDY,0,PRESIDENT,MARQUETTE,T,WESTFIELD
"TOWN OF WESTFIELD, WARDS 1 & 2","REGISTERED WRITE-IN_ANDRE RAMONE MCNEIL, SR._JESSICA KENNEDY",0,PRESIDENT,MARQUETTE,T,WESTFIELD
"TOWN OF WESTFIELD, WARDS 1 & 2","SCATTERING_ANDRE RAMONE MCNEIL, SR._JESSICA KENNEDY",0,PRESIDENT,MARQUETTE,T,WESTFIELD
VILLAGE OF ENDEAVOR,DEMOCRATIC_KAMALA D. HARRIS_TIM WALZ,85,PRESIDENT,MARQUETTE,V,ENDEAVOR
VILLAGE OF ENDEAVOR,REPUBLICAN_DONALD J. TRUMP_JD VANCE,150,PRESIDENT,MARQUETTE,V,ENDEAVOR
VILLAGE OF ENDEAVOR,CONSTITUTION_RANDALL TERRY_STEPHEN BRODEN,0,PRESIDENT,MARQUETTE,V,ENDEAVOR
VILLAGE OF ENDEAVOR,LIBERTARIAN_CHASE RUSSELL OLIVER_MIKE TER MAAT,0,PRESIDENT,MARQUETTE,V,ENDEAVOR
VILLAGE OF ENDEAVOR,WISCONSIN GREEN_JILL STEIN_RUDOLPH WARE,0,PRESIDENT,MARQUETTE,V,ENDEAVOR
VILLAGE OF ENDEAVOR,PARTY FOR SOCIALISM & LIBERATION_CLAUDIA DE LA CRUZ_KARINA GARCIA,0,PRESIDENT,MARQUETTE,V,ENDEAVOR
VILLAGE OF ENDEAVOR,JUSTICE FOR ALL_CORNEL WEST_MELINA ABDULLAH,1,PRESIDENT,MARQUETTE,V,ENDEAVOR
VILLAGE OF ENDEAVOR,"WE THE PEOPLE_ROBERT F. KENNEDY, JR._NICOLE SHANAHAN",0,PRESIDENT,MARQUETTE,V,ENDEAVOR
VILLAGE OF ENDEAVOR,REGISTERED WRITE-IN_PETER SONSKI_LAUREN ONAK,0,PRESIDENT,MARQUETTE,V,ENDEAVOR
VILLAGE OF ENDEAVOR,REGISTERED WRITE-IN_CHERUNDA LYNN FOX_LAUREN ONAK,0,PRESIDENT,MARQUETTE,V,ENDEAVOR
VILLAGE OF ENDEAVOR,REGISTERED WRITE-IN_BRIAN KIENITZ_LAUREN ONAK,0,PRESIDENT,MARQUETTE,V,ENDEAVOR
VILLAGE OF ENDEAVOR,REGISTERED WRITE-IN_DOUG JENKINS_KIMBERLY LALONDE,0,PRESIDENT,MARQUETTE,V,ENDEAVOR
VILLAGE OF ENDEAVOR,REGISTERED WRITE-IN_FUTURE MADAM POTUS_JESSICA KENNEDY,0,PRESIDENT,MARQUETTE,V,ENDEAVOR
VILLAGE OF ENDEAVOR,"REGISTERED WRITE-IN_ANDRE RAMONE MCNEIL, SR._JESSICA KENNEDY",0,PRESIDENT,MARQUETTE,V,ENDEAVOR
VILLAGE OF ENDEAVOR,"SCATTERING_ANDRE RAMONE MCNEIL, SR._JESSICA KENNEDY",0,PRESIDENT,MARQUETTE,V,ENDEAVOR
VILLAGE OF NESHKORO,DEMOCRATIC_KAMALA D. HARRIS_TIM WALZ,79,PRESIDENT,MARQUETTE,V,NESHKORO
VILLAGE OF NESHKORO,REPUBLICAN_DONALD J. TRUMP_JD VANCE,145,PRESIDENT,MARQUETTE,V,NESHKORO
VILLAGE OF NESHKORO,CONSTITUTION_RANDALL TERRY_STEPHEN BRODEN,0,PRESIDENT,MARQUETTE,V,NESHKORO
VILLAGE OF NESHKORO,LIBERTARIAN_CHASE RUSSELL OLIVER_MIKE TER MAAT,0,PRESIDENT,MARQUETTE,V,NESHKORO
VILLAGE OF NESHKORO,WISCONSIN GREEN_JILL STEIN_RUDOLPH WARE,0,PRESIDENT,MARQUETTE,V,NESHKORO
VILLAGE OF NESHKORO,PARTY FOR SOCIALISM & LIBERATION_CLAUDIA DE LA CRUZ_KARINA GARCIA,0,PRESIDENT,MARQUETTE,V,NESHKORO
VILLAGE OF NESHKORO,JUSTICE FOR ALL_CORNEL WEST_MELINA ABDULLAH,0,PRESIDENT,MARQUETTE,V,NESHKORO
VILLAGE OF NESHKORO,"WE THE PEOPLE_ROBERT F. KENNEDY, JR._NICOLE SHANAHAN",0,PRESIDENT,MARQUETTE,V,NESHKORO
VILLAGE OF NESHKORO,REGISTERED WRITE-IN_PETER SONSKI_LAUREN ONAK,0,PRESIDENT,MARQUETTE,V,NESHKORO
VILLAGE OF NESHKORO,REGISTERED WRITE-IN_CHERUNDA LYNN FOX_LAUREN ONAK,0,PRESIDENT,MARQUETTE,V,NESHKORO
VILLAGE OF NESHKORO,REGISTERED WRITE-IN_BRIAN KIENITZ_LAUREN ONAK,0,PRESIDENT,MARQUETTE,V,NESHKORO
VILLAGE OF NESHKORO,REGISTERED WRITE-IN_DOUG JENKINS_KIMBERLY LALONDE,0,PRESIDENT,MARQUETTE,V,NESHKORO
VILLAGE OF NESHKORO,REGISTERED WRITE-IN_FUTURE MADAM POTUS_JESSICA KENNEDY,0,PRESIDENT,MARQUETTE,V,NESHKORO
VILLAGE OF NESHKORO,"REGISTERED WRITE-IN_ANDRE RAMONE MCNEIL, SR._JESSICA KENNEDY",0,PRESIDENT,MARQUETTE,V,NESHKORO
VILLAGE OF NESHKORO,"SCATTERING_ANDRE RAMONE MCNEIL, SR._JESSICA KENNEDY",0,PRESIDENT,MARQUETTE,V,NESHKORO
VILLAGE OF OXFORD,DEMOCRATIC_KAMALA D. HARRIS_TIM WALZ,108,PRESIDENT,MARQUETTE,V,OXFORD
VILLAGE OF OXFORD,REPUBLICAN_DONALD J. TRUMP_JD VANCE,204,PRESIDENT,MARQUETTE,V,OXFORD
VILLAGE OF OXFORD,CONSTITUTION_RANDALL TERRY_STEPHEN BRODEN,0,PRESIDENT,MARQUETTE,V,OXFORD
VILLAGE OF OXFORD,LIBERTARIAN_CHASE RUSSELL OLIVER_MIKE TER MAAT,0,PRESIDENT,MARQUETTE,V,OXFORD
VILLAGE OF OXFORD,WISCONSIN GREEN_JILL STEIN_RUDOLPH WARE,0,PRESIDENT,MARQUETTE,V,OXFORD
VILLAGE OF OXFORD,PARTY FOR SOCIALISM & LIBERATION_CLAUDIA DE LA CRUZ_KARINA GARCIA,0,PRESIDENT,MARQUETTE,V,OXFORD
VILLAGE OF OXFORD,JUSTICE FOR ALL_CORNEL WEST_MELINA ABDULLAH,0,PRESIDENT,MARQUETTE,V,OXFORD
VILLAGE OF OXFORD,"WE THE PEOPLE_ROBERT F. KENNEDY, JR._NICOLE SHANAHAN",2,PRESIDENT,MARQUETTE,V,OXFORD
VILLAGE OF OXFORD,REGISTERED WRITE-IN_PETER SONSKI_LAUREN ONAK,0,PRESIDENT,MARQUETTE,V,OXFORD
VILLAGE OF OXFORD,REGISTERED WRITE-IN_CHERUNDA LYNN FOX_LAUREN ONAK,0,PRESIDENT,MARQUETTE,V,OXFORD
VILLAGE OF OXFORD,REGISTERED WRITE-IN_BRIAN KIENITZ_LAUREN ONAK,0,PRESIDENT,MARQUETTE,V,OXFORD
VILLAGE OF OXFORD,REGISTERED WRITE-IN_DOUG JENKINS_KIMBERLY LALONDE,0,PRESIDENT,MARQUETTE,V,OXFORD
VILLAGE OF OXFORD,REGISTERED WRITE-IN_FUTURE MADAM POTUS_JESSICA KENNEDY,0,PRESIDENT,MARQUETTE,V,OXFORD
VILLAGE OF OXFORD,"REGISTERED WRITE-IN_ANDRE RAMONE MCNEIL, SR._JESSICA KENNEDY",0,PRESIDENT,MARQUETTE,V,OXFORD
VILLAGE OF OXFORD,"SCATTERING_ANDRE RAMONE MCNEIL, SR._JESSICA KENNEDY",0,PRESIDENT,MARQUETTE,V,OXFORD
"VILLAGE OF WESTFIELD, WARDS 1, 2, & 3",DEMOCRATIC_KAMALA D. HARRIS_TIM WALZ,218,PRESIDENT,MARQUETTE,V,WESTFIELD
"VILLAGE OF WESTFIELD, WARDS 1, 2, & 3",REPUBLICAN_DONALD J. TRUMP_JD VANCE,369,PRESIDENT,MARQUETTE,V,WESTFIELD
"VILLAGE OF WESTFIELD, WARDS 1, 2, & 3",CONSTITUTION_RANDALL TERRY_STEPHEN BRODEN,1,PRESIDENT,MARQUETTE,V,WESTFIELD
"VILLAGE OF WESTFIELD, WARDS 1, 2, & 3",LIBERTARIAN_CHASE RUSSELL OLIVER_MIKE TER MAAT,4,PRESIDENT,MARQUETTE,V,WESTFIELD
"VILLAGE OF WESTFIELD, WARDS 1, 2, & 3",WISCONSIN GREEN_JILL STEIN_RUDOLPH WARE,1,PRESIDENT,MARQUETTE,V,WESTFIELD
"VILLAGE OF WESTFIELD, WARDS 1, 2, & 3",PARTY FOR SOCIALISM & LIBERATION_CLAUDIA DE LA CRUZ_KARINA GARCIA,0,PRESIDENT,MARQUETTE,V,WESTFIELD
"VILLAGE OF WESTFIELD, WARDS 1, 2, & 3",JUSTICE FOR ALL_CORNEL WEST_MELINA ABDULLAH,0,PRESIDENT,MARQUETTE,V,WESTFIELD
"VILLAGE OF WESTFIELD, WARDS 1, 2, & 3","WE THE PEOPLE_ROBERT F. KENNEDY, JR._NICOLE SHANAHAN",6,PRESIDENT,MARQUETTE,V,WESTFIELD
"VILLAGE OF WESTFIELD, WARDS 1, 2, & 3",REGISTERED WRITE-IN_PETER SONSKI_LAUREN ONAK,1,PRESIDENT,MARQUETTE,V,WESTFIELD
"VILLAGE OF WESTFIELD, WARDS 1, 2, & 3",REGISTERED WRITE-IN_CHERUNDA LYNN FOX_LAUREN ONAK,0,PRESIDENT,MARQUETTE,V,WESTFIELD
"VILLAGE OF WESTFIELD, WARDS 1, 2, & 3",REGISTERED WRITE-IN_BRIAN KIENITZ_LAUREN ONAK,0,PRESIDENT,MARQUETTE,V,WESTFIELD
"VILLAGE OF WESTFIELD, WARDS 1, 2, & 3",REGISTERED WRITE-IN_DOUG JENKINS_KIMBERLY LALONDE,0,PRESIDENT,MARQUETTE,V,WESTFIELD
"VILLAGE OF WESTFIELD, WARDS 1, 2, & 3",REGISTERED WRITE-IN_FUTURE MADAM POTUS_JESSICA KENNEDY,0,PRESIDENT,MARQUETTE,V,WESTFIELD
"VILLAGE OF WESTFIELD, WARDS 1, 2, & 3","REGISTERED WRITE-IN_ANDRE RAMONE MCNEIL, SR._JESSICA KENNEDY",0,PRESIDENT,MARQUETTE,V,WESTFIELD
"VILLAGE OF WESTFIELD, WARDS 1, 2, & 3","SCATTERING_ANDRE RAMONE MCNEIL, SR._JESSICA KENNEDY",0,PRESIDENT,MARQUETTE,V,WESTFIELD
"CITY OF MONTELLO, WARDS 1, 2, 3 & 4",DEMOCRATIC_KAMALA D. HARRIS_TIM WALZ,327,PRESIDENT,MARQUETTE,C,MONTELLO
"CITY OF MONTELLO, WARDS 1, 2, 3 & 4",REPUBLICAN_DONALD J. TRUMP_JD VANCE,448,PRESIDENT,MARQUETTE,C,MONTELLO
"CITY OF MONTELLO, WARDS 1, 2, 3 & 4",CONSTITUTION_RANDALL TERRY_STEPHEN BRODEN,1,PRESIDENT,MARQUETTE,C,MONTELLO
"CITY OF MONTELLO, WARDS 1, 2, 3 & 4",LIBERTARIAN_CHASE RUSSELL OLIVER_MIKE TER MAAT,1,PRESIDENT,MARQUETTE,C,MONTELLO
"CITY OF MONTELLO, WARDS 1, 2, 3 & 4",WISCONSIN GREEN_JILL STEIN_RUDOLPH WARE,0,PRESIDENT,MARQUETTE,C,MONTELLO
"CITY OF MONTELLO, WARDS 1, 2, 3 & 4",PARTY FOR SOCIALISM & LIBERATION_CLAUDIA DE LA CRUZ_KARINA GARCIA,0,PRESIDENT,MARQUETTE,C,MONTELLO
"CITY OF MONTELLO, WARDS 1, 2, 3 & 4",JUSTICE FOR ALL_CORNEL WEST_MELINA ABDULLAH,0,PRESIDENT,MARQUETTE,C,MONTELLO
"CITY OF MONTELLO, WARDS 1, 2, 3 & 4","WE THE PEOPLE_ROBERT F. KENNEDY, JR._NICOLE SHANAHAN",2,PRESIDENT,MARQUETTE,C,MONTELLO
"CITY OF MONTELLO, WARDS 1, 2, 3 & 4",REGISTERED WRITE-IN_PETER SONSKI_LAUREN ONAK,0,PRESIDENT,MARQUETTE,C,MONTELLO
"CITY OF MONTELLO, WARDS 1, 2, 3 & 4",REGISTERED WRITE-IN_CHERUNDA LYNN FOX_LAUREN ONAK,0,PRESIDENT,MARQUETTE,C,MONTELLO
"CITY OF MONTELLO, WARDS 1, 2, 3 & 4",REGISTERED WRITE-IN_BRIAN KIENITZ_LAUREN ONAK,0,PRESIDENT,MARQUETTE,C,MONTELLO
"CITY OF MONTELLO, WARDS 1, 2, 3 & 4",REGISTERED WRITE-IN_DOUG JENKINS_KIMBERLY LALONDE,0,PRESIDENT,MARQUETTE,C,MONTELLO
"CITY OF MONTELLO, WARDS 1, 2, 3 & 4",REGISTERED WRITE-IN_FUTURE MADAM POTUS_JESSICA KENNEDY,0,PRESIDENT,MARQUETTE,C,MONTELLO
"CITY OF MONTELLO, WARDS 1, 2, 3 & 4","REGISTERED WRITE-IN_ANDRE RAMONE MCNEIL, SR._JESSICA KENNEDY",0,PRESIDENT,MARQUETTE,C,MONTELLO
"CITY OF MONTELLO, WARDS 1, 2, 3 & 4","SCATTERING_ANDRE RAMONE MCNEIL, SR._JESSICA KENNEDY",0,PRESIDENT,MARQUETTE,C,MONTELLO
"TOWN OF BUFFALO, WARDS 1, 2, & 3",_DEMOCRATIC_TAMMY BALDWIN,265,UNITED STATES SENATOR,MARQUETTE,T,BUFFALO
"TOWN OF BUFFALO, WARDS 1, 2, & 3",_REPUBLICAN_ERIC HOVDE,393,UNITED STATES SENATOR,MARQUETTE,T,BUFFALO
"TOWN OF BUFFALO, WARDS 1, 2, & 3",_DISRUPT THE CORRUPTION_PHIL ANDERSON,7,UNITED STATES SENATOR,MARQUETTE,T,BUFFALO
"TOWN OF BUFFALO, WARDS 1, 2, & 3",_AMERICAN FIRST_THOMAS LEAGER,3,UNITED STATES SENATOR,MARQUETTE,T,BUFFALO
"TOWN OF BUFFALO, WARDS 1, 2, & 3",_REGISTERED WRITE-IN_JOHN SCHIESS,0,UNITED STATES SENATOR,MARQUETTE,T,BUFFALO
"TOWN OF BUFFALO, WARDS 1, 2, & 3",_REGISTERED WRITE-IN_SCATTERING,0,UNITED STATES SENATOR,MARQUETTE,T,BUFFALO
"TOWN OF BUFFALO, WARDS 1, 2, & 3",_DEMOCRATIC_JOHN ZARBANO,233,REPRESENTATIVE IN CONGRESS DISTRICT 6,MARQUETTE,T,BUFFALO
"TOWN OF BUFFALO, WARDS 1, 2, & 3",_REPUBLICAN_GLENN GROTHMAN,406,REPRESENTATIVE IN CONGRESS DISTRICT 6,MARQUETTE,T,BUFFALO
"TOWN OF BUFFALO, WARDS 1, 2, & 3",_REPUBLICAN_SCATTERING,1,REPRESENTATIVE IN CONGRESS DISTRICT 6,MARQUETTE,T,BUFFALO
TOWN OF CRYSTAL LAKE,_DEMOCRATIC_TAMMY BALDWIN,126,UNITED STATES SENATOR,MARQUETTE,T,CRYSTAL LAKE
TOWN OF CRYSTAL LAKE,_REPUBLICAN_ERIC HOVDE,232,UNITED STATES SENATOR,MARQUETTE,T,CRYSTAL LAKE
TOWN OF CRYSTAL LAKE,_DISRUPT THE CORRUPTION_PHIL ANDERSON,5,UNITED STATES SENATOR,MARQUETTE,T,CRYSTAL LAKE
TOWN OF CRYSTAL LAKE,_AMERICAN FIRST_THOMAS LEAGER,1,UNITED STATES SENATOR,MARQUETTE,T,CRYSTAL LAKE
TOWN OF CRYSTAL LAKE,_REGISTERED WRITE-IN_JOHN SCHIESS,0,UNITED STATES SENATOR,MARQUETTE,T,CRYSTAL LAKE
TOWN OF CRYSTAL LAKE,_REGISTERED WRITE-IN_SCATTERING,0,UNITED STATES SENATOR,MARQUETTE,T,CRYSTAL LAKE
TOWN OF CRYSTAL LAKE,_DEMOCRATIC_JOHN ZARBANO,103,REPRESENTATIVE IN CONGRESS DISTRICT 6,MARQUETTE,T,CRYSTAL LAKE
TOWN OF CRYSTAL LAKE,_REPUBLICAN_GLENN GROTHMAN,246,REPRESENTATIVE IN CONGRESS DISTRICT 6,MARQUETTE,T,CRYSTAL LAKE
TOWN OF CRYSTAL LAKE,_REPUBLICAN_SCATTERING,0,REPRESENTATIVE IN CONGRESS DISTRICT 6,MARQUETTE,T,CRYSTAL LAKE
TOWN OF DOUGLAS,_DEMOCRATIC_TAMMY BALDWIN,196,UNITED STATES SENATOR,MARQUETTE,T,DOUGLAS
TOWN OF DOUGLAS,_REPUBLICAN_ERIC HOVDE,308,UNITED STATES SENATOR,MARQUETTE,T,DOUGLAS
TOWN OF DOUGLAS,_DISRUPT THE CORRUPTION_PHIL ANDERSON,7,UNITED STATES SENATOR,MARQUETTE,T,DOUGLAS
TOWN OF DOUGLAS,_AMERICAN FIRST_THOMAS LEAGER,2,UNITED STATES SENATOR,MARQUETTE,T,DOUGLAS
TOWN OF DOUGLAS,_REGISTERED WRITE-IN_JOHN SCHIESS,0,UNITED STATES SENATOR,MARQUETTE,T,DOUGLAS
TOWN OF DOUGLAS,_REGISTERED WRITE-IN_SCATTERING,1,UNITED STATES SENATOR,MARQUETTE,T,DOUGLAS
TOWN OF DOUGLAS,_DEMOCRATIC_JOHN ZARBANO,165,REPRESENTATIVE IN CONGRESS DISTRICT 6,MARQUETTE,T,DOUGLAS
TOWN OF DOUGLAS,_REPUBLICAN_GLENN GROTHMAN,328,REPRESENTATIVE IN CONGRESS DISTRICT 6,MARQUETTE,T,DOUGLAS
TOWN OF DOUGLAS,_REPUBLICAN_SCATTERING,1,REPRESENTATIVE IN CONGRESS DISTRICT 6,MARQUETTE,T,DOUGLAS
TOWN OF HARRIS,_DEMOCRATIC_TAMMY BALDWIN,175,UNITED STATES SENATOR,MARQUETTE,T,HARRIS
TOWN OF HARRIS,_REPUBLICAN_ERIC HOVDE,304,UNITED STATES SENATOR,MARQUETTE,T,HARRIS
TOWN OF HARRIS,_DISRUPT THE CORRUPTION_PHIL ANDERSON,7,UNITED STATES SENATOR,MARQUETTE,T,HARRIS
TOWN OF HARRIS,_AMERICAN FIRST_THOMAS LEAGER,6,UNITED STATES SENATOR,MARQUETTE,T,HARRIS
TOWN OF HARRIS,_REGISTERED WRITE-IN_JOHN SCHIESS,0,UNITED STATES SENATOR,MARQUETTE,T,HARRIS
TOWN OF HARRIS,_REGISTERED WRITE-IN_SCATTERING,1,UNITED STATES SENATOR,MARQUETTE,T,HARRIS
TOWN OF HARRIS,_DEMOCRATIC_JOHN ZARBANO,151,REPRESENTATIVE IN CONGRESS DISTRICT 6,MARQUETTE,T,HARRIS
TOWN OF HARRIS,_REPUBLICAN_GLENN GROTHMAN,325,REPRESENTATIVE IN CONGRESS DISTRICT 6,MARQUETTE,T,HARRIS
TOWN OF HARRIS,_REPUBLICAN_SCATTERING,0,REPRESENTATIVE IN CONGRESS DISTRICT 6,MARQUETTE,T,HARRIS
TOWN OF MECAN,_DEMOCRATIC_TAMMY BALDWIN,209,UNITED STATES SENATOR,MARQUETTE,T,MECAN
TOWN OF MECAN,_REPUBLICAN_ERIC HOVDE,282,UNITED STATES SENATOR,MARQUETTE,T,MECAN
TOWN OF MECAN,_DISRUPT THE CORRUPTION_PHIL ANDERSON,6,UNITED STATES SENATOR,MARQUETTE,T,MECAN
TOWN OF MECAN,_AMERICAN FIRST_THOMAS LEAGER,4,UNITED STATES SENATOR,MARQUETTE,T,MECAN
TOWN OF MECAN,_REGISTERED WRITE-IN_JOHN SCHIESS,0,UNITED STATES SENATOR,MARQUETTE,T,MECAN
TOWN OF MECAN,_REGISTERED WRITE-IN_SCATTERING,1,UNITED STATES SENATOR,MARQUETTE,T,MECAN
TOWN OF MECAN,_DEMOCRATIC_JOHN ZARBANO,180,REPRESENTATIVE IN CONGRESS DISTRICT 6,MARQUETTE,T,MECAN
TOWN OF MECAN,_REPUBLICAN_GLENN GROTHMAN,298,REPRESENTATIVE IN CONGRESS DISTRICT 6,MARQUETTE,T,MECAN
TOWN OF MECAN,_REPUBLICAN_SCATTERING,0,REPRESENTATIVE IN CONGRESS DISTRICT 6,MARQUETTE,T,MECAN
"TOWN OF MONTELLO, WARDS 1, 2, 3 & 4",_DEMOCRATIC_TAMMY BALDWIN,268,UNITED STATES SENATOR,MARQUETTE,T,MONTELLO
"TOWN OF MONTELLO, WARDS 1, 2, 3 & 4",_REPUBLICAN_ERIC HOVDE,469,UNITED STATES SENATOR,MARQUETTE,T,MONTELLO
"TOWN OF MONTELLO, WARDS 1, 2, 3 & 4",_DISRUPT THE CORRUPTION_PHIL ANDERSON,11,UNITED STATES SENATOR,MARQUETTE,T,MONTELLO
"TOWN OF MONTELLO, WARDS 1, 2, 3 & 4",_AMERICAN FIRST_THOMAS LEAGER,9,UNITED STATES SENATOR,MARQUETTE,T,MONTELLO
"TOWN OF MONTELLO, WARDS 1, 2, 3 & 4",_REGISTERED WRITE-IN_JOHN SCHIESS,0,UNITED STATES SENATOR,MARQUETTE,T,MONTELLO
"TOWN OF MONTELLO, WARDS 1, 2, 3 & 4",_REGISTERED WRITE-IN_SCATTERING,0,UNITED STATES SENATOR,MARQUETTE,T,MONTELLO
"TOWN OF MONTELLO, WARDS 1, 2, 3 & 4",_DEMOCRATIC_JOHN ZARBANO,232,REPRESENTATIVE IN CONGRESS DISTRICT 6,MARQUETTE,T,MONTELLO
"TOWN OF MONTELLO, WARDS 1, 2, 3 & 4",_REPUBLICAN_GLENN GROTHMAN,504,REPRESENTATIVE IN CONGRESS DISTRICT 6,MARQUETTE,T,MONTELLO
"TOWN OF MONTELLO, WARDS 1, 2, 3 & 4",_REPUBLICAN_SCATTERING,1,REPRESENTATIVE IN CONGRESS DISTRICT 6,MARQUETTE,T,MONTELLO
"TOWN OF MOUNDVILLE, WARDS 1 & 2",_DEMOCRATIC_TAMMY BALDWIN,115,UNITED STATES SENATOR,MARQUETTE,T,MOUNDVILLE
"TOWN OF MOUNDVILLE, WARDS 1 & 2",_REPUBLICAN_ERIC HOVDE,159,UNITED STATES SENATOR,MARQUETTE,T,MOUNDVILLE
"TOWN OF MOUNDVILLE, WARDS 1 & 2",_DISRUPT THE CORRUPTION_PHIL ANDERSON,5,UNITED STATES SENATOR,MARQUETTE,T,MOUNDVILLE
"TOWN OF MOUNDVILLE, WARDS 1 & 2",_AMERICAN FIRST_THOMAS LEAGER,2,UNITED STATES SENATOR,MARQUETTE,T,MOUNDVILLE
"TOWN OF MOUNDVILLE, WARDS 1 & 2",_REGISTERED WRITE-IN_JOHN SCHIESS,0,UNITED STATES SENATOR,MARQUETTE,T,MOUNDVILLE
"TOWN OF MOUNDVILLE, WARDS 1 & 2",_REGISTERED WRITE-IN_SCATTERING,0,UNITED STATES SENATOR,MARQUETTE,T,MOUNDVILLE
"TOWN OF MOUNDVILLE, WARDS 1 & 2",_DEMOCRATIC_JOHN ZARBANO,102,REPRESENTATIVE IN CONGRESS DISTRICT 6,MARQUETTE,T,MOUNDVILLE
"TOWN OF MOUNDVILLE, WARDS 1 & 2",_REPUBLICAN_GLENN GROTHMAN,173,REPRESENTATIVE IN CONGRESS DISTRICT 6,MARQUETTE,T,MOUNDVILLE
"TOWN OF MOUNDVILLE, WARDS 1 & 2",_REPUBLICAN_SCATTERING,0,REPRESENTATIVE IN CONGRESS DISTRICT 6,MARQUETTE,T,MOUNDVILLE
"TOWN OF NESHKORO, WARDS 1 & 2",_DEMOCRATIC_TAMMY BALDWIN,115,UNITED STATES SENATOR,MARQUETTE,T,NESHKORO
"TOWN OF NESHKORO, WARDS 1 & 2",_REPUBLICAN_ERIC HOVDE,289,UNITED STATES SENATOR,MARQUETTE,T,NESHKORO
"TOWN OF NESHKORO, WARDS 1 & 2",_DISRUPT THE CORRUPTION_PHIL ANDERSON,8,UNITED STATES SENATOR,MARQUETTE,T,NESHKORO
"TOWN OF NESHKORO, WARDS 1 & 2",_AMERICAN FIRST_THOMAS LEAGER,5,UNITED STATES SENATOR,MARQUETTE,T,NESHKORO
"TOWN OF NESHKORO, WARDS 1 & 2",_REGISTERED WRITE-IN_JOHN SCHIESS,0,UNITED STATES SENATOR,MARQUETTE,T,NESHKORO
"TOWN OF NESHKORO, WARDS 1 & 2",_REGISTERED WRITE-IN_SCATTERING,0,UNITED STATES SENATOR,MARQUETTE,T,NESHKORO
"TOWN OF NESHKORO, WARDS 1 & 2",_DEMOCRATIC_JOHN ZARBANO,97,REPRESENTATIVE IN CONGRESS DISTRICT 6,MARQUETTE,T,NESHKORO
"TOWN OF NESHKORO, WARDS 1 & 2",_REPUBLICAN_GLENN GROTHMAN,305,REPRESENTATIVE IN CONGRESS DISTRICT 6,MARQUETTE,T,NESHKORO
"TOWN OF NESHKORO, WARDS 1 & 2",_REPUBLICAN_SCATTERING,1,REPRESENTATIVE IN CONGRESS DISTRICT 6,MARQUETTE,T,NESHKORO
"TOWN OF NEWTON, WARDS 1 & 2",_DEMOCRATIC_TAMMY BALDWIN,74,UNITED STATES SENATOR,MARQUETTE,T,NEWTON
"TOWN OF NEWTON, WARDS 1 & 2",_REPUBLICAN_ERIC HOVDE,185,UNITED STATES SENATOR,MARQUETTE,T,NEWTON
"TOWN OF NEWTON, WARDS 1 & 2",_DISRUPT THE CORRUPTION_PHIL ANDERSON,3,UNITED STATES SENATOR,MARQUETTE,T,NEWTON
"TOWN OF NEWTON, WARDS 1 & 2",_AMERICAN FIRST_THOMAS LEAGER,3,UNITED STATES SENATOR,MARQUETTE,T,NEWTON
"TOWN OF NEWTON, WARDS 1 & 2",_REGISTERED WRITE-IN_JOHN SCHIESS,0,UNITED STATES SENATOR,MARQUETTE,T,NEWTON
"TOWN OF NEWTON, WARDS 1 & 2",_REGISTERED WRITE-IN_SCATTERING,0,UNITED STATES SENATOR,MARQUETTE,T,NEWTON
"TOWN OF NEWTON, WARDS 1 & 2",_DEMOCRATIC_JOHN ZARBANO,59,REPRESENTATIVE IN CONGRESS DISTRICT 6,MARQUETTE,T,NEWTON
"TOWN OF NEWTON, WARDS 1 & 2",_REPUBLICAN_GLENN GROTHMAN,196,REPRESENTATIVE IN CONGRESS DISTRICT 6,MARQUETTE,T,NEWTON
"TOWN OF NEWTON, WARDS 1 & 2",_REPUBLICAN_SCATTERING,0,REPRESENTATIVE IN CONGRESS DISTRICT 6,MARQUETTE,T,NEWTON
"TOWN OF OXFORD, WARDS 1 & 2",_DEMOCRATIC_TAMMY BALDWIN,196,UNITED STATES SENATOR,MARQUETTE,T,OXFORD
"TOWN OF OXFORD, WARDS 1 & 2",_REPUBLICAN_ERIC HOVDE,368,UNITED STATES SENATOR,MARQUETTE,T,OXFORD
"TOWN OF OXFORD, WARDS 1 & 2",_DISRUPT THE CORRUPTION_PHIL ANDERSON,16,UNITED STATES SENATOR,MARQUETTE,T,OXFORD
"TOWN OF OXFORD, WARDS 1 & 2",_AMERICAN FIRST_THOMAS LEAGER,6,UNITED STATES SENATOR,MARQUETTE,T,OXFORD
"TOWN OF OXFORD, WARDS 1 & 2",_REGISTERED WRITE-IN_JOHN SCHIESS,0,UNITED STATES SENATOR,MARQUETTE,T,OXFORD
"TOWN OF OXFORD, WARDS 1 & 2",_REGISTERED WRITE-IN_SCATTERING,0,UNITED STATES SENATOR,MARQUETTE,T,OXFORD
"TOWN OF OXFORD, WARDS 1 & 2",_DEMOCRATIC_JOHN ZARBANO,163,REPRESENTATIVE IN CONGRESS DISTRICT 6,MARQUETTE,T,OXFORD
"TOWN OF OXFORD, WARDS 1 & 2",_REPUBLICAN_GLENN GROTHMAN,394,REPRESENTATIVE IN CONGRESS DISTRICT 6,MARQUETTE,T,OXFORD
"TOWN OF OXFORD, WARDS 1 & 2",_REPUBLICAN_SCATTERING,0,REPRESENTATIVE IN CONGRESS DISTRICT 6,MARQUETTE,T,OXFORD
"TOWN OF PACKWAUKEE, WARDS 1, 2 & 3",_DEMOCRATIC_TAMMY BALDWIN,330,UNITED STATES SENATOR,MARQUETTE,T,PACKWAUKEE
"TOWN OF PACKWAUKEE, WARDS 1, 2 & 3",_REPUBLICAN_ERIC HOVDE,574,UNITED STATES SENATOR,MARQUETTE,T,PACKWAUKEE
"TOWN OF PACKWAUKEE, WARDS 1, 2 & 3",_DISRUPT THE CORRUPTION_PHIL ANDERSON,18,UNITED STATES SENATOR,MARQUETTE,T,PACKWAUKEE
"TOWN OF PACKWAUKEE, WARDS 1, 2 & 3",_AMERICAN FIRST_THOMAS LEAGER,12,UNITED STATES SENATOR,MARQUETTE,T,PACKWAUKEE
"TOWN OF PACKWAUKEE, WARDS 1, 2 & 3",_REGISTERED WRITE-IN_JOHN SCHIESS,0,UNITED STATES SENATOR,MARQUETTE,T,PACKWAUKEE
"TOWN OF PACKWAUKEE, WARDS 1, 2 & 3",_REGISTERED WRITE-IN_SCATTERING,2,UNITED STATES SENATOR,MARQUETTE,T,PACKWAUKEE
"TOWN OF PACKWAUKEE, WARDS 1, 2 & 3",_DEMOCRATIC_JOHN ZARBANO,298,REPRESENTATIVE IN CONGRESS DISTRICT 6,MARQUETTE,T,PACKWAUKEE
"TOWN OF PACKWAUKEE, WARDS 1, 2 & 3",_REPUBLICAN_GLENN GROTHMAN,607,REPRESENTATIVE IN CONGRESS DISTRICT 6,MARQUETTE,T,PACKWAUKEE
"TOWN OF PACKWAUKEE, WARDS 1, 2 & 3",_REPUBLICAN_SCATTERING,3,REPRESENTATIVE IN CONGRESS DISTRICT 6,MARQUETTE,T,PACKWAUKEE
TOWN OF SHIELDS WARDS 1 & 2,_DEMOCRATIC_TAMMY BALDWIN,119,UNITED STATES SENATOR,MARQUETTE,T,SHIELDS
TOWN OF SHIELDS WARDS 1 & 2,_REPUBLICAN_ERIC HOVDE,247,UNITED STATES SENATOR,MARQUETTE,T,SHIELDS
TOWN OF SHIELDS WARDS 1 & 2,_DISRUPT THE CORRUPTION_PHIL ANDERSON,10,UNITED STATES SENATOR,MARQUETTE,T,SHIELDS
TOWN OF SHIELDS WARDS 1 & 2,_AMERICAN FIRST_THOMAS LEAGER,3,UNITED STATES SENATOR,MARQUETTE,T,SHIELDS
TOWN OF SHIELDS WARDS 1 & 2,_REGISTERED WRITE-IN_JOHN SCHIESS,0,UNITED STATES SENATOR,MARQUETTE,T,SHIELDS
TOWN OF SHIELDS WARDS 1 & 2,_REGISTERED WRITE-IN_SCATTERING,0,UNITED STATES SENATOR,MARQUETTE,T,SHIELDS
TOWN OF SHIELDS WARDS 1 & 2,_DEMOCRATIC_JOHN ZARBANO,108,REPRESENTATIVE IN CONGRESS DISTRICT 6,MARQUETTE,T,SHIELDS
TOWN OF SHIELDS WARDS 1 & 2,_REPUBLICAN_GLENN GROTHMAN,257,REPRESENTATIVE IN CONGRESS DISTRICT 6,MARQUETTE,T,SHIELDS
TOWN OF SHIELDS WARDS 1 & 2,_REPUBLICAN_SCATTERING,1,REPRESENTATIVE IN CONGRESS DISTRICT 6,MARQUETTE,T,SHIELDS
TOWN OF SPRINGFIELD,_DEMOCRATIC_TAMMY BALDWIN,176,UNITED STATES SENATOR,MARQUETTE,T,SPRINGFIELD
TOWN OF SPRINGFIELD,_REPUBLICAN_ERIC HOVDE,363,UNITED STATES SENATOR,MARQUETTE,T,SPRINGFIELD
TOWN OF SPRINGFIELD,_DISRUPT THE CORRUPTION_PHIL ANDERSON,7,UNITED STATES SENATOR,MARQUETTE,T,SPRINGFIELD
TOWN OF SPRINGFIELD,_AMERICAN FIRST_THOMAS LEAGER,1,UNITED STATES SENATOR,MARQUETTE,T,SPRINGFIELD
TOWN OF SPRINGFIELD,_REGISTERED WRITE-IN_JOHN SCHIESS,0,UNITED STATES SENATOR,MARQUETTE,T,SPRINGFIELD
TOWN OF SPRINGFIELD,_REGISTERED WRITE-IN_SCATTERING,0,UNITED STATES SENATOR,MARQUETTE,T,SPRINGFIELD
TOWN OF SPRINGFIELD,_DEMOCRATIC_JOHN ZARBANO,157,REPRESENTATIVE IN CONGRESS DISTRICT 6,MARQUETTE,T,SPRINGFIELD
TOWN OF SPRINGFIELD,_REPUBLICAN_GLENN GROTHMAN,375,REPRESENTATIVE IN CONGRESS DISTRICT 6,MARQUETTE,T,SPRINGFIELD
TOWN OF SPRINGFIELD,_REPUBLICAN_SCATTERING,0,REPRESENTATIVE IN CONGRESS DISTRICT 6,MARQUETTE,T,SPRINGFIELD
"TOWN OF WESTFIELD, WARDS 1 & 2",_DEMOCRATIC_TAMMY BALDWIN,173,UNITED STATES SENATOR,MARQUETTE,T,WESTFIELD
"TOWN OF WESTFIELD, WARDS 1 & 2",_REPUBLICAN_ERIC HOVDE,334,UNITED STATES SENATOR,MARQUETTE,T,WESTFIELD
"TOWN OF WESTFIELD, WARDS 1 & 2",_DISRUPT THE CORRUPTION_PHIL ANDERSON,7,UNITED STATES SENATOR,MARQUETTE,T,WESTFIELD
"TOWN OF WESTFIELD, WARDS 1 & 2",_AMERICAN FIRST_THOMAS LEAGER,5,UNITED STATES SENATOR,MARQUETTE,T,WESTFIELD
"TOWN OF WESTFIELD, WARDS 1 & 2",_REGISTERED WRITE-IN_JOHN SCHIESS,0,UNITED STATES SENATOR,MARQUETTE,T,WESTFIELD
"TOWN OF WESTFIELD, WARDS 1 & 2",_REGISTERED WRITE-IN_SCATTERING,0,UNITED STATES SENATOR,MARQUETTE,T,WESTFIELD
"TOWN OF WESTFIELD, WARDS 1 & 2",_DEMOCRATIC_JOHN ZARBANO,162,REPRESENTATIVE IN CONGRESS DISTRICT 6,MARQUETTE,T,WESTFIELD
"TOWN OF WESTFIELD, WARDS 1 & 2",_REPUBLICAN_GLENN GROTHMAN,342,REPRESENTATIVE IN CONGRESS DISTRICT 6,MARQUETTE,T,WESTFIELD
"TOWN OF WESTFIELD, WARDS 1 & 2",_REPUBLICAN_SCATTERING,0,REPRESENTATIVE IN CONGRESS DISTRICT 6,MARQUETTE,T,WESTFIELD
VILLAGE OF ENDEAVOR,_DEMOCRATIC_TAMMY BALDWIN,88,UNITED STATES SENATOR,MARQUETTE,V,ENDEAVOR
VILLAGE OF ENDEAVOR,_REPUBLICAN_ERIC HOVDE,140,UNITED STATES SENATOR,MARQUETTE,V,ENDEAVOR
VILLAGE OF ENDEAVOR,_DISRUPT THE CORRUPTION_PHIL ANDERSON,4,UNITED STATES SENATOR,MARQUETTE,V,ENDEAVOR
VILLAGE OF ENDEAVOR,_AMERICAN FIRST_THOMAS LEAGER,5,UNITED STATES SENATOR,MARQUETTE,V,ENDEAVOR
VILLAGE OF ENDEAVOR,_REGISTERED WRITE-IN_JOHN SCHIESS,0,UNITED STATES SENATOR,MARQUETTE,V,ENDEAVOR
VILLAGE OF ENDEAVOR,_REGISTERED WRITE-IN_SCATTERING,0,UNITED STATES SENATOR,MARQUETTE,V,ENDEAVOR
VILLAGE OF ENDEAVOR,_DEMOCRATIC_JOHN ZARBANO,77,REPRESENTATIVE IN CONGRESS DISTRICT 6,MARQUETTE,V,ENDEAVOR
VILLAGE OF ENDEAVOR,_REPUBLICAN_GLENN GROTHMAN,154,REPRESENTATIVE IN CONGRESS DISTRICT 6,MARQUETTE,V,ENDEAVOR
VILLAGE OF ENDEAVOR,_REPUBLICAN_SCATTERING,0,REPRESENTATIVE IN CONGRESS DISTRICT 6,MARQUETTE,V,ENDEAVOR
VILLAGE OF NESHKORO,_DEMOCRATIC_TAMMY BALDWIN,83,UNITED STATES SENATOR,MARQUETTE,V,NESHKORO
VILLAGE OF NESHKORO,_REPUBLICAN_ERIC HOVDE,137,UNITED STATES SENATOR,MARQUETTE,V,NESHKORO
VILLAGE OF NESHKORO,_DISRUPT THE CORRUPTION_PHIL ANDERSON,2,UNITED STATES SENATOR,MARQUETTE,V,NESHKORO
VILLAGE OF NESHKORO,_AMERICAN FIRST_THOMAS LEAGER,3,UNITED STATES SENATOR,MARQUETTE,V,NESHKORO
VILLAGE OF NESHKORO,_REGISTERED WRITE-IN_JOHN SCHIESS,0,UNITED STATES SENATOR,MARQUETTE,V,NESHKORO
VILLAGE OF NESHKORO,_REGISTERED WRITE-IN_SCATTERING,0,UNITED STATES SENATOR,MARQUETTE,V,NESHKORO
VILLAGE OF NESHKORO,_DEMOCRATIC_JOHN ZARBANO,71,REPRESENTATIVE IN CONGRESS DISTRICT 6,MARQUETTE,V,NESHKORO
VILLAGE OF NESHKORO,_REPUBLICAN_GLENN GROTHMAN,148,REPRESENTATIVE IN CONGRESS DISTRICT 6,MARQUETTE,V,NESHKORO
VILLAGE OF NESHKORO,_REPUBLICAN_SCATTERING,0,REPRESENTATIVE IN CONGRESS DISTRICT 6,MARQUETTE,V,NESHKORO
VILLAGE OF OXFORD,_DEMOCRATIC_TAMMY BALDWIN,115,UNITED STATES SENATOR,MARQUETTE,V,OXFORD
VILLAGE OF OXFORD,_REPUBLICAN_ERIC HOVDE,90,UNITED STATES SENATOR,MARQUETTE,V,OXFORD
VILLAGE OF OXFORD,_DISRUPT THE CORRUPTION_PHIL ANDERSON,6,UNITED STATES SENATOR,MARQUETTE,V,OXFORD
VILLAGE OF OXFORD,_AMERICAN FIRST_THOMAS LEAGER,0,UNITED STATES SENATOR,MARQUETTE,V,OXFORD
VILLAGE OF OXFORD,_REGISTERED WRITE-IN_JOHN SCHIESS,0,UNITED STATES SENATOR,MARQUETTE,V,OXFORD
VILLAGE OF OXFORD,_REGISTERED WRITE-IN_SCATTERING,0,UNITED STATES SENATOR,MARQUETTE,V,OXFORD
VILLAGE OF OXFORD,_DEMOCRATIC_JOHN ZARBANO,96,REPRESENTATIVE IN CONGRESS DISTRICT 6,MARQUETTE,V,OXFORD
VILLAGE OF OXFORD,_REPUBLICAN_GLENN GROTHMAN,199,REPRESENTATIVE IN CONGRESS DISTRICT 6,MARQUETTE,V,OXFORD
VILLAGE OF OXFORD,_REPUBLICAN_SCATTERING,0,REPRESENTATIVE IN CONGRESS DISTRICT 6,MARQUETTE,V,OXFORD
"VILLAGE OF WESTFIELD, WARDS 1, 2, & 3",_DEMOCRATIC_TAMMY BALDWIN,240,UNITED STATES SENATOR,MARQUETTE,V,WESTFIELD
"VILLAGE OF WESTFIELD, WARDS 1, 2, & 3",_REPUBLICAN_ERIC HOVDE,337,UNITED STATES SENATOR,MARQUETTE,V,WESTFIELD
"VILLAGE OF WESTFIELD, WARDS 1, 2, & 3",_DISRUPT THE CORRUPTION_PHIL ANDERSON,10,UNITED STATES SENATOR,MARQUETTE,V,WESTFIELD
"VILLAGE OF WESTFIELD, WARDS 1, 2, & 3",_AMERICAN FIRST_THOMAS LEAGER,6,UNITED STATES SENATOR,MARQUETTE,V,WESTFIELD
"VILLAGE OF WESTFIELD, WARDS 1, 2, & 3",_REGISTERED WRITE-IN_JOHN SCHIESS,0,UNITED STATES SENATOR,MARQUETTE,V,WESTFIELD
"VILLAGE OF WESTFIELD, WARDS 1, 2, & 3",_REGISTERED WRITE-IN_SCATTERING,0,UNITED STATES SENATOR,MARQUETTE,V,WESTFIELD
"VILLAGE OF WESTFIELD, WARDS 1, 2, & 3",_DEMOCRATIC_JOHN ZARBANO,205,REPRESENTATIVE IN CONGRESS DISTRICT 6,MARQUETTE,V,WESTFIELD
"VILLAGE OF WESTFIELD, WARDS 1, 2, & 3",_REPUBLICAN_GLENN GROTHMAN,375,REPRESENTATIVE IN CONGRESS DISTRICT 6,MARQUETTE,V,WESTFIELD
"VILLAGE OF WESTFIELD, WARDS 1, 2, & 3",_REPUBLICAN_SCATTERING,0,REPRESENTATIVE IN CONGRESS DISTRICT 6,MARQUETTE,V,WESTFIELD
"CITY OF MONTELLO, WARDS 1, 2, 3 & 4",_DEMOCRATIC_TAMMY BALDWIN,342,UNITED STATES SENATOR,MARQUETTE,C,MONTELLO
"CITY OF MONTELLO, WARDS 1, 2, 3 & 4",_REPUBLICAN_ERIC HOVDE,418,UNITED STATES SENATOR,MARQUETTE,C,MONTELLO
"CITY OF MONTELLO, WARDS 1, 2, 3 & 4",_DISRUPT THE CORRUPTION_PHIL ANDERSON,9,UNITED STATES SENATOR,MARQUETTE,C,MONTELLO
"CITY OF MONTELLO, WARDS 1, 2, 3 & 4",_AMERICAN FIRST_THOMAS LEAGER,8,UNITED STATES SENATOR,MARQUETTE,C,MONTELLO
"CITY OF MONTELLO, WARDS 1, 2, 3 & 4",_REGISTERED WRITE-IN_JOHN SCHIESS,0,UNITED STATES SENATOR,MARQUETTE,C,MONTELLO
"CITY OF MONTELLO, WARDS 1, 2, 3 & 4",_REGISTERED WRITE-IN_SCATTERING,0,UNITED STATES SENATOR,MARQUETTE,C,MONTELLO
"CITY OF MONTELLO, WARDS 1, 2, 3 & 4",_DEMOCRATIC_JOHN ZARBANO,311,REPRESENTATIVE IN CONGRESS DISTRICT 6,MARQUETTE,C,MONTELLO
"CITY OF MONTELLO, WARDS 1, 2, 3 & 4",_REPUBLICAN_GLENN GROTHMAN,450,REPRESENTATIVE IN CONGRESS DISTRICT 6,MARQUETTE,C,MONTELLO
"CITY OF MONTELLO, WARDS 1, 2, 3 & 4",_REPUBLICAN_SCATTERING,0,REPRESENTATIVE IN CONGRESS DISTRICT 6,MARQUETTE,C,MONTELLO
"TOWN OF BUFFALO, WARDS 1, 2, & 3",_DEMOCRATIC_CHRIS GORDON,239,REPRESENTATIVE TO THE ASSEMBLY DISTRICT 39,MARQUETTE,T,BUFFALO
"TOWN OF BUFFALO, WARDS 1, 2, & 3",_REPUBLICAN_ALEX DALLMAN,404,REPRESENTATIVE TO THE ASSEMBLY DISTRICT 39,MARQUETTE,T,BUFFALO
"TOWN OF BUFFALO, WARDS 1, 2, & 3",_REPUBLICAN_SCATTERING,1,REPRESENTATIVE TO THE ASSEMBLY DISTRICT 39,MARQUETTE,T,BUFFALO
"TOWN OF BUFFALO, WARDS 1, 2, & 3",_INDEPENDENT_CLIFFORD C. BURDON,496,DISTRICT ATTORNEY,MARQUETTE,T,BUFFALO
"TOWN OF BUFFALO, WARDS 1, 2, & 3",_INDEPENDENT_SCATTERING,12,DISTRICT ATTORNEY,MARQUETTE,T,BUFFALO
TOWN OF CRYSTAL LAKE,_DEMOCRATIC_CHRIS GORDON,113,REPRESENTATIVE TO THE ASSEMBLY DISTRICT 39,MARQUETTE,T,CRYSTAL LAKE
TOWN OF CRYSTAL LAKE,_REPUBLICAN_ALEX DALLMAN,238,REPRESENTATIVE TO THE ASSEMBLY DISTRICT 39,MARQUETTE,T,CRYSTAL LAKE
TOWN OF CRYSTAL LAKE,_REPUBLICAN_SCATTERING,0,REPRESENTATIVE TO THE ASSEMBLY DISTRICT 39,MARQUETTE,T,CRYSTAL LAKE
TOWN OF CRYSTAL LAKE,_INDEPENDENT_CLIFFORD C. BURDON,237,DISTRICT ATTORNEY,MARQUETTE,T,CRYSTAL LAKE
TOWN OF CRYSTAL LAKE,_INDEPENDENT_SCATTERING,3,DISTRICT ATTORNEY,MARQUETTE,T,CRYSTAL LAKE
TOWN OF DOUGLAS,_DEMOCRATIC_CHRIS GORDON,170,REPRESENTATIVE TO THE ASSEMBLY DISTRICT 39,MARQUETTE,T,DOUGLAS
TOWN OF DOUGLAS,_REPUBLICAN_ALEX DALLMAN,321,REPRESENTATIVE TO THE ASSEMBLY DISTRICT 39,MARQUETTE,T,DOUGLAS
TOWN OF DOUGLAS,_REPUBLICAN_SCATTERING,1,REPRESENTATIVE TO THE ASSEMBLY DISTRICT 39,MARQUETTE,T,DOUGLAS
TOWN OF DOUGLAS,_INDEPENDENT_CLIFFORD C. BURDON,373,DISTRICT ATTORNEY,MARQUETTE,T,DOUGLAS
TOWN OF DOUGLAS,_INDEPENDENT_SCATTERING,3,DISTRICT ATTORNEY,MARQUETTE,T,DOUGLAS
TOWN OF HARRIS,_DEMOCRATIC_CHRIS GORDON,151,REPRESENTATIVE TO THE ASSEMBLY DISTRICT 39,MARQUETTE,T,HARRIS
TOWN OF HARRIS,_REPUBLICAN_ALEX DALLMAN,324,REPRESENTATIVE TO THE ASSEMBLY DISTRICT 39,MARQUETTE,T,HARRIS
TOWN OF HARRIS,_REPUBLICAN_SCATTERING,0,REPRESENTATIVE TO THE ASSEMBLY DISTRICT 39,MARQUETTE,T,HARRIS
TOWN OF HARRIS,_INDEPENDENT_CLIFFORD C. BURDON,355,DISTRICT ATTORNEY,MARQUETTE,T,HARRIS
TOWN OF HARRIS,_INDEPENDENT_SCATTERING,0,DISTRICT ATTORNEY,MARQUETTE,T,HARRIS
TOWN OF MECAN,_DEMOCRATIC_CHRIS GORDON,182,REPRESENTATIVE TO THE ASSEMBLY DISTRICT 39,MARQUETTE,T,MECAN
TOWN OF MECAN,_REPUBLICAN_ALEX DALLMAN,301,REPRESENTATIVE TO THE ASSEMBLY DISTRICT 39,MARQUETTE,T,MECAN
TOWN OF MECAN,_REPUBLICAN_SCATTERING,0,REPRESENTATIVE TO THE ASSEMBLY DISTRICT 39,MARQUETTE,T,MECAN
TOWN OF MECAN,_INDEPENDENT_CLIFFORD C. BURDON,336,DISTRICT ATTORNEY,MARQUETTE,T,MECAN
TOWN OF MECAN,_INDEPENDENT_SCATTERING,3,DISTRICT ATTORNEY,MARQUETTE,T,MECAN
"TOWN OF MONTELLO, WARDS 1, 2, 3 & 4",_DEMOCRATIC_CHRIS GORDON,241,REPRESENTATIVE TO THE ASSEMBLY DISTRICT 39,MARQUETTE,T,MONTELLO
"TOWN OF MONTELLO, WARDS 1, 2, 3 & 4",_REPUBLICAN_ALEX DALLMAN,503,REPRESENTATIVE TO THE ASSEMBLY DISTRICT 39,MARQUETTE,T,MONTELLO
"TOWN OF MONTELLO, WARDS 1, 2, 3 & 4",_REPUBLICAN_SCATTERING,0,REPRESENTATIVE TO THE ASSEMBLY DISTRICT 39,MARQUETTE,T,MONTELLO
"TOWN OF MONTELLO, WARDS 1, 2, 3 & 4",_INDEPENDENT_CLIFFORD C. BURDON,587,DISTRICT ATTORNEY,MARQUETTE,T,MONTELLO
"TOWN OF MONTELLO, WARDS 1, 2, 3 & 4",_INDEPENDENT_SCATTERING,5,DISTRICT ATTORNEY,MARQUETTE,T,MONTELLO
"TOWN OF MOUNDVILLE, WARDS 1 & 2",_DEMOCRATIC_CHRIS GORDON,102,REPRESENTATIVE TO THE ASSEMBLY DISTRICT 39,MARQUETTE,T,MOUNDVILLE
"TOWN OF MOUNDVILLE, WARDS 1 & 2",_REPUBLICAN_ALEX DALLMAN,163,REPRESENTATIVE TO THE ASSEMBLY DISTRICT 39,MARQUETTE,T,MOUNDVILLE
"TOWN OF MOUNDVILLE, WARDS 1 & 2",_REPUBLICAN_SCATTERING,0,REPRESENTATIVE TO THE ASSEMBLY DISTRICT 39,MARQUETTE,T,MOUNDVILLE
"TOWN OF MOUNDVILLE, WARDS 1 & 2",_INDEPENDENT_CLIFFORD C. BURDON,212,DISTRICT ATTORNEY,MARQUETTE,T,MOUNDVILLE
"TOWN OF MOUNDVILLE, WARDS 1 & 2",_INDEPENDENT_SCATTERING,1,DISTRICT ATTORNEY,MARQUETTE,T,MOUNDVILLE
"TOWN OF NESHKORO, WARDS 1 & 2",_DEMOCRATIC_CHRIS GORDON,101,REPRESENTATIVE TO THE ASSEMBLY DISTRICT 39,MARQUETTE,T,NESHKORO
"TOWN OF NESHKORO, WARDS 1 & 2",_REPUBLICAN_ALEX DALLMAN,303,REPRESENTATIVE TO THE ASSEMBLY DISTRICT 39,MARQUETTE,T,NESHKORO
"TOWN OF NESHKORO, WARDS 1 & 2",_REPUBLICAN_SCATTERING,1,REPRESENTATIVE TO THE ASSEMBLY DISTRICT 39,MARQUETTE,T,NESHKORO
"TOWN OF NESHKORO, WARDS 1 & 2",_INDEPENDENT_CLIFFORD C. BURDON,294,DISTRICT ATTORNEY,MARQUETTE,T,NESHKORO
"TOWN OF NESHKORO, WARDS 1 & 2",_INDEPENDENT_SCATTERING,2,DISTRICT ATTORNEY,MARQUETTE,T,NESHKORO
"TOWN OF NEWTON, WARDS 1 & 2",_DEMOCRATIC_CHRIS GORDON,64,REPRESENTATIVE TO THE ASSEMBLY DISTRICT 39,MARQUETTE,T,NEWTON
"TOWN OF NEWTON, WARDS 1 & 2",_REPUBLICAN_ALEX DALLMAN,195,REPRESENTATIVE TO THE ASSEMBLY DISTRICT 39,MARQUETTE,T,NEWTON
"TOWN OF NEWTON, WARDS 1 & 2",_REPUBLICAN_SCATTERING,0,REPRESENTATIVE TO THE ASSEMBLY DISTRICT 39,MARQUETTE,T,NEWTON
"TOWN OF NEWTON, WARDS 1 & 2",_INDEPENDENT_CLIFFORD C. BURDON,181,DISTRICT ATTORNEY,MARQUETTE,T,NEWTON
"TOWN OF NEWTON, WARDS 1 & 2",_INDEPENDENT_SCATTERING,2,DISTRICT ATTORNEY,MARQUETTE,T,NEWTON
"TOWN OF OXFORD, WARDS 1 & 2",_DEMOCRATIC_CHRIS GORDON,171,REPRESENTATIVE TO THE ASSEMBLY DISTRICT 39,MARQUETTE,T,OXFORD
"TOWN OF OXFORD, WARDS 1 & 2",_REPUBLICAN_ALEX DALLMAN,397,REPRESENTATIVE TO THE ASSEMBLY DISTRICT 39,MARQUETTE,T,OXFORD
"TOWN OF OXFORD, WARDS 1 & 2",_REPUBLICAN_SCATTERING,0,REPRESENTATIVE TO THE ASSEMBLY DISTRICT 39,MARQUETTE,T,OXFORD
"TOWN OF OXFORD, WARDS 1 & 2",_INDEPENDENT_CLIFFORD C. BURDON,434,DISTRICT ATTORNEY,MARQUETTE,T,OXFORD
"TOWN OF OXFORD, WARDS 1 & 2",_INDEPENDENT_SCATTERING,4,DISTRICT ATTORNEY,MARQUETTE,T,OXFORD
"TOWN OF PACKWAUKEE, WARDS 1, 2 & 3",_DEMOCRATIC_CHRIS GORDON,295,REPRESENTATIVE TO THE ASSEMBLY DISTRICT 39,MARQUETTE,T,PACKWAUKEE
"TOWN OF PACKWAUKEE, WARDS 1, 2 & 3",_REPUBLICAN_ALEX DALLMAN,601,REPRESENTATIVE TO THE ASSEMBLY DISTRICT 39,MARQUETTE,T,PACKWAUKEE
"TOWN OF PACKWAUKEE, WARDS 1, 2 & 3",_REPUBLICAN_SCATTERING,4,REPRESENTATIVE TO THE ASSEMBLY DISTRICT 39,MARQUETTE,T,PACKWAUKEE
"TOWN OF PACKWAUKEE, WARDS 1, 2 & 3",_INDEPENDENT_CLIFFORD C. BURDON,676,DISTRICT ATTORNEY,MARQUETTE,T,PACKWAUKEE
"TOWN OF PACKWAUKEE, WARDS 1, 2 & 3",_INDEPENDENT_SCATTERING,8,DISTRICT ATTORNEY,MARQUETTE,T,PACKWAUKEE
TOWN OF SHIELDS WARDS 1 & 2,_DEMOCRATIC_CHRIS GORDON,115,REPRESENTATIVE TO THE ASSEMBLY DISTRICT 39,MARQUETTE,T,SHIELDS
TOWN OF SHIELDS WARDS 1 & 2,_REPUBLICAN_ALEX DALLMAN,256,REPRESENTATIVE TO THE ASSEMBLY DISTRICT 39,MARQUETTE,T,SHIELDS
TOWN OF SHIELDS WARDS 1 & 2,_REPUBLICAN_SCATTERING,1,REPRESENTATIVE TO THE ASSEMBLY DISTRICT 39,MARQUETTE,T,SHIELDS
TOWN OF SHIELDS WARDS 1 & 2,_INDEPENDENT_CLIFFORD C. BURDON,284,DISTRICT ATTORNEY,MARQUETTE,T,SHIELDS
TOWN OF SHIELDS WARDS 1 & 2,_INDEPENDENT_SCATTERING,4,DISTRICT ATTORNEY,MARQUETTE,T,SHIELDS
TOWN OF SPRINGFIELD,_DEMOCRATIC_CHRIS GORDON,165,REPRESENTATIVE TO THE ASSEMBLY DISTRICT 39,MARQUETTE,T,SPRINGFIELD
TOWN OF SPRINGFIELD,_REPUBLICAN_ALEX DALLMAN,370,REPRESENTATIVE TO THE ASSEMBLY DISTRICT 39,MARQUETTE,T,SPRINGFIELD
TOWN OF SPRINGFIELD,_REPUBLICAN_SCATTERING,0,REPRESENTATIVE TO THE ASSEMBLY DISTRICT 39,MARQUETTE,T,SPRINGFIELD
TOWN OF SPRINGFIELD,_INDEPENDENT_CLIFFORD C. BURDON,403,DISTRICT ATTORNEY,MARQUETTE,T,SPRINGFIELD
TOWN OF SPRINGFIELD,_INDEPENDENT_SCATTERING,4,DISTRICT ATTORNEY,MARQUETTE,T,SPRINGFIELD
"TOWN OF WESTFIELD, WARDS 1 & 2",_DEMOCRATIC_CHRIS GORDON,164,REPRESENTATIVE TO THE ASSEMBLY DISTRICT 39,MARQUETTE,T,WESTFIELD
"TOWN OF WESTFIELD, WARDS 1 & 2",_REPUBLICAN_ALEX DALLMAN,344,REPRESENTATIVE TO THE ASSEMBLY DISTRICT 39,MARQUETTE,T,WESTFIELD
"TOWN OF WESTFIELD, WARDS 1 & 2",_REPUBLICAN_SCATTERING,0,REPRESENTATIVE TO THE ASSEMBLY DISTRICT 39,MARQUETTE,T,WESTFIELD
"TOWN OF WESTFIELD, WARDS 1 & 2",_INDEPENDENT_CLIFFORD C. BURDON,403,DISTRICT ATTORNEY,MARQUETTE,T,WESTFIELD
"TOWN OF WESTFIELD, WARDS 1 & 2",_INDEPENDENT_SCATTERING,6,DISTRICT ATTORNEY,MARQUETTE,T,WESTFIELD
VILLAGE OF ENDEAVOR,_DEMOCRATIC_CHRIS GORDON,80,REPRESENTATIVE TO THE ASSEMBLY DISTRICT 39,MARQUETTE,V,ENDEAVOR
VILLAGE OF ENDEAVOR,_REPUBLICAN_ALEX DALLMAN,149,REPRESENTATIVE TO THE ASSEMBLY DISTRICT 39,MARQUETTE,V,ENDEAVOR
VILLAGE OF ENDEAVOR,_REPUBLICAN_SCATTERING,0,REPRESENTATIVE TO THE ASSEMBLY DISTRICT 39,MARQUETTE,V,ENDEAVOR
VILLAGE OF ENDEAVOR,_INDEPENDENT_CLIFFORD C. BURDON,191,DISTRICT ATTORNEY,MARQUETTE,V,ENDEAVOR
VILLAGE OF ENDEAVOR,_INDEPENDENT_SCATTERING,5,DISTRICT ATTORNEY,MARQUETTE,V,ENDEAVOR
VILLAGE OF NESHKORO,_DEMOCRATIC_CHRIS GORDON,76,REPRESENTATIVE TO THE ASSEMBLY DISTRICT 39,MARQUETTE,V,NESHKORO
VILLAGE OF NESHKORO,_REPUBLICAN_ALEX DALLMAN,140,REPRESENTATIVE TO THE ASSEMBLY DISTRICT 39,MARQUETTE,V,NESHKORO
VILLAGE OF NESHKORO,_REPUBLICAN_SCATTERING,1,REPRESENTATIVE TO THE ASSEMBLY DISTRICT 39,MARQUETTE,V,NESHKORO
VILLAGE OF NESHKORO,_INDEPENDENT_CLIFFORD C. BURDON,163,DISTRICT ATTORNEY,MARQUETTE,V,NESHKORO
VILLAGE OF NESHKORO,_INDEPENDENT_SCATTERING,2,DISTRICT ATTORNEY,MARQUETTE,V,NESHKORO
VILLAGE OF OXFORD,_DEMOCRATIC_CHRIS GORDON,101,REPRESENTATIVE TO THE ASSEMBLY DISTRICT 39,MARQUETTE,V,OXFORD
VILLAGE OF OXFORD,_REPUBLICAN_ALEX DALLMAN,200,REPRESENTATIVE TO THE ASSEMBLY DISTRICT 39,MARQUETTE,V,OXFORD
VILLAGE OF OXFORD,_REPUBLICAN_SCATTERING,0,REPRESENTATIVE TO THE ASSEMBLY DISTRICT 39,MARQUETTE,V,OXFORD
VILLAGE OF OXFORD,_INDEPENDENT_CLIFFORD C. BURDON,233,DISTRICT ATTORNEY,MARQUETTE,V,OXFORD
VILLAGE OF OXFORD,_INDEPENDENT_SCATTERING,2,DISTRICT ATTORNEY,MARQUETTE,V,OXFORD
"VILLAGE OF WESTFIELD, WARDS 1, 2, & 3",_DEMOCRATIC_CHRIS GORDON,214,REPRESENTATIVE TO THE ASSEMBLY DISTRICT 39,MARQUETTE,V,WESTFIELD
"VILLAGE OF WESTFIELD, WARDS 1, 2, & 3",_REPUBLICAN_ALEX DALLMAN,361,REPRESENTATIVE TO THE ASSEMBLY DISTRICT 39,MARQUETTE,V,WESTFIELD
"VILLAGE OF WESTFIELD, WARDS 1, 2, & 3",_REPUBLICAN_SCATTERING,0,REPRESENTATIVE TO THE ASSEMBLY DISTRICT 39,MARQUETTE,V,WESTFIELD
"VILLAGE OF WESTFIELD, WARDS 1, 2, & 3",_INDEPENDENT_CLIFFORD C. BURDON,453,DISTRICT ATTORNEY,MARQUETTE,V,WESTFIELD
"VILLAGE OF WESTFIELD, WARDS 1, 2, & 3",_INDEPENDENT_SCATTERING,0,DISTRICT ATTORNEY,MARQUETTE,V,WESTFIELD
"CITY OF MONTELLO, WARDS 1, 2, 3 & 4",_DEMOCRATIC_CHRIS GORDON,315,REPRESENTATIVE TO THE ASSEMBLY DISTRICT 39,MARQUETTE,C,MONTELLO
"CITY OF MONTELLO, WARDS 1, 2, 3 & 4",_REPUBLICAN_ALEX DALLMAN,442,REPRESENTATIVE TO THE ASSEMBLY DISTRICT 39,MARQUETTE,C,MONTELLO
"CITY OF MONTELLO, WARDS 1, 2, 3 & 4",_REPUBLICAN_SCATTERING,0,REPRESENTATIVE TO THE ASSEMBLY DISTRICT 39,MARQUETTE,C,MONTELLO
"CITY OF MONTELLO, WARDS 1, 2, 3 & 4",_INDEPENDENT_CLIFFORD C. BURDON,549,DISTRICT ATTORNEY,MARQUETTE,C,MONTELLO
"CITY OF MONTELLO, WARDS 1, 2, 3 & 4",_INDEPENDENT_SCATTERING,9,DISTRICT ATTORNEY,MARQUETTE,C,MONTELLO
