candidate,contest,reporting_unit,votes,county,ctv,municipality
KAMALA D. HARRIS / TIM WALZ,1) PRESIDENT / VICE PRESIDENT,T CASSIAN W 1-2,NA,ONEIDA,T,CASSIAN
KAMALA D. HARRIS / TIM WALZ,1) PRESIDENT / VICE PRESIDENT,T CRESCENT W 1-3,NA,ONEIDA,T,CRESCENT
KAMALA D. HARRIS / TIM WALZ,1) PRESIDENT / VICE PRESIDENT,T ENTERPRISE W 1,NA,ONEIDA,T,ENTERPRISE
KAMALA D. HARRIS / TIM WALZ,1) PRESIDENT / VICE PRESIDENT,T HAZELHURST W 1-2,NA,ONEIDA,T,HAZELHURST
KAMALA D. HARRIS / TIM WALZ,1) PRESIDENT / VICE PRESIDENT,T LAKE TOMAHAWK W 1-2,NA,ONEIDA,T,LAKE TOMAHAWK
KAMALA D. HARRIS / TIM WALZ,1) PRESIDENT / VICE PRESIDENT,T LITTLE RICE W 1,NA,ONEIDA,T,LITTLE RICE
KAMALA D. HARRIS / TIM WALZ,1) PRESIDENT / VICE PRESIDENT,T LYNNE W 1,NA,ONEIDA,T,LYNNE
KAMALA D. HARRIS / TIM WALZ,1) PRESIDENT / VICE PRESIDENT,T MINOCQUA W 1-7,NA,ONEIDA,T,MINOCQUA
KAMALA D. HARRIS / TIM WALZ,1) PRESIDENT / VICE PRESIDENT,T MONICO W 1,NA,ONEIDA,T,MONICO
KAMALA D. HARRIS / TIM WALZ,1) PRESIDENT / VICE PRESIDENT,T NEWBOLD W 1,NA,ONEIDA,T,NEWBOLD
KAMALA D. HARRIS / TIM WALZ,1) PRESIDENT / VICE PRESIDENT,T NEWBOLD W 2-4,NA,ONEIDA,T,NEWBOLD
KAMALA D. HARRIS / TIM WALZ,1) PRESIDENT / VICE PRESIDENT,T NOKOMIS W 1-2,NA,ONEIDA,T,NOKOMIS
KAMALA D. HARRIS / TIM WALZ,1) PRESIDENT / VICE PRESIDENT,T PELICAN W 1- 4,NA,ONEIDA,T,PELICAN
KAMALA D. HARRIS / TIM WALZ,1) PRESIDENT / VICE PRESIDENT,T PIEHL W 1,NA,ONEIDA,T,PIEHL
KAMALA D. HARRIS / TIM WALZ,1) PRESIDENT / VICE PRESIDENT,T PINE LAKE W 1-4,NA,ONEIDA,T,PINE LAKE
KAMALA D. HARRIS / TIM WALZ,1) PRESIDENT / VICE PRESIDENT,T SCHOEPKE W 1,NA,ONEIDA,T,SCHOEPKE
KAMALA D. HARRIS / TIM WALZ,1) PRESIDENT / VICE PRESIDENT,T STELLA W 1-2,NA,ONEIDA,T,STELLA
KAMALA D. HARRIS / TIM WALZ,1) PRESIDENT / VICE PRESIDENT,T SUGAR CAMP W 1-2,NA,ONEIDA,T,SUGAR CAMP
KAMALA D. HARRIS / TIM WALZ,1) PRESIDENT / VICE PRESIDENT,T THREE LAKES W 1-4,NA,ONEIDA,T,THREE LAKES
KAMALA D. HARRIS / TIM WALZ,1) PRESIDENT / VICE PRESIDENT,T WOODBORO W 1,NA,ONEIDA,T,WOODBORO
KAMALA D. HARRIS / TIM WALZ,1) PRESIDENT / VICE PRESIDENT,T WOODRUFF W 1-3,NA,ONEIDA,T,WOODRUFF
KAMALA D. HARRIS / TIM WALZ,1) PRESIDENT / VICE PRESIDENT,C RHINELANDER W 1-17,NA,ONEIDA,C,RHINELANDER
DONALD J. TRUMP / JD VANCE,1) PRESIDENT / VICE PRESIDENT,T CASSIAN W 1-2,NA,ONEIDA,T,CASSIAN
DONALD J. TRUMP / JD VANCE,1) PRESIDENT / VICE PRESIDENT,T CRESCENT W 1-3,NA,ONEIDA,T,CRESCENT
DONALD J. TRUMP / JD VANCE,1) PRESIDENT / VICE PRESIDENT,T ENTERPRISE W 1,NA,ONEIDA,T,ENTERPRISE
DONALD J. TRUMP / JD VANCE,1) PRESIDENT / VICE PRESIDENT,T HAZELHURST W 1-2,NA,ONEIDA,T,HAZELHURST
DONALD J. TRUMP / JD VANCE,1) PRESIDENT / VICE PRESIDENT,T LAKE TOMAHAWK W 1-2,NA,ONEIDA,T,LAKE TOMAHAWK
DONALD J. TRUMP / JD VANCE,1) PRESIDENT / VICE PRESIDENT,T LITTLE RICE W 1,NA,ONEIDA,T,LITTLE RICE
DONALD J. TRUMP / JD VANCE,1) PRESIDENT / VICE PRESIDENT,T LYNNE W 1,NA,ONEIDA,T,LYNNE
DONALD J. TRUMP / JD VANCE,1) PRESIDENT / VICE PRESIDENT,T MINOCQUA W 1-7,NA,ONEIDA,T,MINOCQUA
DONALD J. TRUMP / JD VANCE,1) PRESIDENT / VICE PRESIDENT,T MONICO W 1,NA,ONEIDA,T,MONICO
DONALD J. TRUMP / JD VANCE,1) PRESIDENT / VICE PRESIDENT,T NEWBOLD W 1,NA,ONEIDA,T,NEWBOLD
DONALD J. TRUMP / JD VANCE,1) PRESIDENT / VICE PRESIDENT,T NEWBOLD W 2-4,NA,ONEIDA,T,NEWBOLD
DONALD J. TRUMP / JD VANCE,1) PRESIDENT / VICE PRESIDENT,T NOKOMIS W 1-2,NA,ONEIDA,T,NOKOMIS
DONALD J. TRUMP / JD VANCE,1) PRESIDENT / VICE PRESIDENT,T PELICAN W 1- 4,NA,ONEIDA,T,PELICAN
DONALD J. TRUMP / JD VANCE,1) PRESIDENT / VICE PRESIDENT,T PIEHL W 1,NA,ONEIDA,T,PIEHL
DONALD J. TRUMP / JD VANCE,1) PRESIDENT / VICE PRESIDENT,T PINE LAKE W 1-4,NA,ONEIDA,T,PINE LAKE
DONALD J. TRUMP / JD VANCE,1) PRESIDENT / VICE PRESIDENT,T SCHOEPKE W 1,NA,ONEIDA,T,SCHOEPKE
DONALD J. TRUMP / JD VANCE,1) PRESIDENT / VICE PRESIDENT,T STELLA W 1-2,NA,ONEIDA,T,STELLA
DONALD J. TRUMP / JD VANCE,1) PRESIDENT / VICE PRESIDENT,T SUGAR CAMP W 1-2,NA,ONEIDA,T,SUGAR CAMP
DONALD J. TRUMP / JD VANCE,1) PRESIDENT / VICE PRESIDENT,T THREE LAKES W 1-4,NA,ONEIDA,T,THREE LAKES
DONALD J. TRUMP / JD VANCE,1) PRESIDENT / VICE PRESIDENT,T WOODBORO W 1,NA,ONEIDA,T,WOODBORO
DONALD J. TRUMP / JD VANCE,1) PRESIDENT / VICE PRESIDENT,T WOODRUFF W 1-3,NA,ONEIDA,T,WOODRUFF
DONALD J. TRUMP / JD VANCE,1) PRESIDENT / VICE PRESIDENT,C RHINELANDER W 1-17,NA,ONEIDA,C,RHINELANDER
RANDALL TERRY / STEPHEN BRODEN,1) PRESIDENT / VICE PRESIDENT,T CASSIAN W 1-2,NA,ONEIDA,T,CASSIAN
RANDALL TERRY / STEPHEN BRODEN,1) PRESIDENT / VICE PRESIDENT,T CRESCENT W 1-3,NA,ONEIDA,T,CRESCENT
RANDALL TERRY / STEPHEN BRODEN,1) PRESIDENT / VICE PRESIDENT,T ENTERPRISE W 1,NA,ONEIDA,T,ENTERPRISE
RANDALL TERRY / STEPHEN BRODEN,1) PRESIDENT / VICE PRESIDENT,T HAZELHURST W 1-2,NA,ONEIDA,T,HAZELHURST
RANDALL TERRY / STEPHEN BRODEN,1) PRESIDENT / VICE PRESIDENT,T LAKE TOMAHAWK W 1-2,NA,ONEIDA,T,LAKE TOMAHAWK
RANDALL TERRY / STEPHEN BRODEN,1) PRESIDENT / VICE PRESIDENT,T LITTLE RICE W 1,NA,ONEIDA,T,LITTLE RICE
RANDALL TERRY / STEPHEN BRODEN,1) PRESIDENT / VICE PRESIDENT,T LYNNE W 1,NA,ONEIDA,T,LYNNE
RANDALL TERRY / STEPHEN BRODEN,1) PRESIDENT / VICE PRESIDENT,T MINOCQUA W 1-7,NA,ONEIDA,T,MINOCQUA
RANDALL TERRY / STEPHEN BRODEN,1) PRESIDENT / VICE PRESIDENT,T MONICO W 1,NA,ONEIDA,T,MONICO
RANDALL TERRY / STEPHEN BRODEN,1) PRESIDENT / VICE PRESIDENT,T NEWBOLD W 1,NA,ONEIDA,T,NEWBOLD
RANDALL TERRY / STEPHEN BRODEN,1) PRESIDENT / VICE PRESIDENT,T NEWBOLD W 2-4,NA,ONEIDA,T,NEWBOLD
RANDALL TERRY / STEPHEN BRODEN,1) PRESIDENT / VICE PRESIDENT,T NOKOMIS W 1-2,NA,ONEIDA,T,NOKOMIS
RANDALL TERRY / STEPHEN BRODEN,1) PRESIDENT / VICE PRESIDENT,T PELICAN W 1- 4,NA,ONEIDA,T,PELICAN
RANDALL TERRY / STEPHEN BRODEN,1) PRESIDENT / VICE PRESIDENT,T PIEHL W 1,NA,ONEIDA,T,PIEHL
RANDALL TERRY / STEPHEN BRODEN,1) PRESIDENT / VICE PRESIDENT,T PINE LAKE W 1-4,NA,ONEIDA,T,PINE LAKE
RANDALL TERRY / STEPHEN BRODEN,1) PRESIDENT / VICE PRESIDENT,T SCHOEPKE W 1,NA,ONEIDA,T,SCHOEPKE
RANDALL TERRY / STEPHEN BRODEN,1) PRESIDENT / VICE PRESIDENT,T STELLA W 1-2,NA,ONEIDA,T,STELLA
RANDALL TERRY / STEPHEN BRODEN,1) PRESIDENT / VICE PRESIDENT,T SUGAR CAMP W 1-2,NA,ONEIDA,T,SUGAR CAMP
RANDALL TERRY / STEPHEN BRODEN,1) PRESIDENT / VICE PRESIDENT,T THREE LAKES W 1-4,NA,ONEIDA,T,THREE LAKES
RANDALL TERRY / STEPHEN BRODEN,1) PRESIDENT / VICE PRESIDENT,T WOODBORO W 1,NA,ONEIDA,T,WOODBORO
RANDALL TERRY / STEPHEN BRODEN,1) PRESIDENT / VICE PRESIDENT,T WOODRUFF W 1-3,NA,ONEIDA,T,WOODRUFF
RANDALL TERRY / STEPHEN BRODEN,1) PRESIDENT / VICE PRESIDENT,C RHINELANDER W 1-17,NA,ONEIDA,C,RHINELANDER
CHASE RUSSELL OLIVER / MIKE TER MAAT,1) PRESIDENT / VICE PRESIDENT,T CASSIAN W 1-2,NA,ONEIDA,T,CASSIAN
CHASE RUSSELL OLIVER / MIKE TER MAAT,1) PRESIDENT / VICE PRESIDENT,T CRESCENT W 1-3,NA,ONEIDA,T,CRESCENT
CHASE RUSSELL OLIVER / MIKE TER MAAT,1) PRESIDENT / VICE PRESIDENT,T ENTERPRISE W 1,NA,ONEIDA,T,ENTERPRISE
CHASE RUSSELL OLIVER / MIKE TER MAAT,1) PRESIDENT / VICE PRESIDENT,T HAZELHURST W 1-2,NA,ONEIDA,T,HAZELHURST
CHASE RUSSELL OLIVER / MIKE TER MAAT,1) PRESIDENT / VICE PRESIDENT,T LAKE TOMAHAWK W 1-2,NA,ONEIDA,T,LAKE TOMAHAWK
CHASE RUSSELL OLIVER / MIKE TER MAAT,1) PRESIDENT / VICE PRESIDENT,T LITTLE RICE W 1,NA,ONEIDA,T,LITTLE RICE
CHASE RUSSELL OLIVER / MIKE TER MAAT,1) PRESIDENT / VICE PRESIDENT,T LYNNE W 1,NA,ONEIDA,T,LYNNE
CHASE RUSSELL OLIVER / MIKE TER MAAT,1) PRESIDENT / VICE PRESIDENT,T MINOCQUA W 1-7,NA,ONEIDA,T,MINOCQUA
CHASE RUSSELL OLIVER / MIKE TER MAAT,1) PRESIDENT / VICE PRESIDENT,T MONICO W 1,NA,ONEIDA,T,MONICO
CHASE RUSSELL OLIVER / MIKE TER MAAT,1) PRESIDENT / VICE PRESIDENT,T NEWBOLD W 1,NA,ONEIDA,T,NEWBOLD
CHASE RUSSELL OLIVER / MIKE TER MAAT,1) PRESIDENT / VICE PRESIDENT,T NEWBOLD W 2-4,NA,ONEIDA,T,NEWBOLD
CHASE RUSSELL OLIVER / MIKE TER MAAT,1) PRESIDENT / VICE PRESIDENT,T NOKOMIS W 1-2,NA,ONEIDA,T,NOKOMIS
CHASE RUSSELL OLIVER / MIKE TER MAAT,1) PRESIDENT / VICE PRESIDENT,T PELICAN W 1- 4,NA,ONEIDA,T,PELICAN
CHASE RUSSELL OLIVER / MIKE TER MAAT,1) PRESIDENT / VICE PRESIDENT,T PIEHL W 1,NA,ONEIDA,T,PIEHL
CHASE RUSSELL OLIVER / MIKE TER MAAT,1) PRESIDENT / VICE PRESIDENT,T PINE LAKE W 1-4,NA,ONEIDA,T,PINE LAKE
CHASE RUSSELL OLIVER / MIKE TER MAAT,1) PRESIDENT / VICE PRESIDENT,T SCHOEPKE W 1,NA,ONEIDA,T,SCHOEPKE
CHASE RUSSELL OLIVER / MIKE TER MAAT,1) PRESIDENT / VICE PRESIDENT,T STELLA W 1-2,NA,ONEIDA,T,STELLA
CHASE RUSSELL OLIVER / MIKE TER MAAT,1) PRESIDENT / VICE PRESIDENT,T SUGAR CAMP W 1-2,NA,ONEIDA,T,SUGAR CAMP
CHASE RUSSELL OLIVER / MIKE TER MAAT,1) PRESIDENT / VICE PRESIDENT,T THREE LAKES W 1-4,NA,ONEIDA,T,THREE LAKES
CHASE RUSSELL OLIVER / MIKE TER MAAT,1) PRESIDENT / VICE PRESIDENT,T WOODBORO W 1,NA,ONEIDA,T,WOODBORO
CHASE RUSSELL OLIVER / MIKE TER MAAT,1) PRESIDENT / VICE PRESIDENT,T WOODRUFF W 1-3,NA,ONEIDA,T,WOODRUFF
CHASE RUSSELL OLIVER / MIKE TER MAAT,1) PRESIDENT / VICE PRESIDENT,C RHINELANDER W 1-17,NA,ONEIDA,C,RHINELANDER
JILL STEIN / RUDOLPH WARE,1) PRESIDENT / VICE PRESIDENT,T CASSIAN W 1-2,NA,ONEIDA,T,CASSIAN
JILL STEIN / RUDOLPH WARE,1) PRESIDENT / VICE PRESIDENT,T CRESCENT W 1-3,NA,ONEIDA,T,CRESCENT
JILL STEIN / RUDOLPH WARE,1) PRESIDENT / VICE PRESIDENT,T ENTERPRISE W 1,NA,ONEIDA,T,ENTERPRISE
JILL STEIN / RUDOLPH WARE,1) PRESIDENT / VICE PRESIDENT,T HAZELHURST W 1-2,NA,ONEIDA,T,HAZELHURST
JILL STEIN / RUDOLPH WARE,1) PRESIDENT / VICE PRESIDENT,T LAKE TOMAHAWK W 1-2,NA,ONEIDA,T,LAKE TOMAHAWK
JILL STEIN / RUDOLPH WARE,1) PRESIDENT / VICE PRESIDENT,T LITTLE RICE W 1,NA,ONEIDA,T,LITTLE RICE
JILL STEIN / RUDOLPH WARE,1) PRESIDENT / VICE PRESIDENT,T LYNNE W 1,NA,ONEIDA,T,LYNNE
JILL STEIN / RUDOLPH WARE,1) PRESIDENT / VICE PRESIDENT,T MINOCQUA W 1-7,NA,ONEIDA,T,MINOCQUA
JILL STEIN / RUDOLPH WARE,1) PRESIDENT / VICE PRESIDENT,T MONICO W 1,NA,ONEIDA,T,MONICO
JILL STEIN / RUDOLPH WARE,1) PRESIDENT / VICE PRESIDENT,T NEWBOLD W 1,NA,ONEIDA,T,NEWBOLD
JILL STEIN / RUDOLPH WARE,1) PRESIDENT / VICE PRESIDENT,T NEWBOLD W 2-4,NA,ONEIDA,T,NEWBOLD
JILL STEIN / RUDOLPH WARE,1) PRESIDENT / VICE PRESIDENT,T NOKOMIS W 1-2,NA,ONEIDA,T,NOKOMIS
JILL STEIN / RUDOLPH WARE,1) PRESIDENT / VICE PRESIDENT,T PELICAN W 1- 4,NA,ONEIDA,T,PELICAN
JILL STEIN / RUDOLPH WARE,1) PRESIDENT / VICE PRESIDENT,T PIEHL W 1,NA,ONEIDA,T,PIEHL
JILL STEIN / RUDOLPH WARE,1) PRESIDENT / VICE PRESIDENT,T PINE LAKE W 1-4,NA,ONEIDA,T,PINE LAKE
JILL STEIN / RUDOLPH WARE,1) PRESIDENT / VICE PRESIDENT,T SCHOEPKE W 1,NA,ONEIDA,T,SCHOEPKE
JILL STEIN / RUDOLPH WARE,1) PRESIDENT / VICE PRESIDENT,T STELLA W 1-2,NA,ONEIDA,T,STELLA
JILL STEIN / RUDOLPH WARE,1) PRESIDENT / VICE PRESIDENT,T SUGAR CAMP W 1-2,NA,ONEIDA,T,SUGAR CAMP
JILL STEIN / RUDOLPH WARE,1) PRESIDENT / VICE PRESIDENT,T THREE LAKES W 1-4,NA,ONEIDA,T,THREE LAKES
JILL STEIN / RUDOLPH WARE,1) PRESIDENT / VICE PRESIDENT,T WOODBORO W 1,NA,ONEIDA,T,WOODBORO
JILL STEIN / RUDOLPH WARE,1) PRESIDENT / VICE PRESIDENT,T WOODRUFF W 1-3,NA,ONEIDA,T,WOODRUFF
JILL STEIN / RUDOLPH WARE,1) PRESIDENT / VICE PRESIDENT,C RHINELANDER W 1-17,NA,ONEIDA,C,RHINELANDER
CLAUDIA DE LA CRUZ / KARINA GARCIA,1) PRESIDENT / VICE PRESIDENT,T CASSIAN W 1-2,NA,ONEIDA,T,CASSIAN
CLAUDIA DE LA CRUZ / KARINA GARCIA,1) PRESIDENT / VICE PRESIDENT,T CRESCENT W 1-3,NA,ONEIDA,T,CRESCENT
CLAUDIA DE LA CRUZ / KARINA GARCIA,1) PRESIDENT / VICE PRESIDENT,T ENTERPRISE W 1,NA,ONEIDA,T,ENTERPRISE
CLAUDIA DE LA CRUZ / KARINA GARCIA,1) PRESIDENT / VICE PRESIDENT,T HAZELHURST W 1-2,NA,ONEIDA,T,HAZELHURST
CLAUDIA DE LA CRUZ / KARINA GARCIA,1) PRESIDENT / VICE PRESIDENT,T LAKE TOMAHAWK W 1-2,NA,ONEIDA,T,LAKE TOMAHAWK
CLAUDIA DE LA CRUZ / KARINA GARCIA,1) PRESIDENT / VICE PRESIDENT,T LITTLE RICE W 1,NA,ONEIDA,T,LITTLE RICE
CLAUDIA DE LA CRUZ / KARINA GARCIA,1) PRESIDENT / VICE PRESIDENT,T LYNNE W 1,NA,ONEIDA,T,LYNNE
CLAUDIA DE LA CRUZ / KARINA GARCIA,1) PRESIDENT / VICE PRESIDENT,T MINOCQUA W 1-7,NA,ONEIDA,T,MINOCQUA
CLAUDIA DE LA CRUZ / KARINA GARCIA,1) PRESIDENT / VICE PRESIDENT,T MONICO W 1,NA,ONEIDA,T,MONICO
CLAUDIA DE LA CRUZ / KARINA GARCIA,1) PRESIDENT / VICE PRESIDENT,T NEWBOLD W 1,NA,ONEIDA,T,NEWBOLD
CLAUDIA DE LA CRUZ / KARINA GARCIA,1) PRESIDENT / VICE PRESIDENT,T NEWBOLD W 2-4,NA,ONEIDA,T,NEWBOLD
CLAUDIA DE LA CRUZ / KARINA GARCIA,1) PRESIDENT / VICE PRESIDENT,T NOKOMIS W 1-2,NA,ONEIDA,T,NOKOMIS
CLAUDIA DE LA CRUZ / KARINA GARCIA,1) PRESIDENT / VICE PRESIDENT,T PELICAN W 1- 4,NA,ONEIDA,T,PELICAN
CLAUDIA DE LA CRUZ / KARINA GARCIA,1) PRESIDENT / VICE PRESIDENT,T PIEHL W 1,NA,ONEIDA,T,PIEHL
CLAUDIA DE LA CRUZ / KARINA GARCIA,1) PRESIDENT / VICE PRESIDENT,T PINE LAKE W 1-4,NA,ONEIDA,T,PINE LAKE
CLAUDIA DE LA CRUZ / KARINA GARCIA,1) PRESIDENT / VICE PRESIDENT,T SCHOEPKE W 1,NA,ONEIDA,T,SCHOEPKE
CLAUDIA DE LA CRUZ / KARINA GARCIA,1) PRESIDENT / VICE PRESIDENT,T STELLA W 1-2,NA,ONEIDA,T,STELLA
CLAUDIA DE LA CRUZ / KARINA GARCIA,1) PRESIDENT / VICE PRESIDENT,T SUGAR CAMP W 1-2,NA,ONEIDA,T,SUGAR CAMP
CLAUDIA DE LA CRUZ / KARINA GARCIA,1) PRESIDENT / VICE PRESIDENT,T THREE LAKES W 1-4,NA,ONEIDA,T,THREE LAKES
CLAUDIA DE LA CRUZ / KARINA GARCIA,1) PRESIDENT / VICE PRESIDENT,T WOODBORO W 1,NA,ONEIDA,T,WOODBORO
CLAUDIA DE LA CRUZ / KARINA GARCIA,1) PRESIDENT / VICE PRESIDENT,T WOODRUFF W 1-3,NA,ONEIDA,T,WOODRUFF
CLAUDIA DE LA CRUZ / KARINA GARCIA,1) PRESIDENT / VICE PRESIDENT,C RHINELANDER W 1-17,NA,ONEIDA,C,RHINELANDER
CORNEL WEST / MELINA ABDULLAH,1) PRESIDENT / VICE PRESIDENT,T CASSIAN W 1-2,NA,ONEIDA,T,CASSIAN
CORNEL WEST / MELINA ABDULLAH,1) PRESIDENT / VICE PRESIDENT,T CRESCENT W 1-3,NA,ONEIDA,T,CRESCENT
CORNEL WEST / MELINA ABDULLAH,1) PRESIDENT / VICE PRESIDENT,T ENTERPRISE W 1,NA,ONEIDA,T,ENTERPRISE
CORNEL WEST / MELINA ABDULLAH,1) PRESIDENT / VICE PRESIDENT,T HAZELHURST W 1-2,NA,ONEIDA,T,HAZELHURST
CORNEL WEST / MELINA ABDULLAH,1) PRESIDENT / VICE PRESIDENT,T LAKE TOMAHAWK W 1-2,NA,ONEIDA,T,LAKE TOMAHAWK
CORNEL WEST / MELINA ABDULLAH,1) PRESIDENT / VICE PRESIDENT,T LITTLE RICE W 1,NA,ONEIDA,T,LITTLE RICE
CORNEL WEST / MELINA ABDULLAH,1) PRESIDENT / VICE PRESIDENT,T LYNNE W 1,NA,ONEIDA,T,LYNNE
CORNEL WEST / MELINA ABDULLAH,1) PRESIDENT / VICE PRESIDENT,T MINOCQUA W 1-7,NA,ONEIDA,T,MINOCQUA
CORNEL WEST / MELINA ABDULLAH,1) PRESIDENT / VICE PRESIDENT,T MONICO W 1,NA,ONEIDA,T,MONICO
CORNEL WEST / MELINA ABDULLAH,1) PRESIDENT / VICE PRESIDENT,T NEWBOLD W 1,NA,ONEIDA,T,NEWBOLD
CORNEL WEST / MELINA ABDULLAH,1) PRESIDENT / VICE PRESIDENT,T NEWBOLD W 2-4,NA,ONEIDA,T,NEWBOLD
CORNEL WEST / MELINA ABDULLAH,1) PRESIDENT / VICE PRESIDENT,T NOKOMIS W 1-2,NA,ONEIDA,T,NOKOMIS
CORNEL WEST / MELINA ABDULLAH,1) PRESIDENT / VICE PRESIDENT,T PELICAN W 1- 4,NA,ONEIDA,T,PELICAN
CORNEL WEST / MELINA ABDULLAH,1) PRESIDENT / VICE PRESIDENT,T PIEHL W 1,NA,ONEIDA,T,PIEHL
CORNEL WEST / MELINA ABDULLAH,1) PRESIDENT / VICE PRESIDENT,T PINE LAKE W 1-4,NA,ONEIDA,T,PINE LAKE
CORNEL WEST / MELINA ABDULLAH,1) PRESIDENT / VICE PRESIDENT,T SCHOEPKE W 1,NA,ONEIDA,T,SCHOEPKE
CORNEL WEST / MELINA ABDULLAH,1) PRESIDENT / VICE PRESIDENT,T STELLA W 1-2,NA,ONEIDA,T,STELLA
CORNEL WEST / MELINA ABDULLAH,1) PRESIDENT / VICE PRESIDENT,T SUGAR CAMP W 1-2,NA,ONEIDA,T,SUGAR CAMP
CORNEL WEST / MELINA ABDULLAH,1) PRESIDENT / VICE PRESIDENT,T THREE LAKES W 1-4,NA,ONEIDA,T,THREE LAKES
CORNEL WEST / MELINA ABDULLAH,1) PRESIDENT / VICE PRESIDENT,T WOODBORO W 1,NA,ONEIDA,T,WOODBORO
CORNEL WEST / MELINA ABDULLAH,1) PRESIDENT / VICE PRESIDENT,T WOODRUFF W 1-3,NA,ONEIDA,T,WOODRUFF
CORNEL WEST / MELINA ABDULLAH,1) PRESIDENT / VICE PRESIDENT,C RHINELANDER W 1-17,NA,ONEIDA,C,RHINELANDER
ROBERT F. KENNEDY JR. / NICOLE SHANAHAN,1) PRESIDENT / VICE PRESIDENT,T CASSIAN W 1-2,NA,ONEIDA,T,CASSIAN
ROBERT F. KENNEDY JR. / NICOLE SHANAHAN,1) PRESIDENT / VICE PRESIDENT,T CRESCENT W 1-3,NA,ONEIDA,T,CRESCENT
ROBERT F. KENNEDY JR. / NICOLE SHANAHAN,1) PRESIDENT / VICE PRESIDENT,T ENTERPRISE W 1,NA,ONEIDA,T,ENTERPRISE
ROBERT F. KENNEDY JR. / NICOLE SHANAHAN,1) PRESIDENT / VICE PRESIDENT,T HAZELHURST W 1-2,NA,ONEIDA,T,HAZELHURST
ROBERT F. KENNEDY JR. / NICOLE SHANAHAN,1) PRESIDENT / VICE PRESIDENT,T LAKE TOMAHAWK W 1-2,NA,ONEIDA,T,LAKE TOMAHAWK
ROBERT F. KENNEDY JR. / NICOLE SHANAHAN,1) PRESIDENT / VICE PRESIDENT,T LITTLE RICE W 1,NA,ONEIDA,T,LITTLE RICE
ROBERT F. KENNEDY JR. / NICOLE SHANAHAN,1) PRESIDENT / VICE PRESIDENT,T LYNNE W 1,NA,ONEIDA,T,LYNNE
ROBERT F. KENNEDY JR. / NICOLE SHANAHAN,1) PRESIDENT / VICE PRESIDENT,T MINOCQUA W 1-7,NA,ONEIDA,T,MINOCQUA
ROBERT F. KENNEDY JR. / NICOLE SHANAHAN,1) PRESIDENT / VICE PRESIDENT,T MONICO W 1,NA,ONEIDA,T,MONICO
ROBERT F. KENNEDY JR. / NICOLE SHANAHAN,1) PRESIDENT / VICE PRESIDENT,T NEWBOLD W 1,NA,ONEIDA,T,NEWBOLD
ROBERT F. KENNEDY JR. / NICOLE SHANAHAN,1) PRESIDENT / VICE PRESIDENT,T NEWBOLD W 2-4,NA,ONEIDA,T,NEWBOLD
ROBERT F. KENNEDY JR. / NICOLE SHANAHAN,1) PRESIDENT / VICE PRESIDENT,T NOKOMIS W 1-2,NA,ONEIDA,T,NOKOMIS
ROBERT F. KENNEDY JR. / NICOLE SHANAHAN,1) PRESIDENT / VICE PRESIDENT,T PELICAN W 1- 4,NA,ONEIDA,T,PELICAN
ROBERT F. KENNEDY JR. / NICOLE SHANAHAN,1) PRESIDENT / VICE PRESIDENT,T PIEHL W 1,NA,ONEIDA,T,PIEHL
ROBERT F. KENNEDY JR. / NICOLE SHANAHAN,1) PRESIDENT / VICE PRESIDENT,T PINE LAKE W 1-4,NA,ONEIDA,T,PINE LAKE
ROBERT F. KENNEDY JR. / NICOLE SHANAHAN,1) PRESIDENT / VICE PRESIDENT,T SCHOEPKE W 1,NA,ONEIDA,T,SCHOEPKE
ROBERT F. KENNEDY JR. / NICOLE SHANAHAN,1) PRESIDENT / VICE PRESIDENT,T STELLA W 1-2,NA,ONEIDA,T,STELLA
ROBERT F. KENNEDY JR. / NICOLE SHANAHAN,1) PRESIDENT / VICE PRESIDENT,T SUGAR CAMP W 1-2,NA,ONEIDA,T,SUGAR CAMP
ROBERT F. KENNEDY JR. / NICOLE SHANAHAN,1) PRESIDENT / VICE PRESIDENT,T THREE LAKES W 1-4,NA,ONEIDA,T,THREE LAKES
ROBERT F. KENNEDY JR. / NICOLE SHANAHAN,1) PRESIDENT / VICE PRESIDENT,T WOODBORO W 1,NA,ONEIDA,T,WOODBORO
ROBERT F. KENNEDY JR. / NICOLE SHANAHAN,1) PRESIDENT / VICE PRESIDENT,T WOODRUFF W 1-3,NA,ONEIDA,T,WOODRUFF
ROBERT F. KENNEDY JR. / NICOLE SHANAHAN,1) PRESIDENT / VICE PRESIDENT,C RHINELANDER W 1-17,NA,ONEIDA,C,RHINELANDER
PETER SONSKI / LAUREN ONAK (WRITE-IN),1) PRESIDENT / VICE PRESIDENT,T CASSIAN W 1-2,NA,ONEIDA,T,CASSIAN
PETER SONSKI / LAUREN ONAK (WRITE-IN),1) PRESIDENT / VICE PRESIDENT,T CRESCENT W 1-3,NA,ONEIDA,T,CRESCENT
PETER SONSKI / LAUREN ONAK (WRITE-IN),1) PRESIDENT / VICE PRESIDENT,T ENTERPRISE W 1,NA,ONEIDA,T,ENTERPRISE
PETER SONSKI / LAUREN ONAK (WRITE-IN),1) PRESIDENT / VICE PRESIDENT,T HAZELHURST W 1-2,NA,ONEIDA,T,HAZELHURST
PETER SONSKI / LAUREN ONAK (WRITE-IN),1) PRESIDENT / VICE PRESIDENT,T LAKE TOMAHAWK W 1-2,NA,ONEIDA,T,LAKE TOMAHAWK
PETER SONSKI / LAUREN ONAK (WRITE-IN),1) PRESIDENT / VICE PRESIDENT,T LITTLE RICE W 1,NA,ONEIDA,T,LITTLE RICE
PETER SONSKI / LAUREN ONAK (WRITE-IN),1) PRESIDENT / VICE PRESIDENT,T LYNNE W 1,NA,ONEIDA,T,LYNNE
PETER SONSKI / LAUREN ONAK (WRITE-IN),1) PRESIDENT / VICE PRESIDENT,T MINOCQUA W 1-7,NA,ONEIDA,T,MINOCQUA
PETER SONSKI / LAUREN ONAK (WRITE-IN),1) PRESIDENT / VICE PRESIDENT,T MONICO W 1,NA,ONEIDA,T,MONICO
PETER SONSKI / LAUREN ONAK (WRITE-IN),1) PRESIDENT / VICE PRESIDENT,T NEWBOLD W 1,NA,ONEIDA,T,NEWBOLD
PETER SONSKI / LAUREN ONAK (WRITE-IN),1) PRESIDENT / VICE PRESIDENT,T NEWBOLD W 2-4,NA,ONEIDA,T,NEWBOLD
PETER SONSKI / LAUREN ONAK (WRITE-IN),1) PRESIDENT / VICE PRESIDENT,T NOKOMIS W 1-2,NA,ONEIDA,T,NOKOMIS
PETER SONSKI / LAUREN ONAK (WRITE-IN),1) PRESIDENT / VICE PRESIDENT,T PELICAN W 1- 4,NA,ONEIDA,T,PELICAN
PETER SONSKI / LAUREN ONAK (WRITE-IN),1) PRESIDENT / VICE PRESIDENT,T PIEHL W 1,NA,ONEIDA,T,PIEHL
PETER SONSKI / LAUREN ONAK (WRITE-IN),1) PRESIDENT / VICE PRESIDENT,T PINE LAKE W 1-4,NA,ONEIDA,T,PINE LAKE
PETER SONSKI / LAUREN ONAK (WRITE-IN),1) PRESIDENT / VICE PRESIDENT,T SCHOEPKE W 1,NA,ONEIDA,T,SCHOEPKE
PETER SONSKI / LAUREN ONAK (WRITE-IN),1) PRESIDENT / VICE PRESIDENT,T STELLA W 1-2,NA,ONEIDA,T,STELLA
PETER SONSKI / LAUREN ONAK (WRITE-IN),1) PRESIDENT / VICE PRESIDENT,T SUGAR CAMP W 1-2,NA,ONEIDA,T,SUGAR CAMP
PETER SONSKI / LAUREN ONAK (WRITE-IN),1) PRESIDENT / VICE PRESIDENT,T THREE LAKES W 1-4,NA,ONEIDA,T,THREE LAKES
PETER SONSKI / LAUREN ONAK (WRITE-IN),1) PRESIDENT / VICE PRESIDENT,T WOODBORO W 1,NA,ONEIDA,T,WOODBORO
PETER SONSKI / LAUREN ONAK (WRITE-IN),1) PRESIDENT / VICE PRESIDENT,T WOODRUFF W 1-3,NA,ONEIDA,T,WOODRUFF
PETER SONSKI / LAUREN ONAK (WRITE-IN),1) PRESIDENT / VICE PRESIDENT,C RHINELANDER W 1-17,NA,ONEIDA,C,RHINELANDER
CHERUNDA LYNN FOX (WRITE-IN),1) PRESIDENT / VICE PRESIDENT,T CASSIAN W 1-2,NA,ONEIDA,T,CASSIAN
CHERUNDA LYNN FOX (WRITE-IN),1) PRESIDENT / VICE PRESIDENT,T CRESCENT W 1-3,NA,ONEIDA,T,CRESCENT
CHERUNDA LYNN FOX (WRITE-IN),1) PRESIDENT / VICE PRESIDENT,T ENTERPRISE W 1,NA,ONEIDA,T,ENTERPRISE
CHERUNDA LYNN FOX (WRITE-IN),1) PRESIDENT / VICE PRESIDENT,T HAZELHURST W 1-2,NA,ONEIDA,T,HAZELHURST
CHERUNDA LYNN FOX (WRITE-IN),1) PRESIDENT / VICE PRESIDENT,T LAKE TOMAHAWK W 1-2,NA,ONEIDA,T,LAKE TOMAHAWK
CHERUNDA LYNN FOX (WRITE-IN),1) PRESIDENT / VICE PRESIDENT,T LITTLE RICE W 1,NA,ONEIDA,T,LITTLE RICE
CHERUNDA LYNN FOX (WRITE-IN),1) PRESIDENT / VICE PRESIDENT,T LYNNE W 1,NA,ONEIDA,T,LYNNE
CHERUNDA LYNN FOX (WRITE-IN),1) PRESIDENT / VICE PRESIDENT,T MINOCQUA W 1-7,NA,ONEIDA,T,MINOCQUA
CHERUNDA LYNN FOX (WRITE-IN),1) PRESIDENT / VICE PRESIDENT,T MONICO W 1,NA,ONEIDA,T,MONICO
CHERUNDA LYNN FOX (WRITE-IN),1) PRESIDENT / VICE PRESIDENT,T NEWBOLD W 1,NA,ONEIDA,T,NEWBOLD
CHERUNDA LYNN FOX (WRITE-IN),1) PRESIDENT / VICE PRESIDENT,T NEWBOLD W 2-4,NA,ONEIDA,T,NEWBOLD
CHERUNDA LYNN FOX (WRITE-IN),1) PRESIDENT / VICE PRESIDENT,T NOKOMIS W 1-2,NA,ONEIDA,T,NOKOMIS
CHERUNDA LYNN FOX (WRITE-IN),1) PRESIDENT / VICE PRESIDENT,T PELICAN W 1- 4,NA,ONEIDA,T,PELICAN
CHERUNDA LYNN FOX (WRITE-IN),1) PRESIDENT / VICE PRESIDENT,T PIEHL W 1,NA,ONEIDA,T,PIEHL
CHERUNDA LYNN FOX (WRITE-IN),1) PRESIDENT / VICE PRESIDENT,T PINE LAKE W 1-4,NA,ONEIDA,T,PINE LAKE
CHERUNDA LYNN FOX (WRITE-IN),1) PRESIDENT / VICE PRESIDENT,T SCHOEPKE W 1,NA,ONEIDA,T,SCHOEPKE
CHERUNDA LYNN FOX (WRITE-IN),1) PRESIDENT / VICE PRESIDENT,T STELLA W 1-2,NA,ONEIDA,T,STELLA
CHERUNDA LYNN FOX (WRITE-IN),1) PRESIDENT / VICE PRESIDENT,T SUGAR CAMP W 1-2,NA,ONEIDA,T,SUGAR CAMP
CHERUNDA LYNN FOX (WRITE-IN),1) PRESIDENT / VICE PRESIDENT,T THREE LAKES W 1-4,NA,ONEIDA,T,THREE LAKES
CHERUNDA LYNN FOX (WRITE-IN),1) PRESIDENT / VICE PRESIDENT,T WOODBORO W 1,NA,ONEIDA,T,WOODBORO
CHERUNDA LYNN FOX (WRITE-IN),1) PRESIDENT / VICE PRESIDENT,T WOODRUFF W 1-3,NA,ONEIDA,T,WOODRUFF
CHERUNDA LYNN FOX (WRITE-IN),1) PRESIDENT / VICE PRESIDENT,C RHINELANDER W 1-17,NA,ONEIDA,C,RHINELANDER
BRIAN KIENITZ (WRITE-IN),1) PRESIDENT / VICE PRESIDENT,T CASSIAN W 1-2,NA,ONEIDA,T,CASSIAN
BRIAN KIENITZ (WRITE-IN),1) PRESIDENT / VICE PRESIDENT,T CRESCENT W 1-3,NA,ONEIDA,T,CRESCENT
BRIAN KIENITZ (WRITE-IN),1) PRESIDENT / VICE PRESIDENT,T ENTERPRISE W 1,NA,ONEIDA,T,ENTERPRISE
BRIAN KIENITZ (WRITE-IN),1) PRESIDENT / VICE PRESIDENT,T HAZELHURST W 1-2,NA,ONEIDA,T,HAZELHURST
BRIAN KIENITZ (WRITE-IN),1) PRESIDENT / VICE PRESIDENT,T LAKE TOMAHAWK W 1-2,NA,ONEIDA,T,LAKE TOMAHAWK
BRIAN KIENITZ (WRITE-IN),1) PRESIDENT / VICE PRESIDENT,T LITTLE RICE W 1,NA,ONEIDA,T,LITTLE RICE
BRIAN KIENITZ (WRITE-IN),1) PRESIDENT / VICE PRESIDENT,T LYNNE W 1,NA,ONEIDA,T,LYNNE
BRIAN KIENITZ (WRITE-IN),1) PRESIDENT / VICE PRESIDENT,T MINOCQUA W 1-7,NA,ONEIDA,T,MINOCQUA
BRIAN KIENITZ (WRITE-IN),1) PRESIDENT / VICE PRESIDENT,T MONICO W 1,NA,ONEIDA,T,MONICO
BRIAN KIENITZ (WRITE-IN),1) PRESIDENT / VICE PRESIDENT,T NEWBOLD W 1,NA,ONEIDA,T,NEWBOLD
BRIAN KIENITZ (WRITE-IN),1) PRESIDENT / VICE PRESIDENT,T NEWBOLD W 2-4,NA,ONEIDA,T,NEWBOLD
BRIAN KIENITZ (WRITE-IN),1) PRESIDENT / VICE PRESIDENT,T NOKOMIS W 1-2,NA,ONEIDA,T,NOKOMIS
BRIAN KIENITZ (WRITE-IN),1) PRESIDENT / VICE PRESIDENT,T PELICAN W 1- 4,NA,ONEIDA,T,PELICAN
BRIAN KIENITZ (WRITE-IN),1) PRESIDENT / VICE PRESIDENT,T PIEHL W 1,NA,ONEIDA,T,PIEHL
BRIAN KIENITZ (WRITE-IN),1) PRESIDENT / VICE PRESIDENT,T PINE LAKE W 1-4,NA,ONEIDA,T,PINE LAKE
BRIAN KIENITZ (WRITE-IN),1) PRESIDENT / VICE PRESIDENT,T SCHOEPKE W 1,NA,ONEIDA,T,SCHOEPKE
BRIAN KIENITZ (WRITE-IN),1) PRESIDENT / VICE PRESIDENT,T STELLA W 1-2,NA,ONEIDA,T,STELLA
BRIAN KIENITZ (WRITE-IN),1) PRESIDENT / VICE PRESIDENT,T SUGAR CAMP W 1-2,NA,ONEIDA,T,SUGAR CAMP
BRIAN KIENITZ (WRITE-IN),1) PRESIDENT / VICE PRESIDENT,T THREE LAKES W 1-4,NA,ONEIDA,T,THREE LAKES
BRIAN KIENITZ (WRITE-IN),1) PRESIDENT / VICE PRESIDENT,T WOODBORO W 1,NA,ONEIDA,T,WOODBORO
BRIAN KIENITZ (WRITE-IN),1) PRESIDENT / VICE PRESIDENT,T WOODRUFF W 1-3,NA,ONEIDA,T,WOODRUFF
BRIAN KIENITZ (WRITE-IN),1) PRESIDENT / VICE PRESIDENT,C RHINELANDER W 1-17,NA,ONEIDA,C,RHINELANDER
DOUG JENKINS / KIMBERLY LALONDE (WRITE-IN),1) PRESIDENT / VICE PRESIDENT,T CASSIAN W 1-2,NA,ONEIDA,T,CASSIAN
DOUG JENKINS / KIMBERLY LALONDE (WRITE-IN),1) PRESIDENT / VICE PRESIDENT,T CRESCENT W 1-3,NA,ONEIDA,T,CRESCENT
DOUG JENKINS / KIMBERLY LALONDE (WRITE-IN),1) PRESIDENT / VICE PRESIDENT,T ENTERPRISE W 1,NA,ONEIDA,T,ENTERPRISE
DOUG JENKINS / KIMBERLY LALONDE (WRITE-IN),1) PRESIDENT / VICE PRESIDENT,T HAZELHURST W 1-2,NA,ONEIDA,T,HAZELHURST
DOUG JENKINS / KIMBERLY LALONDE (WRITE-IN),1) PRESIDENT / VICE PRESIDENT,T LAKE TOMAHAWK W 1-2,NA,ONEIDA,T,LAKE TOMAHAWK
DOUG JENKINS / KIMBERLY LALONDE (WRITE-IN),1) PRESIDENT / VICE PRESIDENT,T LITTLE RICE W 1,NA,ONEIDA,T,LITTLE RICE
DOUG JENKINS / KIMBERLY LALONDE (WRITE-IN),1) PRESIDENT / VICE PRESIDENT,T LYNNE W 1,NA,ONEIDA,T,LYNNE
DOUG JENKINS / KIMBERLY LALONDE (WRITE-IN),1) PRESIDENT / VICE PRESIDENT,T MINOCQUA W 1-7,NA,ONEIDA,T,MINOCQUA
DOUG JENKINS / KIMBERLY LALONDE (WRITE-IN),1) PRESIDENT / VICE PRESIDENT,T MONICO W 1,NA,ONEIDA,T,MONICO
DOUG JENKINS / KIMBERLY LALONDE (WRITE-IN),1) PRESIDENT / VICE PRESIDENT,T NEWBOLD W 1,NA,ONEIDA,T,NEWBOLD
DOUG JENKINS / KIMBERLY LALONDE (WRITE-IN),1) PRESIDENT / VICE PRESIDENT,T NEWBOLD W 2-4,NA,ONEIDA,T,NEWBOLD
DOUG JENKINS / KIMBERLY LALONDE (WRITE-IN),1) PRESIDENT / VICE PRESIDENT,T NOKOMIS W 1-2,NA,ONEIDA,T,NOKOMIS
DOUG JENKINS / KIMBERLY LALONDE (WRITE-IN),1) PRESIDENT / VICE PRESIDENT,T PELICAN W 1- 4,NA,ONEIDA,T,PELICAN
DOUG JENKINS / KIMBERLY LALONDE (WRITE-IN),1) PRESIDENT / VICE PRESIDENT,T PIEHL W 1,NA,ONEIDA,T,PIEHL
DOUG JENKINS / KIMBERLY LALONDE (WRITE-IN),1) PRESIDENT / VICE PRESIDENT,T PINE LAKE W 1-4,NA,ONEIDA,T,PINE LAKE
DOUG JENKINS / KIMBERLY LALONDE (WRITE-IN),1) PRESIDENT / VICE PRESIDENT,T SCHOEPKE W 1,NA,ONEIDA,T,SCHOEPKE
DOUG JENKINS / KIMBERLY LALONDE (WRITE-IN),1) PRESIDENT / VICE PRESIDENT,T STELLA W 1-2,NA,ONEIDA,T,STELLA
DOUG JENKINS / KIMBERLY LALONDE (WRITE-IN),1) PRESIDENT / VICE PRESIDENT,T SUGAR CAMP W 1-2,NA,ONEIDA,T,SUGAR CAMP
DOUG JENKINS / KIMBERLY LALONDE (WRITE-IN),1) PRESIDENT / VICE PRESIDENT,T THREE LAKES W 1-4,NA,ONEIDA,T,THREE LAKES
DOUG JENKINS / KIMBERLY LALONDE (WRITE-IN),1) PRESIDENT / VICE PRESIDENT,T WOODBORO W 1,NA,ONEIDA,T,WOODBORO
DOUG JENKINS / KIMBERLY LALONDE (WRITE-IN),1) PRESIDENT / VICE PRESIDENT,T WOODRUFF W 1-3,NA,ONEIDA,T,WOODRUFF
DOUG JENKINS / KIMBERLY LALONDE (WRITE-IN),1) PRESIDENT / VICE PRESIDENT,C RHINELANDER W 1-17,NA,ONEIDA,C,RHINELANDER
FUTURE MADAM POTUS / JESSICA KENNEDY (WRITE-IN),1) PRESIDENT / VICE PRESIDENT,T CASSIAN W 1-2,NA,ONEIDA,T,CASSIAN
FUTURE MADAM POTUS / JESSICA KENNEDY (WRITE-IN),1) PRESIDENT / VICE PRESIDENT,T CRESCENT W 1-3,NA,ONEIDA,T,CRESCENT
FUTURE MADAM POTUS / JESSICA KENNEDY (WRITE-IN),1) PRESIDENT / VICE PRESIDENT,T ENTERPRISE W 1,NA,ONEIDA,T,ENTERPRISE
FUTURE MADAM POTUS / JESSICA KENNEDY (WRITE-IN),1) PRESIDENT / VICE PRESIDENT,T HAZELHURST W 1-2,NA,ONEIDA,T,HAZELHURST
FUTURE MADAM POTUS / JESSICA KENNEDY (WRITE-IN),1) PRESIDENT / VICE PRESIDENT,T LAKE TOMAHAWK W 1-2,NA,ONEIDA,T,LAKE TOMAHAWK
FUTURE MADAM POTUS / JESSICA KENNEDY (WRITE-IN),1) PRESIDENT / VICE PRESIDENT,T LITTLE RICE W 1,NA,ONEIDA,T,LITTLE RICE
FUTURE MADAM POTUS / JESSICA KENNEDY (WRITE-IN),1) PRESIDENT / VICE PRESIDENT,T LYNNE W 1,NA,ONEIDA,T,LYNNE
FUTURE MADAM POTUS / JESSICA KENNEDY (WRITE-IN),1) PRESIDENT / VICE PRESIDENT,T MINOCQUA W 1-7,NA,ONEIDA,T,MINOCQUA
FUTURE MADAM POTUS / JESSICA KENNEDY (WRITE-IN),1) PRESIDENT / VICE PRESIDENT,T MONICO W 1,NA,ONEIDA,T,MONICO
FUTURE MADAM POTUS / JESSICA KENNEDY (WRITE-IN),1) PRESIDENT / VICE PRESIDENT,T NEWBOLD W 1,NA,ONEIDA,T,NEWBOLD
FUTURE MADAM POTUS / JESSICA KENNEDY (WRITE-IN),1) PRESIDENT / VICE PRESIDENT,T NEWBOLD W 2-4,NA,ONEIDA,T,NEWBOLD
FUTURE MADAM POTUS / JESSICA KENNEDY (WRITE-IN),1) PRESIDENT / VICE PRESIDENT,T NOKOMIS W 1-2,NA,ONEIDA,T,NOKOMIS
FUTURE MADAM POTUS / JESSICA KENNEDY (WRITE-IN),1) PRESIDENT / VICE PRESIDENT,T PELICAN W 1- 4,NA,ONEIDA,T,PELICAN
FUTURE MADAM POTUS / JESSICA KENNEDY (WRITE-IN),1) PRESIDENT / VICE PRESIDENT,T PIEHL W 1,NA,ONEIDA,T,PIEHL
FUTURE MADAM POTUS / JESSICA KENNEDY (WRITE-IN),1) PRESIDENT / VICE PRESIDENT,T PINE LAKE W 1-4,NA,ONEIDA,T,PINE LAKE
FUTURE MADAM POTUS / JESSICA KENNEDY (WRITE-IN),1) PRESIDENT / VICE PRESIDENT,T SCHOEPKE W 1,NA,ONEIDA,T,SCHOEPKE
FUTURE MADAM POTUS / JESSICA KENNEDY (WRITE-IN),1) PRESIDENT / VICE PRESIDENT,T STELLA W 1-2,NA,ONEIDA,T,STELLA
FUTURE MADAM POTUS / JESSICA KENNEDY (WRITE-IN),1) PRESIDENT / VICE PRESIDENT,T SUGAR CAMP W 1-2,NA,ONEIDA,T,SUGAR CAMP
FUTURE MADAM POTUS / JESSICA KENNEDY (WRITE-IN),1) PRESIDENT / VICE PRESIDENT,T THREE LAKES W 1-4,NA,ONEIDA,T,THREE LAKES
FUTURE MADAM POTUS / JESSICA KENNEDY (WRITE-IN),1) PRESIDENT / VICE PRESIDENT,T WOODBORO W 1,NA,ONEIDA,T,WOODBORO
FUTURE MADAM POTUS / JESSICA KENNEDY (WRITE-IN),1) PRESIDENT / VICE PRESIDENT,T WOODRUFF W 1-3,NA,ONEIDA,T,WOODRUFF
FUTURE MADAM POTUS / JESSICA KENNEDY (WRITE-IN),1) PRESIDENT / VICE PRESIDENT,C RHINELANDER W 1-17,NA,ONEIDA,C,RHINELANDER
"ANDRE RAMONE MCNEIL, SR. (WRITE-IN)",1) PRESIDENT / VICE PRESIDENT,T CASSIAN W 1-2,NA,ONEIDA,T,CASSIAN
"ANDRE RAMONE MCNEIL, SR. (WRITE-IN)",1) PRESIDENT / VICE PRESIDENT,T CRESCENT W 1-3,NA,ONEIDA,T,CRESCENT
"ANDRE RAMONE MCNEIL, SR. (WRITE-IN)",1) PRESIDENT / VICE PRESIDENT,T ENTERPRISE W 1,NA,ONEIDA,T,ENTERPRISE
"ANDRE RAMONE MCNEIL, SR. (WRITE-IN)",1) PRESIDENT / VICE PRESIDENT,T HAZELHURST W 1-2,NA,ONEIDA,T,HAZELHURST
"ANDRE RAMONE MCNEIL, SR. (WRITE-IN)",1) PRESIDENT / VICE PRESIDENT,T LAKE TOMAHAWK W 1-2,NA,ONEIDA,T,LAKE TOMAHAWK
"ANDRE RAMONE MCNEIL, SR. (WRITE-IN)",1) PRESIDENT / VICE PRESIDENT,T LITTLE RICE W 1,NA,ONEIDA,T,LITTLE RICE
"ANDRE RAMONE MCNEIL, SR. (WRITE-IN)",1) PRESIDENT / VICE PRESIDENT,T LYNNE W 1,NA,ONEIDA,T,LYNNE
"ANDRE RAMONE MCNEIL, SR. (WRITE-IN)",1) PRESIDENT / VICE PRESIDENT,T MINOCQUA W 1-7,NA,ONEIDA,T,MINOCQUA
"ANDRE RAMONE MCNEIL, SR. (WRITE-IN)",1) PRESIDENT / VICE PRESIDENT,T MONICO W 1,NA,ONEIDA,T,MONICO
"ANDRE RAMONE MCNEIL, SR. (WRITE-IN)",1) PRESIDENT / VICE PRESIDENT,T NEWBOLD W 1,NA,ONEIDA,T,NEWBOLD
"ANDRE RAMONE MCNEIL, SR. (WRITE-IN)",1) PRESIDENT / VICE PRESIDENT,T NEWBOLD W 2-4,NA,ONEIDA,T,NEWBOLD
"ANDRE RAMONE MCNEIL, SR. (WRITE-IN)",1) PRESIDENT / VICE PRESIDENT,T NOKOMIS W 1-2,NA,ONEIDA,T,NOKOMIS
"ANDRE RAMONE MCNEIL, SR. (WRITE-IN)",1) PRESIDENT / VICE PRESIDENT,T PELICAN W 1- 4,NA,ONEIDA,T,PELICAN
"ANDRE RAMONE MCNEIL, SR. (WRITE-IN)",1) PRESIDENT / VICE PRESIDENT,T PIEHL W 1,NA,ONEIDA,T,PIEHL
"ANDRE RAMONE MCNEIL, SR. (WRITE-IN)",1) PRESIDENT / VICE PRESIDENT,T PINE LAKE W 1-4,NA,ONEIDA,T,PINE LAKE
"ANDRE RAMONE MCNEIL, SR. (WRITE-IN)",1) PRESIDENT / VICE PRESIDENT,T SCHOEPKE W 1,NA,ONEIDA,T,SCHOEPKE
"ANDRE RAMONE MCNEIL, SR. (WRITE-IN)",1) PRESIDENT / VICE PRESIDENT,T STELLA W 1-2,NA,ONEIDA,T,STELLA
"ANDRE RAMONE MCNEIL, SR. (WRITE-IN)",1) PRESIDENT / VICE PRESIDENT,T SUGAR CAMP W 1-2,NA,ONEIDA,T,SUGAR CAMP
"ANDRE RAMONE MCNEIL, SR. (WRITE-IN)",1) PRESIDENT / VICE PRESIDENT,T THREE LAKES W 1-4,NA,ONEIDA,T,THREE LAKES
"ANDRE RAMONE MCNEIL, SR. (WRITE-IN)",1) PRESIDENT / VICE PRESIDENT,T WOODBORO W 1,NA,ONEIDA,T,WOODBORO
"ANDRE RAMONE MCNEIL, SR. (WRITE-IN)",1) PRESIDENT / VICE PRESIDENT,T WOODRUFF W 1-3,NA,ONEIDA,T,WOODRUFF
"ANDRE RAMONE MCNEIL, SR. (WRITE-IN)",1) PRESIDENT / VICE PRESIDENT,C RHINELANDER W 1-17,NA,ONEIDA,C,RHINELANDER
SCATTERING,1) PRESIDENT / VICE PRESIDENT,T CASSIAN W 1-2,NA,ONEIDA,T,CASSIAN
SCATTERING,1) PRESIDENT / VICE PRESIDENT,T CRESCENT W 1-3,NA,ONEIDA,T,CRESCENT
SCATTERING,1) PRESIDENT / VICE PRESIDENT,T ENTERPRISE W 1,NA,ONEIDA,T,ENTERPRISE
SCATTERING,1) PRESIDENT / VICE PRESIDENT,T HAZELHURST W 1-2,NA,ONEIDA,T,HAZELHURST
SCATTERING,1) PRESIDENT / VICE PRESIDENT,T LAKE TOMAHAWK W 1-2,NA,ONEIDA,T,LAKE TOMAHAWK
SCATTERING,1) PRESIDENT / VICE PRESIDENT,T LITTLE RICE W 1,NA,ONEIDA,T,LITTLE RICE
SCATTERING,1) PRESIDENT / VICE PRESIDENT,T LYNNE W 1,NA,ONEIDA,T,LYNNE
SCATTERING,1) PRESIDENT / VICE PRESIDENT,T MINOCQUA W 1-7,NA,ONEIDA,T,MINOCQUA
SCATTERING,1) PRESIDENT / VICE PRESIDENT,T MONICO W 1,NA,ONEIDA,T,MONICO
SCATTERING,1) PRESIDENT / VICE PRESIDENT,T NEWBOLD W 1,NA,ONEIDA,T,NEWBOLD
SCATTERING,1) PRESIDENT / VICE PRESIDENT,T NEWBOLD W 2-4,NA,ONEIDA,T,NEWBOLD
SCATTERING,1) PRESIDENT / VICE PRESIDENT,T NOKOMIS W 1-2,NA,ONEIDA,T,NOKOMIS
SCATTERING,1) PRESIDENT / VICE PRESIDENT,T PELICAN W 1- 4,NA,ONEIDA,T,PELICAN
SCATTERING,1) PRESIDENT / VICE PRESIDENT,T PIEHL W 1,NA,ONEIDA,T,PIEHL
SCATTERING,1) PRESIDENT / VICE PRESIDENT,T PINE LAKE W 1-4,NA,ONEIDA,T,PINE LAKE
SCATTERING,1) PRESIDENT / VICE PRESIDENT,T SCHOEPKE W 1,NA,ONEIDA,T,SCHOEPKE
SCATTERING,1) PRESIDENT / VICE PRESIDENT,T STELLA W 1-2,NA,ONEIDA,T,STELLA
SCATTERING,1) PRESIDENT / VICE PRESIDENT,T SUGAR CAMP W 1-2,NA,ONEIDA,T,SUGAR CAMP
SCATTERING,1) PRESIDENT / VICE PRESIDENT,T THREE LAKES W 1-4,NA,ONEIDA,T,THREE LAKES
SCATTERING,1) PRESIDENT / VICE PRESIDENT,T WOODBORO W 1,NA,ONEIDA,T,WOODBORO
SCATTERING,1) PRESIDENT / VICE PRESIDENT,T WOODRUFF W 1-3,NA,ONEIDA,T,WOODRUFF
SCATTERING,1) PRESIDENT / VICE PRESIDENT,C RHINELANDER W 1-17,NA,ONEIDA,C,RHINELANDER
TAMMY BALDWIN,11) UNITED STATES SENATOR,T CASSIAN W 1-2,NA,ONEIDA,T,CASSIAN
TAMMY BALDWIN,11) UNITED STATES SENATOR,T CRESCENT W 1-3,NA,ONEIDA,T,CRESCENT
TAMMY BALDWIN,11) UNITED STATES SENATOR,T ENTERPRISE W 1,NA,ONEIDA,T,ENTERPRISE
TAMMY BALDWIN,11) UNITED STATES SENATOR,T HAZELHURST W 1-2,NA,ONEIDA,T,HAZELHURST
TAMMY BALDWIN,11) UNITED STATES SENATOR,T LAKE TOMAHAWK W 1-2,NA,ONEIDA,T,LAKE TOMAHAWK
TAMMY BALDWIN,11) UNITED STATES SENATOR,T LITTLE RICE W 1,NA,ONEIDA,T,LITTLE RICE
TAMMY BALDWIN,11) UNITED STATES SENATOR,T LYNNE W 1,NA,ONEIDA,T,LYNNE
TAMMY BALDWIN,11) UNITED STATES SENATOR,T MINOCQUA W 1-7,NA,ONEIDA,T,MINOCQUA
TAMMY BALDWIN,11) UNITED STATES SENATOR,T MONICO W 1,NA,ONEIDA,T,MONICO
TAMMY BALDWIN,11) UNITED STATES SENATOR,T NEWBOLD W 1,NA,ONEIDA,T,NEWBOLD
TAMMY BALDWIN,11) UNITED STATES SENATOR,T NEWBOLD W 2-4,NA,ONEIDA,T,NEWBOLD
TAMMY BALDWIN,11) UNITED STATES SENATOR,T NOKOMIS W 1-2,NA,ONEIDA,T,NOKOMIS
TAMMY BALDWIN,11) UNITED STATES SENATOR,T PELICAN W 1- 4,NA,ONEIDA,T,PELICAN
TAMMY BALDWIN,11) UNITED STATES SENATOR,T PIEHL W 1,NA,ONEIDA,T,PIEHL
TAMMY BALDWIN,11) UNITED STATES SENATOR,T PINE LAKE W 1-4,NA,ONEIDA,T,PINE LAKE
TAMMY BALDWIN,11) UNITED STATES SENATOR,T SCHOEPKE W 1,NA,ONEIDA,T,SCHOEPKE
TAMMY BALDWIN,11) UNITED STATES SENATOR,T STELLA W 1-2,NA,ONEIDA,T,STELLA
TAMMY BALDWIN,11) UNITED STATES SENATOR,T SUGAR CAMP W 1-2,NA,ONEIDA,T,SUGAR CAMP
TAMMY BALDWIN,11) UNITED STATES SENATOR,T THREE LAKES W 1-4,NA,ONEIDA,T,THREE LAKES
TAMMY BALDWIN,11) UNITED STATES SENATOR,T WOODBORO W 1,NA,ONEIDA,T,WOODBORO
TAMMY BALDWIN,11) UNITED STATES SENATOR,T WOODRUFF W 1-3,NA,ONEIDA,T,WOODRUFF
TAMMY BALDWIN,11) UNITED STATES SENATOR,C RHINELANDER W 1-17,NA,ONEIDA,C,RHINELANDER
ERIC HOVDE,11) UNITED STATES SENATOR,T CASSIAN W 1-2,NA,ONEIDA,T,CASSIAN
ERIC HOVDE,11) UNITED STATES SENATOR,T CRESCENT W 1-3,NA,ONEIDA,T,CRESCENT
ERIC HOVDE,11) UNITED STATES SENATOR,T ENTERPRISE W 1,NA,ONEIDA,T,ENTERPRISE
ERIC HOVDE,11) UNITED STATES SENATOR,T HAZELHURST W 1-2,NA,ONEIDA,T,HAZELHURST
ERIC HOVDE,11) UNITED STATES SENATOR,T LAKE TOMAHAWK W 1-2,NA,ONEIDA,T,LAKE TOMAHAWK
ERIC HOVDE,11) UNITED STATES SENATOR,T LITTLE RICE W 1,NA,ONEIDA,T,LITTLE RICE
ERIC HOVDE,11) UNITED STATES SENATOR,T LYNNE W 1,NA,ONEIDA,T,LYNNE
ERIC HOVDE,11) UNITED STATES SENATOR,T MINOCQUA W 1-7,NA,ONEIDA,T,MINOCQUA
ERIC HOVDE,11) UNITED STATES SENATOR,T MONICO W 1,NA,ONEIDA,T,MONICO
ERIC HOVDE,11) UNITED STATES SENATOR,T NEWBOLD W 1,NA,ONEIDA,T,NEWBOLD
ERIC HOVDE,11) UNITED STATES SENATOR,T NEWBOLD W 2-4,NA,ONEIDA,T,NEWBOLD
ERIC HOVDE,11) UNITED STATES SENATOR,T NOKOMIS W 1-2,NA,ONEIDA,T,NOKOMIS
ERIC HOVDE,11) UNITED STATES SENATOR,T PELICAN W 1- 4,NA,ONEIDA,T,PELICAN
ERIC HOVDE,11) UNITED STATES SENATOR,T PIEHL W 1,NA,ONEIDA,T,PIEHL
ERIC HOVDE,11) UNITED STATES SENATOR,T PINE LAKE W 1-4,NA,ONEIDA,T,PINE LAKE
ERIC HOVDE,11) UNITED STATES SENATOR,T SCHOEPKE W 1,NA,ONEIDA,T,SCHOEPKE
ERIC HOVDE,11) UNITED STATES SENATOR,T STELLA W 1-2,NA,ONEIDA,T,STELLA
ERIC HOVDE,11) UNITED STATES SENATOR,T SUGAR CAMP W 1-2,NA,ONEIDA,T,SUGAR CAMP
ERIC HOVDE,11) UNITED STATES SENATOR,T THREE LAKES W 1-4,NA,ONEIDA,T,THREE LAKES
ERIC HOVDE,11) UNITED STATES SENATOR,T WOODBORO W 1,NA,ONEIDA,T,WOODBORO
ERIC HOVDE,11) UNITED STATES SENATOR,T WOODRUFF W 1-3,NA,ONEIDA,T,WOODRUFF
ERIC HOVDE,11) UNITED STATES SENATOR,C RHINELANDER W 1-17,NA,ONEIDA,C,RHINELANDER
PHIL ANDERSON,11) UNITED STATES SENATOR,T CASSIAN W 1-2,NA,ONEIDA,T,CASSIAN
PHIL ANDERSON,11) UNITED STATES SENATOR,T CRESCENT W 1-3,NA,ONEIDA,T,CRESCENT
PHIL ANDERSON,11) UNITED STATES SENATOR,T ENTERPRISE W 1,NA,ONEIDA,T,ENTERPRISE
PHIL ANDERSON,11) UNITED STATES SENATOR,T HAZELHURST W 1-2,NA,ONEIDA,T,HAZELHURST
PHIL ANDERSON,11) UNITED STATES SENATOR,T LAKE TOMAHAWK W 1-2,NA,ONEIDA,T,LAKE TOMAHAWK
PHIL ANDERSON,11) UNITED STATES SENATOR,T LITTLE RICE W 1,NA,ONEIDA,T,LITTLE RICE
PHIL ANDERSON,11) UNITED STATES SENATOR,T LYNNE W 1,NA,ONEIDA,T,LYNNE
PHIL ANDERSON,11) UNITED STATES SENATOR,T MINOCQUA W 1-7,NA,ONEIDA,T,MINOCQUA
PHIL ANDERSON,11) UNITED STATES SENATOR,T MONICO W 1,NA,ONEIDA,T,MONICO
PHIL ANDERSON,11) UNITED STATES SENATOR,T NEWBOLD W 1,NA,ONEIDA,T,NEWBOLD
PHIL ANDERSON,11) UNITED STATES SENATOR,T NEWBOLD W 2-4,NA,ONEIDA,T,NEWBOLD
PHIL ANDERSON,11) UNITED STATES SENATOR,T NOKOMIS W 1-2,NA,ONEIDA,T,NOKOMIS
PHIL ANDERSON,11) UNITED STATES SENATOR,T PELICAN W 1- 4,NA,ONEIDA,T,PELICAN
PHIL ANDERSON,11) UNITED STATES SENATOR,T PIEHL W 1,NA,ONEIDA,T,PIEHL
PHIL ANDERSON,11) UNITED STATES SENATOR,T PINE LAKE W 1-4,NA,ONEIDA,T,PINE LAKE
PHIL ANDERSON,11) UNITED STATES SENATOR,T SCHOEPKE W 1,NA,ONEIDA,T,SCHOEPKE
PHIL ANDERSON,11) UNITED STATES SENATOR,T STELLA W 1-2,NA,ONEIDA,T,STELLA
PHIL ANDERSON,11) UNITED STATES SENATOR,T SUGAR CAMP W 1-2,NA,ONEIDA,T,SUGAR CAMP
PHIL ANDERSON,11) UNITED STATES SENATOR,T THREE LAKES W 1-4,NA,ONEIDA,T,THREE LAKES
PHIL ANDERSON,11) UNITED STATES SENATOR,T WOODBORO W 1,NA,ONEIDA,T,WOODBORO
PHIL ANDERSON,11) UNITED STATES SENATOR,T WOODRUFF W 1-3,NA,ONEIDA,T,WOODRUFF
PHIL ANDERSON,11) UNITED STATES SENATOR,C RHINELANDER W 1-17,NA,ONEIDA,C,RHINELANDER
THOMAS LEAGER,11) UNITED STATES SENATOR,T CASSIAN W 1-2,NA,ONEIDA,T,CASSIAN
THOMAS LEAGER,11) UNITED STATES SENATOR,T CRESCENT W 1-3,NA,ONEIDA,T,CRESCENT
THOMAS LEAGER,11) UNITED STATES SENATOR,T ENTERPRISE W 1,NA,ONEIDA,T,ENTERPRISE
THOMAS LEAGER,11) UNITED STATES SENATOR,T HAZELHURST W 1-2,NA,ONEIDA,T,HAZELHURST
THOMAS LEAGER,11) UNITED STATES SENATOR,T LAKE TOMAHAWK W 1-2,NA,ONEIDA,T,LAKE TOMAHAWK
THOMAS LEAGER,11) UNITED STATES SENATOR,T LITTLE RICE W 1,NA,ONEIDA,T,LITTLE RICE
THOMAS LEAGER,11) UNITED STATES SENATOR,T LYNNE W 1,NA,ONEIDA,T,LYNNE
THOMAS LEAGER,11) UNITED STATES SENATOR,T MINOCQUA W 1-7,NA,ONEIDA,T,MINOCQUA
THOMAS LEAGER,11) UNITED STATES SENATOR,T MONICO W 1,NA,ONEIDA,T,MONICO
THOMAS LEAGER,11) UNITED STATES SENATOR,T NEWBOLD W 1,NA,ONEIDA,T,NEWBOLD
THOMAS LEAGER,11) UNITED STATES SENATOR,T NEWBOLD W 2-4,NA,ONEIDA,T,NEWBOLD
THOMAS LEAGER,11) UNITED STATES SENATOR,T NOKOMIS W 1-2,NA,ONEIDA,T,NOKOMIS
THOMAS LEAGER,11) UNITED STATES SENATOR,T PELICAN W 1- 4,NA,ONEIDA,T,PELICAN
THOMAS LEAGER,11) UNITED STATES SENATOR,T PIEHL W 1,NA,ONEIDA,T,PIEHL
THOMAS LEAGER,11) UNITED STATES SENATOR,T PINE LAKE W 1-4,NA,ONEIDA,T,PINE LAKE
THOMAS LEAGER,11) UNITED STATES SENATOR,T SCHOEPKE W 1,NA,ONEIDA,T,SCHOEPKE
THOMAS LEAGER,11) UNITED STATES SENATOR,T STELLA W 1-2,NA,ONEIDA,T,STELLA
THOMAS LEAGER,11) UNITED STATES SENATOR,T SUGAR CAMP W 1-2,NA,ONEIDA,T,SUGAR CAMP
THOMAS LEAGER,11) UNITED STATES SENATOR,T THREE LAKES W 1-4,NA,ONEIDA,T,THREE LAKES
THOMAS LEAGER,11) UNITED STATES SENATOR,T WOODBORO W 1,NA,ONEIDA,T,WOODBORO
THOMAS LEAGER,11) UNITED STATES SENATOR,T WOODRUFF W 1-3,NA,ONEIDA,T,WOODRUFF
THOMAS LEAGER,11) UNITED STATES SENATOR,C RHINELANDER W 1-17,NA,ONEIDA,C,RHINELANDER
JOHN SCHIESS,11) UNITED STATES SENATOR,T CASSIAN W 1-2,NA,ONEIDA,T,CASSIAN
JOHN SCHIESS,11) UNITED STATES SENATOR,T CRESCENT W 1-3,NA,ONEIDA,T,CRESCENT
JOHN SCHIESS,11) UNITED STATES SENATOR,T ENTERPRISE W 1,NA,ONEIDA,T,ENTERPRISE
JOHN SCHIESS,11) UNITED STATES SENATOR,T HAZELHURST W 1-2,NA,ONEIDA,T,HAZELHURST
JOHN SCHIESS,11) UNITED STATES SENATOR,T LAKE TOMAHAWK W 1-2,NA,ONEIDA,T,LAKE TOMAHAWK
JOHN SCHIESS,11) UNITED STATES SENATOR,T LITTLE RICE W 1,NA,ONEIDA,T,LITTLE RICE
JOHN SCHIESS,11) UNITED STATES SENATOR,T LYNNE W 1,NA,ONEIDA,T,LYNNE
JOHN SCHIESS,11) UNITED STATES SENATOR,T MINOCQUA W 1-7,NA,ONEIDA,T,MINOCQUA
JOHN SCHIESS,11) UNITED STATES SENATOR,T MONICO W 1,NA,ONEIDA,T,MONICO
JOHN SCHIESS,11) UNITED STATES SENATOR,T NEWBOLD W 1,NA,ONEIDA,T,NEWBOLD
JOHN SCHIESS,11) UNITED STATES SENATOR,T NEWBOLD W 2-4,NA,ONEIDA,T,NEWBOLD
JOHN SCHIESS,11) UNITED STATES SENATOR,T NOKOMIS W 1-2,NA,ONEIDA,T,NOKOMIS
JOHN SCHIESS,11) UNITED STATES SENATOR,T PELICAN W 1- 4,NA,ONEIDA,T,PELICAN
JOHN SCHIESS,11) UNITED STATES SENATOR,T PIEHL W 1,NA,ONEIDA,T,PIEHL
JOHN SCHIESS,11) UNITED STATES SENATOR,T PINE LAKE W 1-4,NA,ONEIDA,T,PINE LAKE
JOHN SCHIESS,11) UNITED STATES SENATOR,T SCHOEPKE W 1,NA,ONEIDA,T,SCHOEPKE
JOHN SCHIESS,11) UNITED STATES SENATOR,T STELLA W 1-2,NA,ONEIDA,T,STELLA
JOHN SCHIESS,11) UNITED STATES SENATOR,T SUGAR CAMP W 1-2,NA,ONEIDA,T,SUGAR CAMP
JOHN SCHIESS,11) UNITED STATES SENATOR,T THREE LAKES W 1-4,NA,ONEIDA,T,THREE LAKES
JOHN SCHIESS,11) UNITED STATES SENATOR,T WOODBORO W 1,NA,ONEIDA,T,WOODBORO
JOHN SCHIESS,11) UNITED STATES SENATOR,T WOODRUFF W 1-3,NA,ONEIDA,T,WOODRUFF
JOHN SCHIESS,11) UNITED STATES SENATOR,C RHINELANDER W 1-17,NA,ONEIDA,C,RHINELANDER
SCATTERING,11) UNITED STATES SENATOR,T CASSIAN W 1-2,NA,ONEIDA,T,CASSIAN
SCATTERING,11) UNITED STATES SENATOR,T CRESCENT W 1-3,NA,ONEIDA,T,CRESCENT
SCATTERING,11) UNITED STATES SENATOR,T ENTERPRISE W 1,NA,ONEIDA,T,ENTERPRISE
SCATTERING,11) UNITED STATES SENATOR,T HAZELHURST W 1-2,NA,ONEIDA,T,HAZELHURST
SCATTERING,11) UNITED STATES SENATOR,T LAKE TOMAHAWK W 1-2,NA,ONEIDA,T,LAKE TOMAHAWK
SCATTERING,11) UNITED STATES SENATOR,T LITTLE RICE W 1,NA,ONEIDA,T,LITTLE RICE
SCATTERING,11) UNITED STATES SENATOR,T LYNNE W 1,NA,ONEIDA,T,LYNNE
SCATTERING,11) UNITED STATES SENATOR,T MINOCQUA W 1-7,NA,ONEIDA,T,MINOCQUA
SCATTERING,11) UNITED STATES SENATOR,T MONICO W 1,NA,ONEIDA,T,MONICO
SCATTERING,11) UNITED STATES SENATOR,T NEWBOLD W 1,NA,ONEIDA,T,NEWBOLD
SCATTERING,11) UNITED STATES SENATOR,T NEWBOLD W 2-4,NA,ONEIDA,T,NEWBOLD
SCATTERING,11) UNITED STATES SENATOR,T NOKOMIS W 1-2,NA,ONEIDA,T,NOKOMIS
SCATTERING,11) UNITED STATES SENATOR,T PELICAN W 1- 4,NA,ONEIDA,T,PELICAN
SCATTERING,11) UNITED STATES SENATOR,T PIEHL W 1,NA,ONEIDA,T,PIEHL
SCATTERING,11) UNITED STATES SENATOR,T PINE LAKE W 1-4,NA,ONEIDA,T,PINE LAKE
SCATTERING,11) UNITED STATES SENATOR,T SCHOEPKE W 1,NA,ONEIDA,T,SCHOEPKE
SCATTERING,11) UNITED STATES SENATOR,T STELLA W 1-2,NA,ONEIDA,T,STELLA
SCATTERING,11) UNITED STATES SENATOR,T SUGAR CAMP W 1-2,NA,ONEIDA,T,SUGAR CAMP
SCATTERING,11) UNITED STATES SENATOR,T THREE LAKES W 1-4,NA,ONEIDA,T,THREE LAKES
SCATTERING,11) UNITED STATES SENATOR,T WOODBORO W 1,NA,ONEIDA,T,WOODBORO
SCATTERING,11) UNITED STATES SENATOR,T WOODRUFF W 1-3,NA,ONEIDA,T,WOODRUFF
SCATTERING,11) UNITED STATES SENATOR,C RHINELANDER W 1-17,NA,ONEIDA,C,RHINELANDER
KYLE KILBOURN,12) REP IN CONGRESS DISTRICT 7,T CASSIAN W 1-2,NA,ONEIDA,T,CASSIAN
KYLE KILBOURN,12) REP IN CONGRESS DISTRICT 7,T CRESCENT W 1-3,NA,ONEIDA,T,CRESCENT
KYLE KILBOURN,12) REP IN CONGRESS DISTRICT 7,T ENTERPRISE W 1,NA,ONEIDA,T,ENTERPRISE
KYLE KILBOURN,12) REP IN CONGRESS DISTRICT 7,T HAZELHURST W 1-2,NA,ONEIDA,T,HAZELHURST
KYLE KILBOURN,12) REP IN CONGRESS DISTRICT 7,T LAKE TOMAHAWK W 1-2,NA,ONEIDA,T,LAKE TOMAHAWK
KYLE KILBOURN,12) REP IN CONGRESS DISTRICT 7,T LITTLE RICE W 1,NA,ONEIDA,T,LITTLE RICE
KYLE KILBOURN,12) REP IN CONGRESS DISTRICT 7,T LYNNE W 1,NA,ONEIDA,T,LYNNE
KYLE KILBOURN,12) REP IN CONGRESS DISTRICT 7,T MINOCQUA W 1-7,NA,ONEIDA,T,MINOCQUA
KYLE KILBOURN,12) REP IN CONGRESS DISTRICT 7,T MONICO W 1,NA,ONEIDA,T,MONICO
KYLE KILBOURN,12) REP IN CONGRESS DISTRICT 7,T NEWBOLD W 1,NA,ONEIDA,T,NEWBOLD
KYLE KILBOURN,12) REP IN CONGRESS DISTRICT 7,T NEWBOLD W 2-4,NA,ONEIDA,T,NEWBOLD
KYLE KILBOURN,12) REP IN CONGRESS DISTRICT 7,T NOKOMIS W 1-2,NA,ONEIDA,T,NOKOMIS
KYLE KILBOURN,12) REP IN CONGRESS DISTRICT 7,T PELICAN W 1- 4,NA,ONEIDA,T,PELICAN
KYLE KILBOURN,12) REP IN CONGRESS DISTRICT 7,T PIEHL W 1,NA,ONEIDA,T,PIEHL
KYLE KILBOURN,12) REP IN CONGRESS DISTRICT 7,T PINE LAKE W 1-4,NA,ONEIDA,T,PINE LAKE
KYLE KILBOURN,12) REP IN CONGRESS DISTRICT 7,T SCHOEPKE W 1,NA,ONEIDA,T,SCHOEPKE
KYLE KILBOURN,12) REP IN CONGRESS DISTRICT 7,T STELLA W 1-2,NA,ONEIDA,T,STELLA
KYLE KILBOURN,12) REP IN CONGRESS DISTRICT 7,T SUGAR CAMP W 1-2,NA,ONEIDA,T,SUGAR CAMP
KYLE KILBOURN,12) REP IN CONGRESS DISTRICT 7,T THREE LAKES W 1-4,NA,ONEIDA,T,THREE LAKES
KYLE KILBOURN,12) REP IN CONGRESS DISTRICT 7,T WOODBORO W 1,NA,ONEIDA,T,WOODBORO
KYLE KILBOURN,12) REP IN CONGRESS DISTRICT 7,T WOODRUFF W 1-3,NA,ONEIDA,T,WOODRUFF
KYLE KILBOURN,12) REP IN CONGRESS DISTRICT 7,C RHINELANDER W 1-17,NA,ONEIDA,C,RHINELANDER
TOM TIFFANY,12) REP IN CONGRESS DISTRICT 7,T CASSIAN W 1-2,NA,ONEIDA,T,CASSIAN
TOM TIFFANY,12) REP IN CONGRESS DISTRICT 7,T CRESCENT W 1-3,NA,ONEIDA,T,CRESCENT
TOM TIFFANY,12) REP IN CONGRESS DISTRICT 7,T ENTERPRISE W 1,NA,ONEIDA,T,ENTERPRISE
TOM TIFFANY,12) REP IN CONGRESS DISTRICT 7,T HAZELHURST W 1-2,NA,ONEIDA,T,HAZELHURST
TOM TIFFANY,12) REP IN CONGRESS DISTRICT 7,T LAKE TOMAHAWK W 1-2,NA,ONEIDA,T,LAKE TOMAHAWK
TOM TIFFANY,12) REP IN CONGRESS DISTRICT 7,T LITTLE RICE W 1,NA,ONEIDA,T,LITTLE RICE
TOM TIFFANY,12) REP IN CONGRESS DISTRICT 7,T LYNNE W 1,NA,ONEIDA,T,LYNNE
TOM TIFFANY,12) REP IN CONGRESS DISTRICT 7,T MINOCQUA W 1-7,NA,ONEIDA,T,MINOCQUA
TOM TIFFANY,12) REP IN CONGRESS DISTRICT 7,T MONICO W 1,NA,ONEIDA,T,MONICO
TOM TIFFANY,12) REP IN CONGRESS DISTRICT 7,T NEWBOLD W 1,NA,ONEIDA,T,NEWBOLD
TOM TIFFANY,12) REP IN CONGRESS DISTRICT 7,T NEWBOLD W 2-4,NA,ONEIDA,T,NEWBOLD
TOM TIFFANY,12) REP IN CONGRESS DISTRICT 7,T NOKOMIS W 1-2,NA,ONEIDA,T,NOKOMIS
TOM TIFFANY,12) REP IN CONGRESS DISTRICT 7,T PELICAN W 1- 4,NA,ONEIDA,T,PELICAN
TOM TIFFANY,12) REP IN CONGRESS DISTRICT 7,T PIEHL W 1,NA,ONEIDA,T,PIEHL
TOM TIFFANY,12) REP IN CONGRESS DISTRICT 7,T PINE LAKE W 1-4,NA,ONEIDA,T,PINE LAKE
TOM TIFFANY,12) REP IN CONGRESS DISTRICT 7,T SCHOEPKE W 1,NA,ONEIDA,T,SCHOEPKE
TOM TIFFANY,12) REP IN CONGRESS DISTRICT 7,T STELLA W 1-2,NA,ONEIDA,T,STELLA
TOM TIFFANY,12) REP IN CONGRESS DISTRICT 7,T SUGAR CAMP W 1-2,NA,ONEIDA,T,SUGAR CAMP
TOM TIFFANY,12) REP IN CONGRESS DISTRICT 7,T THREE LAKES W 1-4,NA,ONEIDA,T,THREE LAKES
TOM TIFFANY,12) REP IN CONGRESS DISTRICT 7,T WOODBORO W 1,NA,ONEIDA,T,WOODBORO
TOM TIFFANY,12) REP IN CONGRESS DISTRICT 7,T WOODRUFF W 1-3,NA,ONEIDA,T,WOODRUFF
TOM TIFFANY,12) REP IN CONGRESS DISTRICT 7,C RHINELANDER W 1-17,NA,ONEIDA,C,RHINELANDER
SCATTERING,12) REP IN CONGRESS DISTRICT 7,T CASSIAN W 1-2,NA,ONEIDA,T,CASSIAN
SCATTERING,12) REP IN CONGRESS DISTRICT 7,T CRESCENT W 1-3,NA,ONEIDA,T,CRESCENT
SCATTERING,12) REP IN CONGRESS DISTRICT 7,T ENTERPRISE W 1,NA,ONEIDA,T,ENTERPRISE
SCATTERING,12) REP IN CONGRESS DISTRICT 7,T HAZELHURST W 1-2,NA,ONEIDA,T,HAZELHURST
SCATTERING,12) REP IN CONGRESS DISTRICT 7,T LAKE TOMAHAWK W 1-2,NA,ONEIDA,T,LAKE TOMAHAWK
SCATTERING,12) REP IN CONGRESS DISTRICT 7,T LITTLE RICE W 1,NA,ONEIDA,T,LITTLE RICE
SCATTERING,12) REP IN CONGRESS DISTRICT 7,T LYNNE W 1,NA,ONEIDA,T,LYNNE
SCATTERING,12) REP IN CONGRESS DISTRICT 7,T MINOCQUA W 1-7,NA,ONEIDA,T,MINOCQUA
SCATTERING,12) REP IN CONGRESS DISTRICT 7,T MONICO W 1,NA,ONEIDA,T,MONICO
SCATTERING,12) REP IN CONGRESS DISTRICT 7,T NEWBOLD W 1,NA,ONEIDA,T,NEWBOLD
SCATTERING,12) REP IN CONGRESS DISTRICT 7,T NEWBOLD W 2-4,NA,ONEIDA,T,NEWBOLD
SCATTERING,12) REP IN CONGRESS DISTRICT 7,T NOKOMIS W 1-2,NA,ONEIDA,T,NOKOMIS
SCATTERING,12) REP IN CONGRESS DISTRICT 7,T PELICAN W 1- 4,NA,ONEIDA,T,PELICAN
SCATTERING,12) REP IN CONGRESS DISTRICT 7,T PIEHL W 1,NA,ONEIDA,T,PIEHL
SCATTERING,12) REP IN CONGRESS DISTRICT 7,T PINE LAKE W 1-4,NA,ONEIDA,T,PINE LAKE
SCATTERING,12) REP IN CONGRESS DISTRICT 7,T SCHOEPKE W 1,NA,ONEIDA,T,SCHOEPKE
SCATTERING,12) REP IN CONGRESS DISTRICT 7,T STELLA W 1-2,NA,ONEIDA,T,STELLA
SCATTERING,12) REP IN CONGRESS DISTRICT 7,T SUGAR CAMP W 1-2,NA,ONEIDA,T,SUGAR CAMP
SCATTERING,12) REP IN CONGRESS DISTRICT 7,T THREE LAKES W 1-4,NA,ONEIDA,T,THREE LAKES
SCATTERING,12) REP IN CONGRESS DISTRICT 7,T WOODBORO W 1,NA,ONEIDA,T,WOODBORO
SCATTERING,12) REP IN CONGRESS DISTRICT 7,T WOODRUFF W 1-3,NA,ONEIDA,T,WOODRUFF
SCATTERING,12) REP IN CONGRESS DISTRICT 7,C RHINELANDER W 1-17,NA,ONEIDA,C,RHINELANDER
ANDI RICH,13) STATE SENATOR DISTRICT 12,T CASSIAN W 1-2,NA,ONEIDA,T,CASSIAN
ANDI RICH,13) STATE SENATOR DISTRICT 12,T CRESCENT W 1-3,NA,ONEIDA,T,CRESCENT
ANDI RICH,13) STATE SENATOR DISTRICT 12,T ENTERPRISE W 1,NA,ONEIDA,T,ENTERPRISE
ANDI RICH,13) STATE SENATOR DISTRICT 12,T HAZELHURST W 1-2,NA,ONEIDA,T,HAZELHURST
ANDI RICH,13) STATE SENATOR DISTRICT 12,T LAKE TOMAHAWK W 1-2,NA,ONEIDA,T,LAKE TOMAHAWK
ANDI RICH,13) STATE SENATOR DISTRICT 12,T LITTLE RICE W 1,NA,ONEIDA,T,LITTLE RICE
ANDI RICH,13) STATE SENATOR DISTRICT 12,T LYNNE W 1,NA,ONEIDA,T,LYNNE
ANDI RICH,13) STATE SENATOR DISTRICT 12,T MINOCQUA W 1-7,NA,ONEIDA,T,MINOCQUA
ANDI RICH,13) STATE SENATOR DISTRICT 12,T MONICO W 1,NA,ONEIDA,T,MONICO
ANDI RICH,13) STATE SENATOR DISTRICT 12,T NEWBOLD W 1,NA,ONEIDA,T,NEWBOLD
ANDI RICH,13) STATE SENATOR DISTRICT 12,T NEWBOLD W 2-4,NA,ONEIDA,T,NEWBOLD
ANDI RICH,13) STATE SENATOR DISTRICT 12,T NOKOMIS W 1-2,NA,ONEIDA,T,NOKOMIS
ANDI RICH,13) STATE SENATOR DISTRICT 12,T PELICAN W 1- 4,NA,ONEIDA,T,PELICAN
ANDI RICH,13) STATE SENATOR DISTRICT 12,T PIEHL W 1,NA,ONEIDA,T,PIEHL
ANDI RICH,13) STATE SENATOR DISTRICT 12,T PINE LAKE W 1-4,NA,ONEIDA,T,PINE LAKE
ANDI RICH,13) STATE SENATOR DISTRICT 12,T SCHOEPKE W 1,NA,ONEIDA,T,SCHOEPKE
ANDI RICH,13) STATE SENATOR DISTRICT 12,T STELLA W 1-2,NA,ONEIDA,T,STELLA
ANDI RICH,13) STATE SENATOR DISTRICT 12,T SUGAR CAMP W 1-2,NA,ONEIDA,T,SUGAR CAMP
ANDI RICH,13) STATE SENATOR DISTRICT 12,T THREE LAKES W 1-4,NA,ONEIDA,T,THREE LAKES
ANDI RICH,13) STATE SENATOR DISTRICT 12,T WOODBORO W 1,NA,ONEIDA,T,WOODBORO
ANDI RICH,13) STATE SENATOR DISTRICT 12,T WOODRUFF W 1-3,NA,ONEIDA,T,WOODRUFF
ANDI RICH,13) STATE SENATOR DISTRICT 12,C RHINELANDER W 1-17,NA,ONEIDA,C,RHINELANDER
MARY FELZKOWSKI,13) STATE SENATOR DISTRICT 12,T CASSIAN W 1-2,NA,ONEIDA,T,CASSIAN
MARY FELZKOWSKI,13) STATE SENATOR DISTRICT 12,T CRESCENT W 1-3,NA,ONEIDA,T,CRESCENT
MARY FELZKOWSKI,13) STATE SENATOR DISTRICT 12,T ENTERPRISE W 1,NA,ONEIDA,T,ENTERPRISE
MARY FELZKOWSKI,13) STATE SENATOR DISTRICT 12,T HAZELHURST W 1-2,NA,ONEIDA,T,HAZELHURST
MARY FELZKOWSKI,13) STATE SENATOR DISTRICT 12,T LAKE TOMAHAWK W 1-2,NA,ONEIDA,T,LAKE TOMAHAWK
MARY FELZKOWSKI,13) STATE SENATOR DISTRICT 12,T LITTLE RICE W 1,NA,ONEIDA,T,LITTLE RICE
MARY FELZKOWSKI,13) STATE SENATOR DISTRICT 12,T LYNNE W 1,NA,ONEIDA,T,LYNNE
MARY FELZKOWSKI,13) STATE SENATOR DISTRICT 12,T MINOCQUA W 1-7,NA,ONEIDA,T,MINOCQUA
MARY FELZKOWSKI,13) STATE SENATOR DISTRICT 12,T MONICO W 1,NA,ONEIDA,T,MONICO
MARY FELZKOWSKI,13) STATE SENATOR DISTRICT 12,T NEWBOLD W 1,NA,ONEIDA,T,NEWBOLD
MARY FELZKOWSKI,13) STATE SENATOR DISTRICT 12,T NEWBOLD W 2-4,NA,ONEIDA,T,NEWBOLD
MARY FELZKOWSKI,13) STATE SENATOR DISTRICT 12,T NOKOMIS W 1-2,NA,ONEIDA,T,NOKOMIS
MARY FELZKOWSKI,13) STATE SENATOR DISTRICT 12,T PELICAN W 1- 4,NA,ONEIDA,T,PELICAN
MARY FELZKOWSKI,13) STATE SENATOR DISTRICT 12,T PIEHL W 1,NA,ONEIDA,T,PIEHL
MARY FELZKOWSKI,13) STATE SENATOR DISTRICT 12,T PINE LAKE W 1-4,NA,ONEIDA,T,PINE LAKE
MARY FELZKOWSKI,13) STATE SENATOR DISTRICT 12,T SCHOEPKE W 1,NA,ONEIDA,T,SCHOEPKE
MARY FELZKOWSKI,13) STATE SENATOR DISTRICT 12,T STELLA W 1-2,NA,ONEIDA,T,STELLA
MARY FELZKOWSKI,13) STATE SENATOR DISTRICT 12,T SUGAR CAMP W 1-2,NA,ONEIDA,T,SUGAR CAMP
MARY FELZKOWSKI,13) STATE SENATOR DISTRICT 12,T THREE LAKES W 1-4,NA,ONEIDA,T,THREE LAKES
MARY FELZKOWSKI,13) STATE SENATOR DISTRICT 12,T WOODBORO W 1,NA,ONEIDA,T,WOODBORO
MARY FELZKOWSKI,13) STATE SENATOR DISTRICT 12,T WOODRUFF W 1-3,NA,ONEIDA,T,WOODRUFF
MARY FELZKOWSKI,13) STATE SENATOR DISTRICT 12,C RHINELANDER W 1-17,NA,ONEIDA,C,RHINELANDER
SCATTERING,13) STATE SENATOR DISTRICT 12,T CASSIAN W 1-2,NA,ONEIDA,T,CASSIAN
SCATTERING,13) STATE SENATOR DISTRICT 12,T CRESCENT W 1-3,NA,ONEIDA,T,CRESCENT
SCATTERING,13) STATE SENATOR DISTRICT 12,T ENTERPRISE W 1,NA,ONEIDA,T,ENTERPRISE
SCATTERING,13) STATE SENATOR DISTRICT 12,T HAZELHURST W 1-2,NA,ONEIDA,T,HAZELHURST
SCATTERING,13) STATE SENATOR DISTRICT 12,T LAKE TOMAHAWK W 1-2,NA,ONEIDA,T,LAKE TOMAHAWK
SCATTERING,13) STATE SENATOR DISTRICT 12,T LITTLE RICE W 1,NA,ONEIDA,T,LITTLE RICE
SCATTERING,13) STATE SENATOR DISTRICT 12,T LYNNE W 1,NA,ONEIDA,T,LYNNE
SCATTERING,13) STATE SENATOR DISTRICT 12,T MINOCQUA W 1-7,NA,ONEIDA,T,MINOCQUA
SCATTERING,13) STATE SENATOR DISTRICT 12,T MONICO W 1,NA,ONEIDA,T,MONICO
SCATTERING,13) STATE SENATOR DISTRICT 12,T NEWBOLD W 1,NA,ONEIDA,T,NEWBOLD
SCATTERING,13) STATE SENATOR DISTRICT 12,T NEWBOLD W 2-4,NA,ONEIDA,T,NEWBOLD
SCATTERING,13) STATE SENATOR DISTRICT 12,T NOKOMIS W 1-2,NA,ONEIDA,T,NOKOMIS
SCATTERING,13) STATE SENATOR DISTRICT 12,T PELICAN W 1- 4,NA,ONEIDA,T,PELICAN
SCATTERING,13) STATE SENATOR DISTRICT 12,T PIEHL W 1,NA,ONEIDA,T,PIEHL
SCATTERING,13) STATE SENATOR DISTRICT 12,T PINE LAKE W 1-4,NA,ONEIDA,T,PINE LAKE
SCATTERING,13) STATE SENATOR DISTRICT 12,T SCHOEPKE W 1,NA,ONEIDA,T,SCHOEPKE
SCATTERING,13) STATE SENATOR DISTRICT 12,T STELLA W 1-2,NA,ONEIDA,T,STELLA
SCATTERING,13) STATE SENATOR DISTRICT 12,T SUGAR CAMP W 1-2,NA,ONEIDA,T,SUGAR CAMP
SCATTERING,13) STATE SENATOR DISTRICT 12,T THREE LAKES W 1-4,NA,ONEIDA,T,THREE LAKES
SCATTERING,13) STATE SENATOR DISTRICT 12,T WOODBORO W 1,NA,ONEIDA,T,WOODBORO
SCATTERING,13) STATE SENATOR DISTRICT 12,T WOODRUFF W 1-3,NA,ONEIDA,T,WOODRUFF
SCATTERING,13) STATE SENATOR DISTRICT 12,C RHINELANDER W 1-17,NA,ONEIDA,C,RHINELANDER
"DENNIS NITZEL, SR.",14) REP TO ASSEMBLY DISTRICT #34,T CASSIAN W 1-2,NA,ONEIDA,T,CASSIAN
"DENNIS NITZEL, SR.",14) REP TO ASSEMBLY DISTRICT #34,T CRESCENT W 1-3,NA,ONEIDA,T,CRESCENT
"DENNIS NITZEL, SR.",14) REP TO ASSEMBLY DISTRICT #34,T ENTERPRISE W 1,NA,ONEIDA,T,ENTERPRISE
"DENNIS NITZEL, SR.",14) REP TO ASSEMBLY DISTRICT #34,T HAZELHURST W 1-2,NA,ONEIDA,T,HAZELHURST
"DENNIS NITZEL, SR.",14) REP TO ASSEMBLY DISTRICT #34,T LAKE TOMAHAWK W 1-2,NA,ONEIDA,T,LAKE TOMAHAWK
"DENNIS NITZEL, SR.",14) REP TO ASSEMBLY DISTRICT #34,T LITTLE RICE W 1,NA,ONEIDA,T,LITTLE RICE
"DENNIS NITZEL, SR.",14) REP TO ASSEMBLY DISTRICT #34,T LYNNE W 1,NA,ONEIDA,T,LYNNE
"DENNIS NITZEL, SR.",14) REP TO ASSEMBLY DISTRICT #34,T MINOCQUA W 1-7,NA,ONEIDA,T,MINOCQUA
"DENNIS NITZEL, SR.",14) REP TO ASSEMBLY DISTRICT #34,T MONICO W 1,NA,ONEIDA,T,MONICO
"DENNIS NITZEL, SR.",14) REP TO ASSEMBLY DISTRICT #34,T NEWBOLD W 1,NA,ONEIDA,T,NEWBOLD
"DENNIS NITZEL, SR.",14) REP TO ASSEMBLY DISTRICT #34,T NEWBOLD W 2-4,NA,ONEIDA,T,NEWBOLD
"DENNIS NITZEL, SR.",14) REP TO ASSEMBLY DISTRICT #34,T NOKOMIS W 1-2,NA,ONEIDA,T,NOKOMIS
"DENNIS NITZEL, SR.",14) REP TO ASSEMBLY DISTRICT #34,T PELICAN W 1- 4,NA,ONEIDA,T,PELICAN
"DENNIS NITZEL, SR.",14) REP TO ASSEMBLY DISTRICT #34,T PIEHL W 1,NA,ONEIDA,T,PIEHL
"DENNIS NITZEL, SR.",14) REP TO ASSEMBLY DISTRICT #34,T PINE LAKE W 1-4,NA,ONEIDA,T,PINE LAKE
"DENNIS NITZEL, SR.",14) REP TO ASSEMBLY DISTRICT #34,T SCHOEPKE W 1,NA,ONEIDA,T,SCHOEPKE
"DENNIS NITZEL, SR.",14) REP TO ASSEMBLY DISTRICT #34,T STELLA W 1-2,NA,ONEIDA,T,STELLA
"DENNIS NITZEL, SR.",14) REP TO ASSEMBLY DISTRICT #34,T SUGAR CAMP W 1-2,NA,ONEIDA,T,SUGAR CAMP
"DENNIS NITZEL, SR.",14) REP TO ASSEMBLY DISTRICT #34,T THREE LAKES W 1-4,NA,ONEIDA,T,THREE LAKES
"DENNIS NITZEL, SR.",14) REP TO ASSEMBLY DISTRICT #34,T WOODBORO W 1,NA,ONEIDA,T,WOODBORO
"DENNIS NITZEL, SR.",14) REP TO ASSEMBLY DISTRICT #34,T WOODRUFF W 1-3,NA,ONEIDA,T,WOODRUFF
"DENNIS NITZEL, SR.",14) REP TO ASSEMBLY DISTRICT #34,C RHINELANDER W 1-17,NA,ONEIDA,C,RHINELANDER
ROB SWEARINGEN,14) REP TO ASSEMBLY DISTRICT #34,T CASSIAN W 1-2,NA,ONEIDA,T,CASSIAN
ROB SWEARINGEN,14) REP TO ASSEMBLY DISTRICT #34,T CRESCENT W 1-3,NA,ONEIDA,T,CRESCENT
ROB SWEARINGEN,14) REP TO ASSEMBLY DISTRICT #34,T ENTERPRISE W 1,NA,ONEIDA,T,ENTERPRISE
ROB SWEARINGEN,14) REP TO ASSEMBLY DISTRICT #34,T HAZELHURST W 1-2,NA,ONEIDA,T,HAZELHURST
ROB SWEARINGEN,14) REP TO ASSEMBLY DISTRICT #34,T LAKE TOMAHAWK W 1-2,NA,ONEIDA,T,LAKE TOMAHAWK
ROB SWEARINGEN,14) REP TO ASSEMBLY DISTRICT #34,T LITTLE RICE W 1,NA,ONEIDA,T,LITTLE RICE
ROB SWEARINGEN,14) REP TO ASSEMBLY DISTRICT #34,T LYNNE W 1,NA,ONEIDA,T,LYNNE
ROB SWEARINGEN,14) REP TO ASSEMBLY DISTRICT #34,T MINOCQUA W 1-7,NA,ONEIDA,T,MINOCQUA
ROB SWEARINGEN,14) REP TO ASSEMBLY DISTRICT #34,T MONICO W 1,NA,ONEIDA,T,MONICO
ROB SWEARINGEN,14) REP TO ASSEMBLY DISTRICT #34,T NEWBOLD W 1,NA,ONEIDA,T,NEWBOLD
ROB SWEARINGEN,14) REP TO ASSEMBLY DISTRICT #34,T NEWBOLD W 2-4,NA,ONEIDA,T,NEWBOLD
ROB SWEARINGEN,14) REP TO ASSEMBLY DISTRICT #34,T NOKOMIS W 1-2,NA,ONEIDA,T,NOKOMIS
ROB SWEARINGEN,14) REP TO ASSEMBLY DISTRICT #34,T PELICAN W 1- 4,NA,ONEIDA,T,PELICAN
ROB SWEARINGEN,14) REP TO ASSEMBLY DISTRICT #34,T PIEHL W 1,NA,ONEIDA,T,PIEHL
ROB SWEARINGEN,14) REP TO ASSEMBLY DISTRICT #34,T PINE LAKE W 1-4,NA,ONEIDA,T,PINE LAKE
ROB SWEARINGEN,14) REP TO ASSEMBLY DISTRICT #34,T SCHOEPKE W 1,NA,ONEIDA,T,SCHOEPKE
ROB SWEARINGEN,14) REP TO ASSEMBLY DISTRICT #34,T STELLA W 1-2,NA,ONEIDA,T,STELLA
ROB SWEARINGEN,14) REP TO ASSEMBLY DISTRICT #34,T SUGAR CAMP W 1-2,NA,ONEIDA,T,SUGAR CAMP
ROB SWEARINGEN,14) REP TO ASSEMBLY DISTRICT #34,T THREE LAKES W 1-4,NA,ONEIDA,T,THREE LAKES
ROB SWEARINGEN,14) REP TO ASSEMBLY DISTRICT #34,T WOODBORO W 1,NA,ONEIDA,T,WOODBORO
ROB SWEARINGEN,14) REP TO ASSEMBLY DISTRICT #34,T WOODRUFF W 1-3,NA,ONEIDA,T,WOODRUFF
ROB SWEARINGEN,14) REP TO ASSEMBLY DISTRICT #34,C RHINELANDER W 1-17,NA,ONEIDA,C,RHINELANDER
SCATTERING,14) REP TO ASSEMBLY DISTRICT #34,T CASSIAN W 1-2,NA,ONEIDA,T,CASSIAN
SCATTERING,14) REP TO ASSEMBLY DISTRICT #34,T CRESCENT W 1-3,NA,ONEIDA,T,CRESCENT
SCATTERING,14) REP TO ASSEMBLY DISTRICT #34,T ENTERPRISE W 1,NA,ONEIDA,T,ENTERPRISE
SCATTERING,14) REP TO ASSEMBLY DISTRICT #34,T HAZELHURST W 1-2,NA,ONEIDA,T,HAZELHURST
SCATTERING,14) REP TO ASSEMBLY DISTRICT #34,T LAKE TOMAHAWK W 1-2,NA,ONEIDA,T,LAKE TOMAHAWK
SCATTERING,14) REP TO ASSEMBLY DISTRICT #34,T LITTLE RICE W 1,NA,ONEIDA,T,LITTLE RICE
SCATTERING,14) REP TO ASSEMBLY DISTRICT #34,T LYNNE W 1,NA,ONEIDA,T,LYNNE
SCATTERING,14) REP TO ASSEMBLY DISTRICT #34,T MINOCQUA W 1-7,NA,ONEIDA,T,MINOCQUA
SCATTERING,14) REP TO ASSEMBLY DISTRICT #34,T MONICO W 1,NA,ONEIDA,T,MONICO
SCATTERING,14) REP TO ASSEMBLY DISTRICT #34,T NEWBOLD W 1,NA,ONEIDA,T,NEWBOLD
SCATTERING,14) REP TO ASSEMBLY DISTRICT #34,T NEWBOLD W 2-4,NA,ONEIDA,T,NEWBOLD
SCATTERING,14) REP TO ASSEMBLY DISTRICT #34,T NOKOMIS W 1-2,NA,ONEIDA,T,NOKOMIS
SCATTERING,14) REP TO ASSEMBLY DISTRICT #34,T PELICAN W 1- 4,NA,ONEIDA,T,PELICAN
SCATTERING,14) REP TO ASSEMBLY DISTRICT #34,T PIEHL W 1,NA,ONEIDA,T,PIEHL
SCATTERING,14) REP TO ASSEMBLY DISTRICT #34,T PINE LAKE W 1-4,NA,ONEIDA,T,PINE LAKE
SCATTERING,14) REP TO ASSEMBLY DISTRICT #34,T SCHOEPKE W 1,NA,ONEIDA,T,SCHOEPKE
SCATTERING,14) REP TO ASSEMBLY DISTRICT #34,T STELLA W 1-2,NA,ONEIDA,T,STELLA
SCATTERING,14) REP TO ASSEMBLY DISTRICT #34,T SUGAR CAMP W 1-2,NA,ONEIDA,T,SUGAR CAMP
SCATTERING,14) REP TO ASSEMBLY DISTRICT #34,T THREE LAKES W 1-4,NA,ONEIDA,T,THREE LAKES
SCATTERING,14) REP TO ASSEMBLY DISTRICT #34,T WOODBORO W 1,NA,ONEIDA,T,WOODBORO
SCATTERING,14) REP TO ASSEMBLY DISTRICT #34,T WOODRUFF W 1-3,NA,ONEIDA,T,WOODRUFF
SCATTERING,14) REP TO ASSEMBLY DISTRICT #34,C RHINELANDER W 1-17,NA,ONEIDA,C,RHINELANDER
ELIZABETH MCCRANK,15) REP TO ASSEMBLY DISTRICT #35,T CASSIAN W 1-2,NA,ONEIDA,T,CASSIAN
ELIZABETH MCCRANK,15) REP TO ASSEMBLY DISTRICT #35,T CRESCENT W 1-3,NA,ONEIDA,T,CRESCENT
ELIZABETH MCCRANK,15) REP TO ASSEMBLY DISTRICT #35,T ENTERPRISE W 1,NA,ONEIDA,T,ENTERPRISE
ELIZABETH MCCRANK,15) REP TO ASSEMBLY DISTRICT #35,T HAZELHURST W 1-2,NA,ONEIDA,T,HAZELHURST
ELIZABETH MCCRANK,15) REP TO ASSEMBLY DISTRICT #35,T LAKE TOMAHAWK W 1-2,NA,ONEIDA,T,LAKE TOMAHAWK
ELIZABETH MCCRANK,15) REP TO ASSEMBLY DISTRICT #35,T LITTLE RICE W 1,NA,ONEIDA,T,LITTLE RICE
ELIZABETH MCCRANK,15) REP TO ASSEMBLY DISTRICT #35,T LYNNE W 1,NA,ONEIDA,T,LYNNE
ELIZABETH MCCRANK,15) REP TO ASSEMBLY DISTRICT #35,T MINOCQUA W 1-7,NA,ONEIDA,T,MINOCQUA
ELIZABETH MCCRANK,15) REP TO ASSEMBLY DISTRICT #35,T MONICO W 1,NA,ONEIDA,T,MONICO
ELIZABETH MCCRANK,15) REP TO ASSEMBLY DISTRICT #35,T NEWBOLD W 1,NA,ONEIDA,T,NEWBOLD
ELIZABETH MCCRANK,15) REP TO ASSEMBLY DISTRICT #35,T NEWBOLD W 2-4,NA,ONEIDA,T,NEWBOLD
ELIZABETH MCCRANK,15) REP TO ASSEMBLY DISTRICT #35,T NOKOMIS W 1-2,NA,ONEIDA,T,NOKOMIS
ELIZABETH MCCRANK,15) REP TO ASSEMBLY DISTRICT #35,T PELICAN W 1- 4,NA,ONEIDA,T,PELICAN
ELIZABETH MCCRANK,15) REP TO ASSEMBLY DISTRICT #35,T PIEHL W 1,NA,ONEIDA,T,PIEHL
ELIZABETH MCCRANK,15) REP TO ASSEMBLY DISTRICT #35,T PINE LAKE W 1-4,NA,ONEIDA,T,PINE LAKE
ELIZABETH MCCRANK,15) REP TO ASSEMBLY DISTRICT #35,T SCHOEPKE W 1,NA,ONEIDA,T,SCHOEPKE
ELIZABETH MCCRANK,15) REP TO ASSEMBLY DISTRICT #35,T STELLA W 1-2,NA,ONEIDA,T,STELLA
ELIZABETH MCCRANK,15) REP TO ASSEMBLY DISTRICT #35,T SUGAR CAMP W 1-2,NA,ONEIDA,T,SUGAR CAMP
ELIZABETH MCCRANK,15) REP TO ASSEMBLY DISTRICT #35,T THREE LAKES W 1-4,NA,ONEIDA,T,THREE LAKES
ELIZABETH MCCRANK,15) REP TO ASSEMBLY DISTRICT #35,T WOODBORO W 1,NA,ONEIDA,T,WOODBORO
ELIZABETH MCCRANK,15) REP TO ASSEMBLY DISTRICT #35,T WOODRUFF W 1-3,NA,ONEIDA,T,WOODRUFF
ELIZABETH MCCRANK,15) REP TO ASSEMBLY DISTRICT #35,C RHINELANDER W 1-17,NA,ONEIDA,C,RHINELANDER
CALVIN CALLAHAN,15) REP TO ASSEMBLY DISTRICT #35,T CASSIAN W 1-2,NA,ONEIDA,T,CASSIAN
CALVIN CALLAHAN,15) REP TO ASSEMBLY DISTRICT #35,T CRESCENT W 1-3,NA,ONEIDA,T,CRESCENT
CALVIN CALLAHAN,15) REP TO ASSEMBLY DISTRICT #35,T ENTERPRISE W 1,NA,ONEIDA,T,ENTERPRISE
CALVIN CALLAHAN,15) REP TO ASSEMBLY DISTRICT #35,T HAZELHURST W 1-2,NA,ONEIDA,T,HAZELHURST
CALVIN CALLAHAN,15) REP TO ASSEMBLY DISTRICT #35,T LAKE TOMAHAWK W 1-2,NA,ONEIDA,T,LAKE TOMAHAWK
CALVIN CALLAHAN,15) REP TO ASSEMBLY DISTRICT #35,T LITTLE RICE W 1,NA,ONEIDA,T,LITTLE RICE
CALVIN CALLAHAN,15) REP TO ASSEMBLY DISTRICT #35,T LYNNE W 1,NA,ONEIDA,T,LYNNE
CALVIN CALLAHAN,15) REP TO ASSEMBLY DISTRICT #35,T MINOCQUA W 1-7,NA,ONEIDA,T,MINOCQUA
CALVIN CALLAHAN,15) REP TO ASSEMBLY DISTRICT #35,T MONICO W 1,NA,ONEIDA,T,MONICO
CALVIN CALLAHAN,15) REP TO ASSEMBLY DISTRICT #35,T NEWBOLD W 1,NA,ONEIDA,T,NEWBOLD
CALVIN CALLAHAN,15) REP TO ASSEMBLY DISTRICT #35,T NEWBOLD W 2-4,NA,ONEIDA,T,NEWBOLD
CALVIN CALLAHAN,15) REP TO ASSEMBLY DISTRICT #35,T NOKOMIS W 1-2,NA,ONEIDA,T,NOKOMIS
CALVIN CALLAHAN,15) REP TO ASSEMBLY DISTRICT #35,T PELICAN W 1- 4,NA,ONEIDA,T,PELICAN
CALVIN CALLAHAN,15) REP TO ASSEMBLY DISTRICT #35,T PIEHL W 1,NA,ONEIDA,T,PIEHL
CALVIN CALLAHAN,15) REP TO ASSEMBLY DISTRICT #35,T PINE LAKE W 1-4,NA,ONEIDA,T,PINE LAKE
CALVIN CALLAHAN,15) REP TO ASSEMBLY DISTRICT #35,T SCHOEPKE W 1,NA,ONEIDA,T,SCHOEPKE
CALVIN CALLAHAN,15) REP TO ASSEMBLY DISTRICT #35,T STELLA W 1-2,NA,ONEIDA,T,STELLA
CALVIN CALLAHAN,15) REP TO ASSEMBLY DISTRICT #35,T SUGAR CAMP W 1-2,NA,ONEIDA,T,SUGAR CAMP
CALVIN CALLAHAN,15) REP TO ASSEMBLY DISTRICT #35,T THREE LAKES W 1-4,NA,ONEIDA,T,THREE LAKES
CALVIN CALLAHAN,15) REP TO ASSEMBLY DISTRICT #35,T WOODBORO W 1,NA,ONEIDA,T,WOODBORO
CALVIN CALLAHAN,15) REP TO ASSEMBLY DISTRICT #35,T WOODRUFF W 1-3,NA,ONEIDA,T,WOODRUFF
CALVIN CALLAHAN,15) REP TO ASSEMBLY DISTRICT #35,C RHINELANDER W 1-17,NA,ONEIDA,C,RHINELANDER
SCATTERING,15) REP TO ASSEMBLY DISTRICT #35,T CASSIAN W 1-2,NA,ONEIDA,T,CASSIAN
SCATTERING,15) REP TO ASSEMBLY DISTRICT #35,T CRESCENT W 1-3,NA,ONEIDA,T,CRESCENT
SCATTERING,15) REP TO ASSEMBLY DISTRICT #35,T ENTERPRISE W 1,NA,ONEIDA,T,ENTERPRISE
SCATTERING,15) REP TO ASSEMBLY DISTRICT #35,T HAZELHURST W 1-2,NA,ONEIDA,T,HAZELHURST
SCATTERING,15) REP TO ASSEMBLY DISTRICT #35,T LAKE TOMAHAWK W 1-2,NA,ONEIDA,T,LAKE TOMAHAWK
SCATTERING,15) REP TO ASSEMBLY DISTRICT #35,T LITTLE RICE W 1,NA,ONEIDA,T,LITTLE RICE
SCATTERING,15) REP TO ASSEMBLY DISTRICT #35,T LYNNE W 1,NA,ONEIDA,T,LYNNE
SCATTERING,15) REP TO ASSEMBLY DISTRICT #35,T MINOCQUA W 1-7,NA,ONEIDA,T,MINOCQUA
SCATTERING,15) REP TO ASSEMBLY DISTRICT #35,T MONICO W 1,NA,ONEIDA,T,MONICO
SCATTERING,15) REP TO ASSEMBLY DISTRICT #35,T NEWBOLD W 1,NA,ONEIDA,T,NEWBOLD
SCATTERING,15) REP TO ASSEMBLY DISTRICT #35,T NEWBOLD W 2-4,NA,ONEIDA,T,NEWBOLD
SCATTERING,15) REP TO ASSEMBLY DISTRICT #35,T NOKOMIS W 1-2,NA,ONEIDA,T,NOKOMIS
SCATTERING,15) REP TO ASSEMBLY DISTRICT #35,T PELICAN W 1- 4,NA,ONEIDA,T,PELICAN
SCATTERING,15) REP TO ASSEMBLY DISTRICT #35,T PIEHL W 1,NA,ONEIDA,T,PIEHL
SCATTERING,15) REP TO ASSEMBLY DISTRICT #35,T PINE LAKE W 1-4,NA,ONEIDA,T,PINE LAKE
SCATTERING,15) REP TO ASSEMBLY DISTRICT #35,T SCHOEPKE W 1,NA,ONEIDA,T,SCHOEPKE
SCATTERING,15) REP TO ASSEMBLY DISTRICT #35,T STELLA W 1-2,NA,ONEIDA,T,STELLA
SCATTERING,15) REP TO ASSEMBLY DISTRICT #35,T SUGAR CAMP W 1-2,NA,ONEIDA,T,SUGAR CAMP
SCATTERING,15) REP TO ASSEMBLY DISTRICT #35,T THREE LAKES W 1-4,NA,ONEIDA,T,THREE LAKES
SCATTERING,15) REP TO ASSEMBLY DISTRICT #35,T WOODBORO W 1,NA,ONEIDA,T,WOODBORO
SCATTERING,15) REP TO ASSEMBLY DISTRICT #35,T WOODRUFF W 1-3,NA,ONEIDA,T,WOODRUFF
SCATTERING,15) REP TO ASSEMBLY DISTRICT #35,C RHINELANDER W 1-17,NA,ONEIDA,C,RHINELANDER
JILLIAN PFEIFER,16) DISTRICT ATTORNEY,T CASSIAN W 1-2,NA,ONEIDA,T,CASSIAN
JILLIAN PFEIFER,16) DISTRICT ATTORNEY,T CRESCENT W 1-3,NA,ONEIDA,T,CRESCENT
JILLIAN PFEIFER,16) DISTRICT ATTORNEY,T ENTERPRISE W 1,NA,ONEIDA,T,ENTERPRISE
JILLIAN PFEIFER,16) DISTRICT ATTORNEY,T HAZELHURST W 1-2,NA,ONEIDA,T,HAZELHURST
JILLIAN PFEIFER,16) DISTRICT ATTORNEY,T LAKE TOMAHAWK W 1-2,NA,ONEIDA,T,LAKE TOMAHAWK
JILLIAN PFEIFER,16) DISTRICT ATTORNEY,T LITTLE RICE W 1,NA,ONEIDA,T,LITTLE RICE
JILLIAN PFEIFER,16) DISTRICT ATTORNEY,T LYNNE W 1,NA,ONEIDA,T,LYNNE
JILLIAN PFEIFER,16) DISTRICT ATTORNEY,T MINOCQUA W 1-7,NA,ONEIDA,T,MINOCQUA
JILLIAN PFEIFER,16) DISTRICT ATTORNEY,T MONICO W 1,NA,ONEIDA,T,MONICO
JILLIAN PFEIFER,16) DISTRICT ATTORNEY,T NEWBOLD W 1,NA,ONEIDA,T,NEWBOLD
JILLIAN PFEIFER,16) DISTRICT ATTORNEY,T NEWBOLD W 2-4,NA,ONEIDA,T,NEWBOLD
JILLIAN PFEIFER,16) DISTRICT ATTORNEY,T NOKOMIS W 1-2,NA,ONEIDA,T,NOKOMIS
JILLIAN PFEIFER,16) DISTRICT ATTORNEY,T PELICAN W 1- 4,NA,ONEIDA,T,PELICAN
JILLIAN PFEIFER,16) DISTRICT ATTORNEY,T PIEHL W 1,NA,ONEIDA,T,PIEHL
JILLIAN PFEIFER,16) DISTRICT ATTORNEY,T PINE LAKE W 1-4,NA,ONEIDA,T,PINE LAKE
JILLIAN PFEIFER,16) DISTRICT ATTORNEY,T SCHOEPKE W 1,NA,ONEIDA,T,SCHOEPKE
JILLIAN PFEIFER,16) DISTRICT ATTORNEY,T STELLA W 1-2,NA,ONEIDA,T,STELLA
JILLIAN PFEIFER,16) DISTRICT ATTORNEY,T SUGAR CAMP W 1-2,NA,ONEIDA,T,SUGAR CAMP
JILLIAN PFEIFER,16) DISTRICT ATTORNEY,T THREE LAKES W 1-4,NA,ONEIDA,T,THREE LAKES
JILLIAN PFEIFER,16) DISTRICT ATTORNEY,T WOODBORO W 1,NA,ONEIDA,T,WOODBORO
JILLIAN PFEIFER,16) DISTRICT ATTORNEY,T WOODRUFF W 1-3,NA,ONEIDA,T,WOODRUFF
JILLIAN PFEIFER,16) DISTRICT ATTORNEY,C RHINELANDER W 1-17,NA,ONEIDA,C,RHINELANDER
SCATTERING,16) DISTRICT ATTORNEY,T CASSIAN W 1-2,NA,ONEIDA,T,CASSIAN
SCATTERING,16) DISTRICT ATTORNEY,T CRESCENT W 1-3,NA,ONEIDA,T,CRESCENT
SCATTERING,16) DISTRICT ATTORNEY,T ENTERPRISE W 1,NA,ONEIDA,T,ENTERPRISE
SCATTERING,16) DISTRICT ATTORNEY,T HAZELHURST W 1-2,NA,ONEIDA,T,HAZELHURST
SCATTERING,16) DISTRICT ATTORNEY,T LAKE TOMAHAWK W 1-2,NA,ONEIDA,T,LAKE TOMAHAWK
SCATTERING,16) DISTRICT ATTORNEY,T LITTLE RICE W 1,NA,ONEIDA,T,LITTLE RICE
SCATTERING,16) DISTRICT ATTORNEY,T LYNNE W 1,NA,ONEIDA,T,LYNNE
SCATTERING,16) DISTRICT ATTORNEY,T MINOCQUA W 1-7,NA,ONEIDA,T,MINOCQUA
SCATTERING,16) DISTRICT ATTORNEY,T MONICO W 1,NA,ONEIDA,T,MONICO
SCATTERING,16) DISTRICT ATTORNEY,T NEWBOLD W 1,NA,ONEIDA,T,NEWBOLD
SCATTERING,16) DISTRICT ATTORNEY,T NEWBOLD W 2-4,NA,ONEIDA,T,NEWBOLD
SCATTERING,16) DISTRICT ATTORNEY,T NOKOMIS W 1-2,NA,ONEIDA,T,NOKOMIS
SCATTERING,16) DISTRICT ATTORNEY,T PELICAN W 1- 4,NA,ONEIDA,T,PELICAN
SCATTERING,16) DISTRICT ATTORNEY,T PIEHL W 1,NA,ONEIDA,T,PIEHL
SCATTERING,16) DISTRICT ATTORNEY,T PINE LAKE W 1-4,NA,ONEIDA,T,PINE LAKE
SCATTERING,16) DISTRICT ATTORNEY,T SCHOEPKE W 1,NA,ONEIDA,T,SCHOEPKE
SCATTERING,16) DISTRICT ATTORNEY,T STELLA W 1-2,NA,ONEIDA,T,STELLA
SCATTERING,16) DISTRICT ATTORNEY,T SUGAR CAMP W 1-2,NA,ONEIDA,T,SUGAR CAMP
SCATTERING,16) DISTRICT ATTORNEY,T THREE LAKES W 1-4,NA,ONEIDA,T,THREE LAKES
SCATTERING,16) DISTRICT ATTORNEY,T WOODBORO W 1,NA,ONEIDA,T,WOODBORO
SCATTERING,16) DISTRICT ATTORNEY,T WOODRUFF W 1-3,NA,ONEIDA,T,WOODRUFF
SCATTERING,16) DISTRICT ATTORNEY,C RHINELANDER W 1-17,NA,ONEIDA,C,RHINELANDER
TRACY HARTMAN,17) COUNTY CLERK,T CASSIAN W 1-2,NA,ONEIDA,T,CASSIAN
TRACY HARTMAN,17) COUNTY CLERK,T CRESCENT W 1-3,NA,ONEIDA,T,CRESCENT
TRACY HARTMAN,17) COUNTY CLERK,T ENTERPRISE W 1,NA,ONEIDA,T,ENTERPRISE
TRACY HARTMAN,17) COUNTY CLERK,T HAZELHURST W 1-2,NA,ONEIDA,T,HAZELHURST
TRACY HARTMAN,17) COUNTY CLERK,T LAKE TOMAHAWK W 1-2,NA,ONEIDA,T,LAKE TOMAHAWK
TRACY HARTMAN,17) COUNTY CLERK,T LITTLE RICE W 1,NA,ONEIDA,T,LITTLE RICE
TRACY HARTMAN,17) COUNTY CLERK,T LYNNE W 1,NA,ONEIDA,T,LYNNE
TRACY HARTMAN,17) COUNTY CLERK,T MINOCQUA W 1-7,NA,ONEIDA,T,MINOCQUA
TRACY HARTMAN,17) COUNTY CLERK,T MONICO W 1,NA,ONEIDA,T,MONICO
TRACY HARTMAN,17) COUNTY CLERK,T NEWBOLD W 1,NA,ONEIDA,T,NEWBOLD
TRACY HARTMAN,17) COUNTY CLERK,T NEWBOLD W 2-4,NA,ONEIDA,T,NEWBOLD
TRACY HARTMAN,17) COUNTY CLERK,T NOKOMIS W 1-2,NA,ONEIDA,T,NOKOMIS
TRACY HARTMAN,17) COUNTY CLERK,T PELICAN W 1- 4,NA,ONEIDA,T,PELICAN
TRACY HARTMAN,17) COUNTY CLERK,T PIEHL W 1,NA,ONEIDA,T,PIEHL
TRACY HARTMAN,17) COUNTY CLERK,T PINE LAKE W 1-4,NA,ONEIDA,T,PINE LAKE
TRACY HARTMAN,17) COUNTY CLERK,T SCHOEPKE W 1,NA,ONEIDA,T,SCHOEPKE
TRACY HARTMAN,17) COUNTY CLERK,T STELLA W 1-2,NA,ONEIDA,T,STELLA
TRACY HARTMAN,17) COUNTY CLERK,T SUGAR CAMP W 1-2,NA,ONEIDA,T,SUGAR CAMP
TRACY HARTMAN,17) COUNTY CLERK,T THREE LAKES W 1-4,NA,ONEIDA,T,THREE LAKES
TRACY HARTMAN,17) COUNTY CLERK,T WOODBORO W 1,NA,ONEIDA,T,WOODBORO
TRACY HARTMAN,17) COUNTY CLERK,T WOODRUFF W 1-3,NA,ONEIDA,T,WOODRUFF
TRACY HARTMAN,17) COUNTY CLERK,C RHINELANDER W 1-17,NA,ONEIDA,C,RHINELANDER
SCATTERING,17) COUNTY CLERK,T CASSIAN W 1-2,NA,ONEIDA,T,CASSIAN
SCATTERING,17) COUNTY CLERK,T CRESCENT W 1-3,NA,ONEIDA,T,CRESCENT
SCATTERING,17) COUNTY CLERK,T ENTERPRISE W 1,NA,ONEIDA,T,ENTERPRISE
SCATTERING,17) COUNTY CLERK,T HAZELHURST W 1-2,NA,ONEIDA,T,HAZELHURST
SCATTERING,17) COUNTY CLERK,T LAKE TOMAHAWK W 1-2,NA,ONEIDA,T,LAKE TOMAHAWK
SCATTERING,17) COUNTY CLERK,T LITTLE RICE W 1,NA,ONEIDA,T,LITTLE RICE
SCATTERING,17) COUNTY CLERK,T LYNNE W 1,NA,ONEIDA,T,LYNNE
SCATTERING,17) COUNTY CLERK,T MINOCQUA W 1-7,NA,ONEIDA,T,MINOCQUA
SCATTERING,17) COUNTY CLERK,T MONICO W 1,NA,ONEIDA,T,MONICO
SCATTERING,17) COUNTY CLERK,T NEWBOLD W 1,NA,ONEIDA,T,NEWBOLD
SCATTERING,17) COUNTY CLERK,T NEWBOLD W 2-4,NA,ONEIDA,T,NEWBOLD
SCATTERING,17) COUNTY CLERK,T NOKOMIS W 1-2,NA,ONEIDA,T,NOKOMIS
SCATTERING,17) COUNTY CLERK,T PELICAN W 1- 4,NA,ONEIDA,T,PELICAN
SCATTERING,17) COUNTY CLERK,T PIEHL W 1,NA,ONEIDA,T,PIEHL
SCATTERING,17) COUNTY CLERK,T PINE LAKE W 1-4,NA,ONEIDA,T,PINE LAKE
SCATTERING,17) COUNTY CLERK,T SCHOEPKE W 1,NA,ONEIDA,T,SCHOEPKE
SCATTERING,17) COUNTY CLERK,T STELLA W 1-2,NA,ONEIDA,T,STELLA
SCATTERING,17) COUNTY CLERK,T SUGAR CAMP W 1-2,NA,ONEIDA,T,SUGAR CAMP
SCATTERING,17) COUNTY CLERK,T THREE LAKES W 1-4,NA,ONEIDA,T,THREE LAKES
SCATTERING,17) COUNTY CLERK,T WOODBORO W 1,NA,ONEIDA,T,WOODBORO
SCATTERING,17) COUNTY CLERK,T WOODRUFF W 1-3,NA,ONEIDA,T,WOODRUFF
SCATTERING,17) COUNTY CLERK,C RHINELANDER W 1-17,NA,ONEIDA,C,RHINELANDER
TARA OSTERMANN,18) TREASURER,T CASSIAN W 1-2,NA,ONEIDA,T,CASSIAN
TARA OSTERMANN,18) TREASURER,T CRESCENT W 1-3,NA,ONEIDA,T,CRESCENT
TARA OSTERMANN,18) TREASURER,T ENTERPRISE W 1,NA,ONEIDA,T,ENTERPRISE
TARA OSTERMANN,18) TREASURER,T HAZELHURST W 1-2,NA,ONEIDA,T,HAZELHURST
TARA OSTERMANN,18) TREASURER,T LAKE TOMAHAWK W 1-2,NA,ONEIDA,T,LAKE TOMAHAWK
TARA OSTERMANN,18) TREASURER,T LITTLE RICE W 1,NA,ONEIDA,T,LITTLE RICE
TARA OSTERMANN,18) TREASURER,T LYNNE W 1,NA,ONEIDA,T,LYNNE
TARA OSTERMANN,18) TREASURER,T MINOCQUA W 1-7,NA,ONEIDA,T,MINOCQUA
TARA OSTERMANN,18) TREASURER,T MONICO W 1,NA,ONEIDA,T,MONICO
TARA OSTERMANN,18) TREASURER,T NEWBOLD W 1,NA,ONEIDA,T,NEWBOLD
TARA OSTERMANN,18) TREASURER,T NEWBOLD W 2-4,NA,ONEIDA,T,NEWBOLD
TARA OSTERMANN,18) TREASURER,T NOKOMIS W 1-2,NA,ONEIDA,T,NOKOMIS
TARA OSTERMANN,18) TREASURER,T PELICAN W 1- 4,NA,ONEIDA,T,PELICAN
TARA OSTERMANN,18) TREASURER,T PIEHL W 1,NA,ONEIDA,T,PIEHL
TARA OSTERMANN,18) TREASURER,T PINE LAKE W 1-4,NA,ONEIDA,T,PINE LAKE
TARA OSTERMANN,18) TREASURER,T SCHOEPKE W 1,NA,ONEIDA,T,SCHOEPKE
TARA OSTERMANN,18) TREASURER,T STELLA W 1-2,NA,ONEIDA,T,STELLA
TARA OSTERMANN,18) TREASURER,T SUGAR CAMP W 1-2,NA,ONEIDA,T,SUGAR CAMP
TARA OSTERMANN,18) TREASURER,T THREE LAKES W 1-4,NA,ONEIDA,T,THREE LAKES
TARA OSTERMANN,18) TREASURER,T WOODBORO W 1,NA,ONEIDA,T,WOODBORO
TARA OSTERMANN,18) TREASURER,T WOODRUFF W 1-3,NA,ONEIDA,T,WOODRUFF
TARA OSTERMANN,18) TREASURER,C RHINELANDER W 1-17,NA,ONEIDA,C,RHINELANDER
SCATTERING,18) TREASURER,T CASSIAN W 1-2,NA,ONEIDA,T,CASSIAN
SCATTERING,18) TREASURER,T CRESCENT W 1-3,NA,ONEIDA,T,CRESCENT
SCATTERING,18) TREASURER,T ENTERPRISE W 1,NA,ONEIDA,T,ENTERPRISE
SCATTERING,18) TREASURER,T HAZELHURST W 1-2,NA,ONEIDA,T,HAZELHURST
SCATTERING,18) TREASURER,T LAKE TOMAHAWK W 1-2,NA,ONEIDA,T,LAKE TOMAHAWK
SCATTERING,18) TREASURER,T LITTLE RICE W 1,NA,ONEIDA,T,LITTLE RICE
SCATTERING,18) TREASURER,T LYNNE W 1,NA,ONEIDA,T,LYNNE
SCATTERING,18) TREASURER,T MINOCQUA W 1-7,NA,ONEIDA,T,MINOCQUA
SCATTERING,18) TREASURER,T MONICO W 1,NA,ONEIDA,T,MONICO
SCATTERING,18) TREASURER,T NEWBOLD W 1,NA,ONEIDA,T,NEWBOLD
SCATTERING,18) TREASURER,T NEWBOLD W 2-4,NA,ONEIDA,T,NEWBOLD
SCATTERING,18) TREASURER,T NOKOMIS W 1-2,NA,ONEIDA,T,NOKOMIS
SCATTERING,18) TREASURER,T PELICAN W 1- 4,NA,ONEIDA,T,PELICAN
SCATTERING,18) TREASURER,T PIEHL W 1,NA,ONEIDA,T,PIEHL
SCATTERING,18) TREASURER,T PINE LAKE W 1-4,NA,ONEIDA,T,PINE LAKE
SCATTERING,18) TREASURER,T SCHOEPKE W 1,NA,ONEIDA,T,SCHOEPKE
SCATTERING,18) TREASURER,T STELLA W 1-2,NA,ONEIDA,T,STELLA
SCATTERING,18) TREASURER,T SUGAR CAMP W 1-2,NA,ONEIDA,T,SUGAR CAMP
SCATTERING,18) TREASURER,T THREE LAKES W 1-4,NA,ONEIDA,T,THREE LAKES
SCATTERING,18) TREASURER,T WOODBORO W 1,NA,ONEIDA,T,WOODBORO
SCATTERING,18) TREASURER,T WOODRUFF W 1-3,NA,ONEIDA,T,WOODRUFF
SCATTERING,18) TREASURER,C RHINELANDER W 1-17,NA,ONEIDA,C,RHINELANDER
KYLE FRANSON,19) REGISTER OF DEEDS,T CASSIAN W 1-2,NA,ONEIDA,T,CASSIAN
KYLE FRANSON,19) REGISTER OF DEEDS,T CRESCENT W 1-3,NA,ONEIDA,T,CRESCENT
KYLE FRANSON,19) REGISTER OF DEEDS,T ENTERPRISE W 1,NA,ONEIDA,T,ENTERPRISE
KYLE FRANSON,19) REGISTER OF DEEDS,T HAZELHURST W 1-2,NA,ONEIDA,T,HAZELHURST
KYLE FRANSON,19) REGISTER OF DEEDS,T LAKE TOMAHAWK W 1-2,NA,ONEIDA,T,LAKE TOMAHAWK
KYLE FRANSON,19) REGISTER OF DEEDS,T LITTLE RICE W 1,NA,ONEIDA,T,LITTLE RICE
KYLE FRANSON,19) REGISTER OF DEEDS,T LYNNE W 1,NA,ONEIDA,T,LYNNE
KYLE FRANSON,19) REGISTER OF DEEDS,T MINOCQUA W 1-7,NA,ONEIDA,T,MINOCQUA
KYLE FRANSON,19) REGISTER OF DEEDS,T MONICO W 1,NA,ONEIDA,T,MONICO
KYLE FRANSON,19) REGISTER OF DEEDS,T NEWBOLD W 1,NA,ONEIDA,T,NEWBOLD
KYLE FRANSON,19) REGISTER OF DEEDS,T NEWBOLD W 2-4,NA,ONEIDA,T,NEWBOLD
KYLE FRANSON,19) REGISTER OF DEEDS,T NOKOMIS W 1-2,NA,ONEIDA,T,NOKOMIS
KYLE FRANSON,19) REGISTER OF DEEDS,T PELICAN W 1- 4,NA,ONEIDA,T,PELICAN
KYLE FRANSON,19) REGISTER OF DEEDS,T PIEHL W 1,NA,ONEIDA,T,PIEHL
KYLE FRANSON,19) REGISTER OF DEEDS,T PINE LAKE W 1-4,NA,ONEIDA,T,PINE LAKE
KYLE FRANSON,19) REGISTER OF DEEDS,T SCHOEPKE W 1,NA,ONEIDA,T,SCHOEPKE
KYLE FRANSON,19) REGISTER OF DEEDS,T STELLA W 1-2,NA,ONEIDA,T,STELLA
KYLE FRANSON,19) REGISTER OF DEEDS,T SUGAR CAMP W 1-2,NA,ONEIDA,T,SUGAR CAMP
KYLE FRANSON,19) REGISTER OF DEEDS,T THREE LAKES W 1-4,NA,ONEIDA,T,THREE LAKES
KYLE FRANSON,19) REGISTER OF DEEDS,T WOODBORO W 1,NA,ONEIDA,T,WOODBORO
KYLE FRANSON,19) REGISTER OF DEEDS,T WOODRUFF W 1-3,NA,ONEIDA,T,WOODRUFF
KYLE FRANSON,19) REGISTER OF DEEDS,C RHINELANDER W 1-17,NA,ONEIDA,C,RHINELANDER
SCATTERING,19) REGISTER OF DEEDS,T CASSIAN W 1-2,NA,ONEIDA,T,CASSIAN
SCATTERING,19) REGISTER OF DEEDS,T CRESCENT W 1-3,NA,ONEIDA,T,CRESCENT
SCATTERING,19) REGISTER OF DEEDS,T ENTERPRISE W 1,NA,ONEIDA,T,ENTERPRISE
SCATTERING,19) REGISTER OF DEEDS,T HAZELHURST W 1-2,NA,ONEIDA,T,HAZELHURST
SCATTERING,19) REGISTER OF DEEDS,T LAKE TOMAHAWK W 1-2,NA,ONEIDA,T,LAKE TOMAHAWK
SCATTERING,19) REGISTER OF DEEDS,T LITTLE RICE W 1,NA,ONEIDA,T,LITTLE RICE
SCATTERING,19) REGISTER OF DEEDS,T LYNNE W 1,NA,ONEIDA,T,LYNNE
SCATTERING,19) REGISTER OF DEEDS,T MINOCQUA W 1-7,NA,ONEIDA,T,MINOCQUA
SCATTERING,19) REGISTER OF DEEDS,T MONICO W 1,NA,ONEIDA,T,MONICO
SCATTERING,19) REGISTER OF DEEDS,T NEWBOLD W 1,NA,ONEIDA,T,NEWBOLD
SCATTERING,19) REGISTER OF DEEDS,T NEWBOLD W 2-4,NA,ONEIDA,T,NEWBOLD
SCATTERING,19) REGISTER OF DEEDS,T NOKOMIS W 1-2,NA,ONEIDA,T,NOKOMIS
SCATTERING,19) REGISTER OF DEEDS,T PELICAN W 1- 4,NA,ONEIDA,T,PELICAN
SCATTERING,19) REGISTER OF DEEDS,T PIEHL W 1,NA,ONEIDA,T,PIEHL
SCATTERING,19) REGISTER OF DEEDS,T PINE LAKE W 1-4,NA,ONEIDA,T,PINE LAKE
SCATTERING,19) REGISTER OF DEEDS,T SCHOEPKE W 1,NA,ONEIDA,T,SCHOEPKE
SCATTERING,19) REGISTER OF DEEDS,T STELLA W 1-2,NA,ONEIDA,T,STELLA
SCATTERING,19) REGISTER OF DEEDS,T SUGAR CAMP W 1-2,NA,ONEIDA,T,SUGAR CAMP
SCATTERING,19) REGISTER OF DEEDS,T THREE LAKES W 1-4,NA,ONEIDA,T,THREE LAKES
SCATTERING,19) REGISTER OF DEEDS,T WOODBORO W 1,NA,ONEIDA,T,WOODBORO
SCATTERING,19) REGISTER OF DEEDS,T WOODRUFF W 1-3,NA,ONEIDA,T,WOODRUFF
SCATTERING,19) REGISTER OF DEEDS,C RHINELANDER W 1-17,NA,ONEIDA,C,RHINELANDER
YES,20) STATEWIDE REFERENDUM,T CASSIAN W 1-2,NA,ONEIDA,T,CASSIAN
YES,20) STATEWIDE REFERENDUM,T CRESCENT W 1-3,NA,ONEIDA,T,CRESCENT
YES,20) STATEWIDE REFERENDUM,T ENTERPRISE W 1,NA,ONEIDA,T,ENTERPRISE
YES,20) STATEWIDE REFERENDUM,T HAZELHURST W 1-2,NA,ONEIDA,T,HAZELHURST
YES,20) STATEWIDE REFERENDUM,T LAKE TOMAHAWK W 1-2,NA,ONEIDA,T,LAKE TOMAHAWK
YES,20) STATEWIDE REFERENDUM,T LITTLE RICE W 1,NA,ONEIDA,T,LITTLE RICE
YES,20) STATEWIDE REFERENDUM,T LYNNE W 1,NA,ONEIDA,T,LYNNE
YES,20) STATEWIDE REFERENDUM,T MINOCQUA W 1-7,NA,ONEIDA,T,MINOCQUA
YES,20) STATEWIDE REFERENDUM,T MONICO W 1,NA,ONEIDA,T,MONICO
YES,20) STATEWIDE REFERENDUM,T NEWBOLD W 1,NA,ONEIDA,T,NEWBOLD
YES,20) STATEWIDE REFERENDUM,T NEWBOLD W 2-4,NA,ONEIDA,T,NEWBOLD
YES,20) STATEWIDE REFERENDUM,T NOKOMIS W 1-2,NA,ONEIDA,T,NOKOMIS
YES,20) STATEWIDE REFERENDUM,T PELICAN W 1- 4,NA,ONEIDA,T,PELICAN
YES,20) STATEWIDE REFERENDUM,T PIEHL W 1,NA,ONEIDA,T,PIEHL
YES,20) STATEWIDE REFERENDUM,T PINE LAKE W 1-4,NA,ONEIDA,T,PINE LAKE
YES,20) STATEWIDE REFERENDUM,T SCHOEPKE W 1,NA,ONEIDA,T,SCHOEPKE
YES,20) STATEWIDE REFERENDUM,T STELLA W 1-2,NA,ONEIDA,T,STELLA
YES,20) STATEWIDE REFERENDUM,T SUGAR CAMP W 1-2,NA,ONEIDA,T,SUGAR CAMP
YES,20) STATEWIDE REFERENDUM,T THREE LAKES W 1-4,NA,ONEIDA,T,THREE LAKES
YES,20) STATEWIDE REFERENDUM,T WOODBORO W 1,NA,ONEIDA,T,WOODBORO
YES,20) STATEWIDE REFERENDUM,T WOODRUFF W 1-3,NA,ONEIDA,T,WOODRUFF
YES,20) STATEWIDE REFERENDUM,C RHINELANDER W 1-17,NA,ONEIDA,C,RHINELANDER
NO,20) STATEWIDE REFERENDUM,T CASSIAN W 1-2,NA,ONEIDA,T,CASSIAN
NO,20) STATEWIDE REFERENDUM,T CRESCENT W 1-3,NA,ONEIDA,T,CRESCENT
NO,20) STATEWIDE REFERENDUM,T ENTERPRISE W 1,NA,ONEIDA,T,ENTERPRISE
NO,20) STATEWIDE REFERENDUM,T HAZELHURST W 1-2,NA,ONEIDA,T,HAZELHURST
NO,20) STATEWIDE REFERENDUM,T LAKE TOMAHAWK W 1-2,NA,ONEIDA,T,LAKE TOMAHAWK
NO,20) STATEWIDE REFERENDUM,T LITTLE RICE W 1,NA,ONEIDA,T,LITTLE RICE
NO,20) STATEWIDE REFERENDUM,T LYNNE W 1,NA,ONEIDA,T,LYNNE
NO,20) STATEWIDE REFERENDUM,T MINOCQUA W 1-7,NA,ONEIDA,T,MINOCQUA
NO,20) STATEWIDE REFERENDUM,T MONICO W 1,NA,ONEIDA,T,MONICO
NO,20) STATEWIDE REFERENDUM,T NEWBOLD W 1,NA,ONEIDA,T,NEWBOLD
NO,20) STATEWIDE REFERENDUM,T NEWBOLD W 2-4,NA,ONEIDA,T,NEWBOLD
NO,20) STATEWIDE REFERENDUM,T NOKOMIS W 1-2,NA,ONEIDA,T,NOKOMIS
NO,20) STATEWIDE REFERENDUM,T PELICAN W 1- 4,NA,ONEIDA,T,PELICAN
NO,20) STATEWIDE REFERENDUM,T PIEHL W 1,NA,ONEIDA,T,PIEHL
NO,20) STATEWIDE REFERENDUM,T PINE LAKE W 1-4,NA,ONEIDA,T,PINE LAKE
NO,20) STATEWIDE REFERENDUM,T SCHOEPKE W 1,NA,ONEIDA,T,SCHOEPKE
NO,20) STATEWIDE REFERENDUM,T STELLA W 1-2,NA,ONEIDA,T,STELLA
NO,20) STATEWIDE REFERENDUM,T SUGAR CAMP W 1-2,NA,ONEIDA,T,SUGAR CAMP
NO,20) STATEWIDE REFERENDUM,T THREE LAKES W 1-4,NA,ONEIDA,T,THREE LAKES
NO,20) STATEWIDE REFERENDUM,T WOODBORO W 1,NA,ONEIDA,T,WOODBORO
NO,20) STATEWIDE REFERENDUM,T WOODRUFF W 1-3,NA,ONEIDA,T,WOODRUFF
NO,20) STATEWIDE REFERENDUM,C RHINELANDER W 1-17,NA,ONEIDA,C,RHINELANDER
YES,21) PRENTICE SCHOOL REFERENDUM,T CASSIAN W 1-2,NA,ONEIDA,T,CASSIAN
YES,21) PRENTICE SCHOOL REFERENDUM,T CRESCENT W 1-3,NA,ONEIDA,T,CRESCENT
YES,21) PRENTICE SCHOOL REFERENDUM,T ENTERPRISE W 1,NA,ONEIDA,T,ENTERPRISE
YES,21) PRENTICE SCHOOL REFERENDUM,T HAZELHURST W 1-2,NA,ONEIDA,T,HAZELHURST
YES,21) PRENTICE SCHOOL REFERENDUM,T LAKE TOMAHAWK W 1-2,NA,ONEIDA,T,LAKE TOMAHAWK
YES,21) PRENTICE SCHOOL REFERENDUM,T LITTLE RICE W 1,NA,ONEIDA,T,LITTLE RICE
YES,21) PRENTICE SCHOOL REFERENDUM,T LYNNE W 1,NA,ONEIDA,T,LYNNE
YES,21) PRENTICE SCHOOL REFERENDUM,T MINOCQUA W 1-7,NA,ONEIDA,T,MINOCQUA
YES,21) PRENTICE SCHOOL REFERENDUM,T MONICO W 1,NA,ONEIDA,T,MONICO
YES,21) PRENTICE SCHOOL REFERENDUM,T NEWBOLD W 1,NA,ONEIDA,T,NEWBOLD
YES,21) PRENTICE SCHOOL REFERENDUM,T NEWBOLD W 2-4,NA,ONEIDA,T,NEWBOLD
YES,21) PRENTICE SCHOOL REFERENDUM,T NOKOMIS W 1-2,NA,ONEIDA,T,NOKOMIS
YES,21) PRENTICE SCHOOL REFERENDUM,T PELICAN W 1- 4,NA,ONEIDA,T,PELICAN
YES,21) PRENTICE SCHOOL REFERENDUM,T PIEHL W 1,NA,ONEIDA,T,PIEHL
YES,21) PRENTICE SCHOOL REFERENDUM,T PINE LAKE W 1-4,NA,ONEIDA,T,PINE LAKE
YES,21) PRENTICE SCHOOL REFERENDUM,T SCHOEPKE W 1,NA,ONEIDA,T,SCHOEPKE
YES,21) PRENTICE SCHOOL REFERENDUM,T STELLA W 1-2,NA,ONEIDA,T,STELLA
YES,21) PRENTICE SCHOOL REFERENDUM,T SUGAR CAMP W 1-2,NA,ONEIDA,T,SUGAR CAMP
YES,21) PRENTICE SCHOOL REFERENDUM,T THREE LAKES W 1-4,NA,ONEIDA,T,THREE LAKES
YES,21) PRENTICE SCHOOL REFERENDUM,T WOODBORO W 1,NA,ONEIDA,T,WOODBORO
YES,21) PRENTICE SCHOOL REFERENDUM,T WOODRUFF W 1-3,NA,ONEIDA,T,WOODRUFF
YES,21) PRENTICE SCHOOL REFERENDUM,C RHINELANDER W 1-17,NA,ONEIDA,C,RHINELANDER
NO,21) PRENTICE SCHOOL REFERENDUM,T CASSIAN W 1-2,NA,ONEIDA,T,CASSIAN
NO,21) PRENTICE SCHOOL REFERENDUM,T CRESCENT W 1-3,NA,ONEIDA,T,CRESCENT
NO,21) PRENTICE SCHOOL REFERENDUM,T ENTERPRISE W 1,NA,ONEIDA,T,ENTERPRISE
NO,21) PRENTICE SCHOOL REFERENDUM,T HAZELHURST W 1-2,NA,ONEIDA,T,HAZELHURST
NO,21) PRENTICE SCHOOL REFERENDUM,T LAKE TOMAHAWK W 1-2,NA,ONEIDA,T,LAKE TOMAHAWK
NO,21) PRENTICE SCHOOL REFERENDUM,T LITTLE RICE W 1,NA,ONEIDA,T,LITTLE RICE
NO,21) PRENTICE SCHOOL REFERENDUM,T LYNNE W 1,NA,ONEIDA,T,LYNNE
NO,21) PRENTICE SCHOOL REFERENDUM,T MINOCQUA W 1-7,NA,ONEIDA,T,MINOCQUA
NO,21) PRENTICE SCHOOL REFERENDUM,T MONICO W 1,NA,ONEIDA,T,MONICO
NO,21) PRENTICE SCHOOL REFERENDUM,T NEWBOLD W 1,NA,ONEIDA,T,NEWBOLD
NO,21) PRENTICE SCHOOL REFERENDUM,T NEWBOLD W 2-4,NA,ONEIDA,T,NEWBOLD
NO,21) PRENTICE SCHOOL REFERENDUM,T NOKOMIS W 1-2,NA,ONEIDA,T,NOKOMIS
NO,21) PRENTICE SCHOOL REFERENDUM,T PELICAN W 1- 4,NA,ONEIDA,T,PELICAN
NO,21) PRENTICE SCHOOL REFERENDUM,T PIEHL W 1,NA,ONEIDA,T,PIEHL
NO,21) PRENTICE SCHOOL REFERENDUM,T PINE LAKE W 1-4,NA,ONEIDA,T,PINE LAKE
NO,21) PRENTICE SCHOOL REFERENDUM,T SCHOEPKE W 1,NA,ONEIDA,T,SCHOEPKE
NO,21) PRENTICE SCHOOL REFERENDUM,T STELLA W 1-2,NA,ONEIDA,T,STELLA
NO,21) PRENTICE SCHOOL REFERENDUM,T SUGAR CAMP W 1-2,NA,ONEIDA,T,SUGAR CAMP
NO,21) PRENTICE SCHOOL REFERENDUM,T THREE LAKES W 1-4,NA,ONEIDA,T,THREE LAKES
NO,21) PRENTICE SCHOOL REFERENDUM,T WOODBORO W 1,NA,ONEIDA,T,WOODBORO
NO,21) PRENTICE SCHOOL REFERENDUM,T WOODRUFF W 1-3,NA,ONEIDA,T,WOODRUFF
NO,21) PRENTICE SCHOOL REFERENDUM,C RHINELANDER W 1-17,NA,ONEIDA,C,RHINELANDER
