candidate,reporting_unit,votes,contest,county,ctv,municipality
HARRIS / WALZ,AURORA,0,PRESIDENT / VICE PRESIDENT,TAYLOR,T,AURORA
HARRIS / WALZ,BROWNING,0,PRESIDENT / VICE PRESIDENT,TAYLOR,T,BROWNING
HARRIS / WALZ,CHELSEA,0,PRESIDENT / VICE PRESIDENT,TAYLOR,T,CHELSEA
HARRIS / WALZ,CLEVELAND,0,PRESIDENT / VICE PRESIDENT,TAYLOR,T,CLEVELAND
HARRIS / WALZ,DEER CREEK,63,PRESIDENT / VICE PRESIDENT,TAYLOR,T,DEER CREEK
HARRIS / WALZ,FORD,0,PRESIDENT / VICE PRESIDENT,TAYLOR,T,FORD
HARRIS / WALZ,GOODRICH,0,PRESIDENT / VICE PRESIDENT,TAYLOR,T,GOODRICH
HARRIS / WALZ,GREENWOOD,0,PRESIDENT / VICE PRESIDENT,TAYLOR,T,GREENWOOD
HARRIS / WALZ,GROVER,0,PRESIDENT / VICE PRESIDENT,TAYLOR,T,GROVER
HARRIS / WALZ,HAMMEL 1 & 2,94,PRESIDENT / VICE PRESIDENT,TAYLOR,T,HAMMEL
HARRIS / WALZ,HOLWAY,0,PRESIDENT / VICE PRESIDENT,TAYLOR,T,HOLWAY
HARRIS / WALZ,JUMP RIVER,44,PRESIDENT / VICE PRESIDENT,TAYLOR,T,JUMP RIVER
HARRIS / WALZ,LITTLE BLACK 1 & 2,0,PRESIDENT / VICE PRESIDENT,TAYLOR,T,LITTLE BLACK
HARRIS / WALZ,MAPLEHURST,30,PRESIDENT / VICE PRESIDENT,TAYLOR,T,MAPLEHURST
HARRIS / WALZ,MCKINLEY,0,PRESIDENT / VICE PRESIDENT,TAYLOR,T,MCKINLEY
HARRIS / WALZ,MEDFORD 1 - 3,0,PRESIDENT / VICE PRESIDENT,TAYLOR,T,MEDFORD
HARRIS / WALZ,MOLITOR,0,PRESIDENT / VICE PRESIDENT,TAYLOR,T,MOLITOR
TRUMP / VANCE,AURORA,0,PRESIDENT / VICE PRESIDENT,TAYLOR,T,AURORA
TRUMP / VANCE,BROWNING,0,PRESIDENT / VICE PRESIDENT,TAYLOR,T,BROWNING
TRUMP / VANCE,CHELSEA,0,PRESIDENT / VICE PRESIDENT,TAYLOR,T,CHELSEA
TRUMP / VANCE,CLEVELAND,0,PRESIDENT / VICE PRESIDENT,TAYLOR,T,CLEVELAND
TRUMP / VANCE,DEER CREEK,325,PRESIDENT / VICE PRESIDENT,TAYLOR,T,DEER CREEK
TRUMP / VANCE,FORD,0,PRESIDENT / VICE PRESIDENT,TAYLOR,T,FORD
TRUMP / VANCE,GOODRICH,0,PRESIDENT / VICE PRESIDENT,TAYLOR,T,GOODRICH
TRUMP / VANCE,GREENWOOD,0,PRESIDENT / VICE PRESIDENT,TAYLOR,T,GREENWOOD
TRUMP / VANCE,GROVER,0,PRESIDENT / VICE PRESIDENT,TAYLOR,T,GROVER
TRUMP / VANCE,HAMMEL 1 & 2,359,PRESIDENT / VICE PRESIDENT,TAYLOR,T,HAMMEL
TRUMP / VANCE,HOLWAY,0,PRESIDENT / VICE PRESIDENT,TAYLOR,T,HOLWAY
TRUMP / VANCE,JUMP RIVER,109,PRESIDENT / VICE PRESIDENT,TAYLOR,T,JUMP RIVER
TRUMP / VANCE,LITTLE BLACK 1 & 2,0,PRESIDENT / VICE PRESIDENT,TAYLOR,T,LITTLE BLACK
TRUMP / VANCE,MAPLEHURST,149,PRESIDENT / VICE PRESIDENT,TAYLOR,T,MAPLEHURST
TRUMP / VANCE,MCKINLEY,0,PRESIDENT / VICE PRESIDENT,TAYLOR,T,MCKINLEY
TRUMP / VANCE,MEDFORD 1 - 3,0,PRESIDENT / VICE PRESIDENT,TAYLOR,T,MEDFORD
TRUMP / VANCE,MOLITOR,0,PRESIDENT / VICE PRESIDENT,TAYLOR,T,MOLITOR
TERRY / BRODEN,AURORA,0,PRESIDENT / VICE PRESIDENT,TAYLOR,T,AURORA
TERRY / BRODEN,BROWNING,0,PRESIDENT / VICE PRESIDENT,TAYLOR,T,BROWNING
TERRY / BRODEN,CHELSEA,0,PRESIDENT / VICE PRESIDENT,TAYLOR,T,CHELSEA
TERRY / BRODEN,CLEVELAND,0,PRESIDENT / VICE PRESIDENT,TAYLOR,T,CLEVELAND
TERRY / BRODEN,DEER CREEK,2,PRESIDENT / VICE PRESIDENT,TAYLOR,T,DEER CREEK
TERRY / BRODEN,FORD,0,PRESIDENT / VICE PRESIDENT,TAYLOR,T,FORD
TERRY / BRODEN,GOODRICH,0,PRESIDENT / VICE PRESIDENT,TAYLOR,T,GOODRICH
TERRY / BRODEN,GREENWOOD,0,PRESIDENT / VICE PRESIDENT,TAYLOR,T,GREENWOOD
TERRY / BRODEN,GROVER,0,PRESIDENT / VICE PRESIDENT,TAYLOR,T,GROVER
TERRY / BRODEN,HAMMEL 1 & 2,3,PRESIDENT / VICE PRESIDENT,TAYLOR,T,HAMMEL
TERRY / BRODEN,HOLWAY,0,PRESIDENT / VICE PRESIDENT,TAYLOR,T,HOLWAY
TERRY / BRODEN,JUMP RIVER,0,PRESIDENT / VICE PRESIDENT,TAYLOR,T,JUMP RIVER
TERRY / BRODEN,LITTLE BLACK 1 & 2,0,PRESIDENT / VICE PRESIDENT,TAYLOR,T,LITTLE BLACK
TERRY / BRODEN,MAPLEHURST,0,PRESIDENT / VICE PRESIDENT,TAYLOR,T,MAPLEHURST
TERRY / BRODEN,MCKINLEY,0,PRESIDENT / VICE PRESIDENT,TAYLOR,T,MCKINLEY
TERRY / BRODEN,MEDFORD 1 - 3,0,PRESIDENT / VICE PRESIDENT,TAYLOR,T,MEDFORD
TERRY / BRODEN,MOLITOR,0,PRESIDENT / VICE PRESIDENT,TAYLOR,T,MOLITOR
OLIVER / MAAT,AURORA,0,PRESIDENT / VICE PRESIDENT,TAYLOR,T,AURORA
OLIVER / MAAT,BROWNING,0,PRESIDENT / VICE PRESIDENT,TAYLOR,T,BROWNING
OLIVER / MAAT,CHELSEA,0,PRESIDENT / VICE PRESIDENT,TAYLOR,T,CHELSEA
OLIVER / MAAT,CLEVELAND,0,PRESIDENT / VICE PRESIDENT,TAYLOR,T,CLEVELAND
OLIVER / MAAT,DEER CREEK,0,PRESIDENT / VICE PRESIDENT,TAYLOR,T,DEER CREEK
OLIVER / MAAT,FORD,0,PRESIDENT / VICE PRESIDENT,TAYLOR,T,FORD
OLIVER / MAAT,GOODRICH,0,PRESIDENT / VICE PRESIDENT,TAYLOR,T,GOODRICH
OLIVER / MAAT,GREENWOOD,0,PRESIDENT / VICE PRESIDENT,TAYLOR,T,GREENWOOD
OLIVER / MAAT,GROVER,0,PRESIDENT / VICE PRESIDENT,TAYLOR,T,GROVER
OLIVER / MAAT,HAMMEL 1 & 2,1,PRESIDENT / VICE PRESIDENT,TAYLOR,T,HAMMEL
OLIVER / MAAT,HOLWAY,0,PRESIDENT / VICE PRESIDENT,TAYLOR,T,HOLWAY
OLIVER / MAAT,JUMP RIVER,0,PRESIDENT / VICE PRESIDENT,TAYLOR,T,JUMP RIVER
OLIVER / MAAT,LITTLE BLACK 1 & 2,0,PRESIDENT / VICE PRESIDENT,TAYLOR,T,LITTLE BLACK
OLIVER / MAAT,MAPLEHURST,0,PRESIDENT / VICE PRESIDENT,TAYLOR,T,MAPLEHURST
OLIVER / MAAT,MCKINLEY,0,PRESIDENT / VICE PRESIDENT,TAYLOR,T,MCKINLEY
OLIVER / MAAT,MEDFORD 1 - 3,0,PRESIDENT / VICE PRESIDENT,TAYLOR,T,MEDFORD
OLIVER / MAAT,MOLITOR,0,PRESIDENT / VICE PRESIDENT,TAYLOR,T,MOLITOR
STEIN / WARE,AURORA,0,PRESIDENT / VICE PRESIDENT,TAYLOR,T,AURORA
STEIN / WARE,BROWNING,0,PRESIDENT / VICE PRESIDENT,TAYLOR,T,BROWNING
STEIN / WARE,CHELSEA,0,PRESIDENT / VICE PRESIDENT,TAYLOR,T,CHELSEA
STEIN / WARE,CLEVELAND,0,PRESIDENT / VICE PRESIDENT,TAYLOR,T,CLEVELAND
STEIN / WARE,DEER CREEK,1,PRESIDENT / VICE PRESIDENT,TAYLOR,T,DEER CREEK
STEIN / WARE,FORD,0,PRESIDENT / VICE PRESIDENT,TAYLOR,T,FORD
STEIN / WARE,GOODRICH,0,PRESIDENT / VICE PRESIDENT,TAYLOR,T,GOODRICH
STEIN / WARE,GREENWOOD,0,PRESIDENT / VICE PRESIDENT,TAYLOR,T,GREENWOOD
STEIN / WARE,GROVER,0,PRESIDENT / VICE PRESIDENT,TAYLOR,T,GROVER
STEIN / WARE,HAMMEL 1 & 2,0,PRESIDENT / VICE PRESIDENT,TAYLOR,T,HAMMEL
STEIN / WARE,HOLWAY,0,PRESIDENT / VICE PRESIDENT,TAYLOR,T,HOLWAY
STEIN / WARE,JUMP RIVER,0,PRESIDENT / VICE PRESIDENT,TAYLOR,T,JUMP RIVER
STEIN / WARE,LITTLE BLACK 1 & 2,0,PRESIDENT / VICE PRESIDENT,TAYLOR,T,LITTLE BLACK
STEIN / WARE,MAPLEHURST,0,PRESIDENT / VICE PRESIDENT,TAYLOR,T,MAPLEHURST
STEIN / WARE,MCKINLEY,0,PRESIDENT / VICE PRESIDENT,TAYLOR,T,MCKINLEY
STEIN / WARE,MEDFORD 1 - 3,0,PRESIDENT / VICE PRESIDENT,TAYLOR,T,MEDFORD
STEIN / WARE,MOLITOR,0,PRESIDENT / VICE PRESIDENT,TAYLOR,T,MOLITOR
DE LA CRUZ / GARCIA,AURORA,0,PRESIDENT / VICE PRESIDENT,TAYLOR,T,AURORA
DE LA CRUZ / GARCIA,BROWNING,0,PRESIDENT / VICE PRESIDENT,TAYLOR,T,BROWNING
DE LA CRUZ / GARCIA,CHELSEA,0,PRESIDENT / VICE PRESIDENT,TAYLOR,T,CHELSEA
DE LA CRUZ / GARCIA,CLEVELAND,0,PRESIDENT / VICE PRESIDENT,TAYLOR,T,CLEVELAND
DE LA CRUZ / GARCIA,DEER CREEK,0,PRESIDENT / VICE PRESIDENT,TAYLOR,T,DEER CREEK
DE LA CRUZ / GARCIA,FORD,0,PRESIDENT / VICE PRESIDENT,TAYLOR,T,FORD
DE LA CRUZ / GARCIA,GOODRICH,0,PRESIDENT / VICE PRESIDENT,TAYLOR,T,GOODRICH
DE LA CRUZ / GARCIA,GREENWOOD,0,PRESIDENT / VICE PRESIDENT,TAYLOR,T,GREENWOOD
DE LA CRUZ / GARCIA,GROVER,0,PRESIDENT / VICE PRESIDENT,TAYLOR,T,GROVER
DE LA CRUZ / GARCIA,HAMMEL 1 & 2,0,PRESIDENT / VICE PRESIDENT,TAYLOR,T,HAMMEL
DE LA CRUZ / GARCIA,HOLWAY,0,PRESIDENT / VICE PRESIDENT,TAYLOR,T,HOLWAY
DE LA CRUZ / GARCIA,JUMP RIVER,0,PRESIDENT / VICE PRESIDENT,TAYLOR,T,JUMP RIVER
DE LA CRUZ / GARCIA,LITTLE BLACK 1 & 2,0,PRESIDENT / VICE PRESIDENT,TAYLOR,T,LITTLE BLACK
DE LA CRUZ / GARCIA,MAPLEHURST,0,PRESIDENT / VICE PRESIDENT,TAYLOR,T,MAPLEHURST
DE LA CRUZ / GARCIA,MCKINLEY,0,PRESIDENT / VICE PRESIDENT,TAYLOR,T,MCKINLEY
DE LA CRUZ / GARCIA,MEDFORD 1 - 3,0,PRESIDENT / VICE PRESIDENT,TAYLOR,T,MEDFORD
DE LA CRUZ / GARCIA,MOLITOR,0,PRESIDENT / VICE PRESIDENT,TAYLOR,T,MOLITOR
WEST / ABDULLAH,AURORA,0,PRESIDENT / VICE PRESIDENT,TAYLOR,T,AURORA
WEST / ABDULLAH,BROWNING,0,PRESIDENT / VICE PRESIDENT,TAYLOR,T,BROWNING
WEST / ABDULLAH,CHELSEA,0,PRESIDENT / VICE PRESIDENT,TAYLOR,T,CHELSEA
WEST / ABDULLAH,CLEVELAND,0,PRESIDENT / VICE PRESIDENT,TAYLOR,T,CLEVELAND
WEST / ABDULLAH,DEER CREEK,0,PRESIDENT / VICE PRESIDENT,TAYLOR,T,DEER CREEK
WEST / ABDULLAH,FORD,0,PRESIDENT / VICE PRESIDENT,TAYLOR,T,FORD
WEST / ABDULLAH,GOODRICH,0,PRESIDENT / VICE PRESIDENT,TAYLOR,T,GOODRICH
WEST / ABDULLAH,GREENWOOD,0,PRESIDENT / VICE PRESIDENT,TAYLOR,T,GREENWOOD
WEST / ABDULLAH,GROVER,0,PRESIDENT / VICE PRESIDENT,TAYLOR,T,GROVER
WEST / ABDULLAH,HAMMEL 1 & 2,0,PRESIDENT / VICE PRESIDENT,TAYLOR,T,HAMMEL
WEST / ABDULLAH,HOLWAY,0,PRESIDENT / VICE PRESIDENT,TAYLOR,T,HOLWAY
WEST / ABDULLAH,JUMP RIVER,0,PRESIDENT / VICE PRESIDENT,TAYLOR,T,JUMP RIVER
WEST / ABDULLAH,LITTLE BLACK 1 & 2,0,PRESIDENT / VICE PRESIDENT,TAYLOR,T,LITTLE BLACK
WEST / ABDULLAH,MAPLEHURST,0,PRESIDENT / VICE PRESIDENT,TAYLOR,T,MAPLEHURST
WEST / ABDULLAH,MCKINLEY,0,PRESIDENT / VICE PRESIDENT,TAYLOR,T,MCKINLEY
WEST / ABDULLAH,MEDFORD 1 - 3,0,PRESIDENT / VICE PRESIDENT,TAYLOR,T,MEDFORD
WEST / ABDULLAH,MOLITOR,0,PRESIDENT / VICE PRESIDENT,TAYLOR,T,MOLITOR
"KENNEDY, JR. / SHANAHAN",AURORA,0,PRESIDENT / VICE PRESIDENT,TAYLOR,T,AURORA
"KENNEDY, JR. / SHANAHAN",BROWNING,0,PRESIDENT / VICE PRESIDENT,TAYLOR,T,BROWNING
"KENNEDY, JR. / SHANAHAN",CHELSEA,0,PRESIDENT / VICE PRESIDENT,TAYLOR,T,CHELSEA
"KENNEDY, JR. / SHANAHAN",CLEVELAND,0,PRESIDENT / VICE PRESIDENT,TAYLOR,T,CLEVELAND
"KENNEDY, JR. / SHANAHAN",DEER CREEK,0,PRESIDENT / VICE PRESIDENT,TAYLOR,T,DEER CREEK
"KENNEDY, JR. / SHANAHAN",FORD,0,PRESIDENT / VICE PRESIDENT,TAYLOR,T,FORD
"KENNEDY, JR. / SHANAHAN",GOODRICH,0,PRESIDENT / VICE PRESIDENT,TAYLOR,T,GOODRICH
"KENNEDY, JR. / SHANAHAN",GREENWOOD,0,PRESIDENT / VICE PRESIDENT,TAYLOR,T,GREENWOOD
"KENNEDY, JR. / SHANAHAN",GROVER,0,PRESIDENT / VICE PRESIDENT,TAYLOR,T,GROVER
"KENNEDY, JR. / SHANAHAN",HAMMEL 1 & 2,0,PRESIDENT / VICE PRESIDENT,TAYLOR,T,HAMMEL
"KENNEDY, JR. / SHANAHAN",HOLWAY,0,PRESIDENT / VICE PRESIDENT,TAYLOR,T,HOLWAY
"KENNEDY, JR. / SHANAHAN",JUMP RIVER,0,PRESIDENT / VICE PRESIDENT,TAYLOR,T,JUMP RIVER
"KENNEDY, JR. / SHANAHAN",LITTLE BLACK 1 & 2,0,PRESIDENT / VICE PRESIDENT,TAYLOR,T,LITTLE BLACK
"KENNEDY, JR. / SHANAHAN",MAPLEHURST,1,PRESIDENT / VICE PRESIDENT,TAYLOR,T,MAPLEHURST
"KENNEDY, JR. / SHANAHAN",MCKINLEY,0,PRESIDENT / VICE PRESIDENT,TAYLOR,T,MCKINLEY
"KENNEDY, JR. / SHANAHAN",MEDFORD 1 - 3,0,PRESIDENT / VICE PRESIDENT,TAYLOR,T,MEDFORD
"KENNEDY, JR. / SHANAHAN",MOLITOR,0,PRESIDENT / VICE PRESIDENT,TAYLOR,T,MOLITOR
WRITE-IN,AURORA,0,PRESIDENT / VICE PRESIDENT,TAYLOR,T,AURORA
WRITE-IN,BROWNING,0,PRESIDENT / VICE PRESIDENT,TAYLOR,T,BROWNING
WRITE-IN,CHELSEA,0,PRESIDENT / VICE PRESIDENT,TAYLOR,T,CHELSEA
WRITE-IN,CLEVELAND,0,PRESIDENT / VICE PRESIDENT,TAYLOR,T,CLEVELAND
WRITE-IN,DEER CREEK,0,PRESIDENT / VICE PRESIDENT,TAYLOR,T,DEER CREEK
WRITE-IN,FORD,0,PRESIDENT / VICE PRESIDENT,TAYLOR,T,FORD
WRITE-IN,GOODRICH,0,PRESIDENT / VICE PRESIDENT,TAYLOR,T,GOODRICH
WRITE-IN,GREENWOOD,0,PRESIDENT / VICE PRESIDENT,TAYLOR,T,GREENWOOD
WRITE-IN,GROVER,0,PRESIDENT / VICE PRESIDENT,TAYLOR,T,GROVER
WRITE-IN,HAMMEL 1 & 2,0,PRESIDENT / VICE PRESIDENT,TAYLOR,T,HAMMEL
WRITE-IN,HOLWAY,0,PRESIDENT / VICE PRESIDENT,TAYLOR,T,HOLWAY
WRITE-IN,JUMP RIVER,0,PRESIDENT / VICE PRESIDENT,TAYLOR,T,JUMP RIVER
WRITE-IN,LITTLE BLACK 1 & 2,0,PRESIDENT / VICE PRESIDENT,TAYLOR,T,LITTLE BLACK
WRITE-IN,MAPLEHURST,0,PRESIDENT / VICE PRESIDENT,TAYLOR,T,MAPLEHURST
WRITE-IN,MCKINLEY,0,PRESIDENT / VICE PRESIDENT,TAYLOR,T,MCKINLEY
WRITE-IN,MEDFORD 1 - 3,0,PRESIDENT / VICE PRESIDENT,TAYLOR,T,MEDFORD
WRITE-IN,MOLITOR,0,PRESIDENT / VICE PRESIDENT,TAYLOR,T,MOLITOR
HARRIS / WALZ,PERSHING,0,PRESIDENT / VICE PRESIDENT,TAYLOR,T,PERSHING
HARRIS / WALZ,RIB LAKE 1 & 2,111,PRESIDENT / VICE PRESIDENT,TAYLOR,T,RIB LAKE
HARRIS / WALZ,ROOSEVELT,55,PRESIDENT / VICE PRESIDENT,TAYLOR,T,ROOSEVELT
HARRIS / WALZ,TAFT,48,PRESIDENT / VICE PRESIDENT,TAYLOR,T,TAFT
HARRIS / WALZ,WESTBORO,0,PRESIDENT / VICE PRESIDENT,TAYLOR,T,WESTBORO
HARRIS / WALZ,VILLAGE GILMAN,0,PRESIDENT / VICE PRESIDENT,TAYLOR,V,GILMAN
HARRIS / WALZ,VILLAGE LUBLIN,17,PRESIDENT / VICE PRESIDENT,TAYLOR,V,LUBLIN
HARRIS / WALZ,VILLAGE RIB LAKE,0,PRESIDENT / VICE PRESIDENT,TAYLOR,V,RIB LAKE
HARRIS / WALZ,VILLAGE STETSONVILLE,71,PRESIDENT / VICE PRESIDENT,TAYLOR,V,STETSONVILLE
HARRIS / WALZ,C. MEDFORD 1 - 8,0,PRESIDENT / VICE PRESIDENT,TAYLOR,C,MEDFORD
TRUMP / VANCE,PERSHING,0,PRESIDENT / VICE PRESIDENT,TAYLOR,T,PERSHING
TRUMP / VANCE,RIB LAKE 1 & 2,334,PRESIDENT / VICE PRESIDENT,TAYLOR,T,RIB LAKE
TRUMP / VANCE,ROOSEVELT,142,PRESIDENT / VICE PRESIDENT,TAYLOR,T,ROOSEVELT
TRUMP / VANCE,TAFT,115,PRESIDENT / VICE PRESIDENT,TAYLOR,T,TAFT
TRUMP / VANCE,WESTBORO,0,PRESIDENT / VICE PRESIDENT,TAYLOR,T,WESTBORO
TRUMP / VANCE,VILLAGE GILMAN,0,PRESIDENT / VICE PRESIDENT,TAYLOR,V,GILMAN
TRUMP / VANCE,VILLAGE LUBLIN,43,PRESIDENT / VICE PRESIDENT,TAYLOR,V,LUBLIN
TRUMP / VANCE,VILLAGE RIB LAKE,0,PRESIDENT / VICE PRESIDENT,TAYLOR,V,RIB LAKE
TRUMP / VANCE,VILLAGE STETSONVILLE,197,PRESIDENT / VICE PRESIDENT,TAYLOR,V,STETSONVILLE
TRUMP / VANCE,C. MEDFORD 1 - 8,0,PRESIDENT / VICE PRESIDENT,TAYLOR,C,MEDFORD
TERRY / BRODEN,PERSHING,0,PRESIDENT / VICE PRESIDENT,TAYLOR,T,PERSHING
TERRY / BRODEN,RIB LAKE 1 & 2,0,PRESIDENT / VICE PRESIDENT,TAYLOR,T,RIB LAKE
TERRY / BRODEN,ROOSEVELT,0,PRESIDENT / VICE PRESIDENT,TAYLOR,T,ROOSEVELT
TERRY / BRODEN,TAFT,0,PRESIDENT / VICE PRESIDENT,TAYLOR,T,TAFT
TERRY / BRODEN,WESTBORO,0,PRESIDENT / VICE PRESIDENT,TAYLOR,T,WESTBORO
TERRY / BRODEN,VILLAGE GILMAN,0,PRESIDENT / VICE PRESIDENT,TAYLOR,V,GILMAN
TERRY / BRODEN,VILLAGE LUBLIN,0,PRESIDENT / VICE PRESIDENT,TAYLOR,V,LUBLIN
TERRY / BRODEN,VILLAGE RIB LAKE,0,PRESIDENT / VICE PRESIDENT,TAYLOR,V,RIB LAKE
TERRY / BRODEN,VILLAGE STETSONVILLE,0,PRESIDENT / VICE PRESIDENT,TAYLOR,V,STETSONVILLE
TERRY / BRODEN,C. MEDFORD 1 - 8,0,PRESIDENT / VICE PRESIDENT,TAYLOR,C,MEDFORD
OLIVER / MAAT,PERSHING,0,PRESIDENT / VICE PRESIDENT,TAYLOR,T,PERSHING
OLIVER / MAAT,RIB LAKE 1 & 2,0,PRESIDENT / VICE PRESIDENT,TAYLOR,T,RIB LAKE
OLIVER / MAAT,ROOSEVELT,0,PRESIDENT / VICE PRESIDENT,TAYLOR,T,ROOSEVELT
OLIVER / MAAT,TAFT,0,PRESIDENT / VICE PRESIDENT,TAYLOR,T,TAFT
OLIVER / MAAT,WESTBORO,0,PRESIDENT / VICE PRESIDENT,TAYLOR,T,WESTBORO
OLIVER / MAAT,VILLAGE GILMAN,0,PRESIDENT / VICE PRESIDENT,TAYLOR,V,GILMAN
OLIVER / MAAT,VILLAGE LUBLIN,0,PRESIDENT / VICE PRESIDENT,TAYLOR,V,LUBLIN
OLIVER / MAAT,VILLAGE RIB LAKE,0,PRESIDENT / VICE PRESIDENT,TAYLOR,V,RIB LAKE
OLIVER / MAAT,VILLAGE STETSONVILLE,1,PRESIDENT / VICE PRESIDENT,TAYLOR,V,STETSONVILLE
OLIVER / MAAT,C. MEDFORD 1 - 8,0,PRESIDENT / VICE PRESIDENT,TAYLOR,C,MEDFORD
STEIN / WARE,PERSHING,0,PRESIDENT / VICE PRESIDENT,TAYLOR,T,PERSHING
STEIN / WARE,RIB LAKE 1 & 2,0,PRESIDENT / VICE PRESIDENT,TAYLOR,T,RIB LAKE
STEIN / WARE,ROOSEVELT,0,PRESIDENT / VICE PRESIDENT,TAYLOR,T,ROOSEVELT
STEIN / WARE,TAFT,0,PRESIDENT / VICE PRESIDENT,TAYLOR,T,TAFT
STEIN / WARE,WESTBORO,0,PRESIDENT / VICE PRESIDENT,TAYLOR,T,WESTBORO
STEIN / WARE,VILLAGE GILMAN,0,PRESIDENT / VICE PRESIDENT,TAYLOR,V,GILMAN
STEIN / WARE,VILLAGE LUBLIN,0,PRESIDENT / VICE PRESIDENT,TAYLOR,V,LUBLIN
STEIN / WARE,VILLAGE RIB LAKE,0,PRESIDENT / VICE PRESIDENT,TAYLOR,V,RIB LAKE
STEIN / WARE,VILLAGE STETSONVILLE,0,PRESIDENT / VICE PRESIDENT,TAYLOR,V,STETSONVILLE
STEIN / WARE,C. MEDFORD 1 - 8,0,PRESIDENT / VICE PRESIDENT,TAYLOR,C,MEDFORD
DE LA CRUZ / GARCIA,PERSHING,0,PRESIDENT / VICE PRESIDENT,TAYLOR,T,PERSHING
DE LA CRUZ / GARCIA,RIB LAKE 1 & 2,0,PRESIDENT / VICE PRESIDENT,TAYLOR,T,RIB LAKE
DE LA CRUZ / GARCIA,ROOSEVELT,0,PRESIDENT / VICE PRESIDENT,TAYLOR,T,ROOSEVELT
DE LA CRUZ / GARCIA,TAFT,0,PRESIDENT / VICE PRESIDENT,TAYLOR,T,TAFT
DE LA CRUZ / GARCIA,WESTBORO,0,PRESIDENT / VICE PRESIDENT,TAYLOR,T,WESTBORO
DE LA CRUZ / GARCIA,VILLAGE GILMAN,0,PRESIDENT / VICE PRESIDENT,TAYLOR,V,GILMAN
DE LA CRUZ / GARCIA,VILLAGE LUBLIN,0,PRESIDENT / VICE PRESIDENT,TAYLOR,V,LUBLIN
DE LA CRUZ / GARCIA,VILLAGE RIB LAKE,0,PRESIDENT / VICE PRESIDENT,TAYLOR,V,RIB LAKE
DE LA CRUZ / GARCIA,VILLAGE STETSONVILLE,0,PRESIDENT / VICE PRESIDENT,TAYLOR,V,STETSONVILLE
DE LA CRUZ / GARCIA,C. MEDFORD 1 - 8,0,PRESIDENT / VICE PRESIDENT,TAYLOR,C,MEDFORD
WEST / ABDULLAH,PERSHING,0,PRESIDENT / VICE PRESIDENT,TAYLOR,T,PERSHING
WEST / ABDULLAH,RIB LAKE 1 & 2,0,PRESIDENT / VICE PRESIDENT,TAYLOR,T,RIB LAKE
WEST / ABDULLAH,ROOSEVELT,0,PRESIDENT / VICE PRESIDENT,TAYLOR,T,ROOSEVELT
WEST / ABDULLAH,TAFT,0,PRESIDENT / VICE PRESIDENT,TAYLOR,T,TAFT
WEST / ABDULLAH,WESTBORO,0,PRESIDENT / VICE PRESIDENT,TAYLOR,T,WESTBORO
WEST / ABDULLAH,VILLAGE GILMAN,0,PRESIDENT / VICE PRESIDENT,TAYLOR,V,GILMAN
WEST / ABDULLAH,VILLAGE LUBLIN,0,PRESIDENT / VICE PRESIDENT,TAYLOR,V,LUBLIN
WEST / ABDULLAH,VILLAGE RIB LAKE,0,PRESIDENT / VICE PRESIDENT,TAYLOR,V,RIB LAKE
WEST / ABDULLAH,VILLAGE STETSONVILLE,0,PRESIDENT / VICE PRESIDENT,TAYLOR,V,STETSONVILLE
WEST / ABDULLAH,C. MEDFORD 1 - 8,0,PRESIDENT / VICE PRESIDENT,TAYLOR,C,MEDFORD
"KENNEDY, JR. / SHANAHAN",PERSHING,0,PRESIDENT / VICE PRESIDENT,TAYLOR,T,PERSHING
"KENNEDY, JR. / SHANAHAN",RIB LAKE 1 & 2,3,PRESIDENT / VICE PRESIDENT,TAYLOR,T,RIB LAKE
"KENNEDY, JR. / SHANAHAN",ROOSEVELT,1,PRESIDENT / VICE PRESIDENT,TAYLOR,T,ROOSEVELT
"KENNEDY, JR. / SHANAHAN",TAFT,2,PRESIDENT / VICE PRESIDENT,TAYLOR,T,TAFT
"KENNEDY, JR. / SHANAHAN",WESTBORO,0,PRESIDENT / VICE PRESIDENT,TAYLOR,T,WESTBORO
"KENNEDY, JR. / SHANAHAN",VILLAGE GILMAN,0,PRESIDENT / VICE PRESIDENT,TAYLOR,V,GILMAN
"KENNEDY, JR. / SHANAHAN",VILLAGE LUBLIN,0,PRESIDENT / VICE PRESIDENT,TAYLOR,V,LUBLIN
"KENNEDY, JR. / SHANAHAN",VILLAGE RIB LAKE,0,PRESIDENT / VICE PRESIDENT,TAYLOR,V,RIB LAKE
"KENNEDY, JR. / SHANAHAN",VILLAGE STETSONVILLE,0,PRESIDENT / VICE PRESIDENT,TAYLOR,V,STETSONVILLE
"KENNEDY, JR. / SHANAHAN",C. MEDFORD 1 - 8,0,PRESIDENT / VICE PRESIDENT,TAYLOR,C,MEDFORD
WRITE-IN,PERSHING,0,PRESIDENT / VICE PRESIDENT,TAYLOR,T,PERSHING
WRITE-IN,RIB LAKE 1 & 2,0,PRESIDENT / VICE PRESIDENT,TAYLOR,T,RIB LAKE
WRITE-IN,ROOSEVELT,0,PRESIDENT / VICE PRESIDENT,TAYLOR,T,ROOSEVELT
WRITE-IN,TAFT,0,PRESIDENT / VICE PRESIDENT,TAYLOR,T,TAFT
WRITE-IN,WESTBORO,0,PRESIDENT / VICE PRESIDENT,TAYLOR,T,WESTBORO
WRITE-IN,VILLAGE GILMAN,0,PRESIDENT / VICE PRESIDENT,TAYLOR,V,GILMAN
WRITE-IN,VILLAGE LUBLIN,0,PRESIDENT / VICE PRESIDENT,TAYLOR,V,LUBLIN
WRITE-IN,VILLAGE RIB LAKE,0,PRESIDENT / VICE PRESIDENT,TAYLOR,V,RIB LAKE
WRITE-IN,VILLAGE STETSONVILLE,0,PRESIDENT / VICE PRESIDENT,TAYLOR,V,STETSONVILLE
WRITE-IN,C. MEDFORD 1 - 8,0,PRESIDENT / VICE PRESIDENT,TAYLOR,C,MEDFORD
TAMMY BALDWIN,AURORA,0,UNITED STATES SENATOR,TAYLOR,T,AURORA
TAMMY BALDWIN,BROWNING,0,UNITED STATES SENATOR,TAYLOR,T,BROWNING
TAMMY BALDWIN,CHELSEA,0,UNITED STATES SENATOR,TAYLOR,T,CHELSEA
TAMMY BALDWIN,CLEVELAND,0,UNITED STATES SENATOR,TAYLOR,T,CLEVELAND
TAMMY BALDWIN,DEER CREEK,67,UNITED STATES SENATOR,TAYLOR,T,DEER CREEK
TAMMY BALDWIN,FORD,0,UNITED STATES SENATOR,TAYLOR,T,FORD
TAMMY BALDWIN,GOODRICH,0,UNITED STATES SENATOR,TAYLOR,T,GOODRICH
TAMMY BALDWIN,GREENWOOD,0,UNITED STATES SENATOR,TAYLOR,T,GREENWOOD
TAMMY BALDWIN,GROVER,0,UNITED STATES SENATOR,TAYLOR,T,GROVER
TAMMY BALDWIN,HAMMEL 1 & 2,105,UNITED STATES SENATOR,TAYLOR,T,HAMMEL
TAMMY BALDWIN,HOLWAY,0,UNITED STATES SENATOR,TAYLOR,T,HOLWAY
TAMMY BALDWIN,JUMP RIVER,39,UNITED STATES SENATOR,TAYLOR,T,JUMP RIVER
TAMMY BALDWIN,LITTLE BLACK 1 & 2,0,UNITED STATES SENATOR,TAYLOR,T,LITTLE BLACK
TAMMY BALDWIN,MAPLEHURST,37,UNITED STATES SENATOR,TAYLOR,T,MAPLEHURST
TAMMY BALDWIN,MCKINLEY,0,UNITED STATES SENATOR,TAYLOR,T,MCKINLEY
TAMMY BALDWIN,MEDFORD 1 - 3,0,UNITED STATES SENATOR,TAYLOR,T,MEDFORD
TAMMY BALDWIN,MOLITOR,0,UNITED STATES SENATOR,TAYLOR,T,MOLITOR
ERIC HOVDE,AURORA,0,UNITED STATES SENATOR,TAYLOR,T,AURORA
ERIC HOVDE,BROWNING,0,UNITED STATES SENATOR,TAYLOR,T,BROWNING
ERIC HOVDE,CHELSEA,0,UNITED STATES SENATOR,TAYLOR,T,CHELSEA
ERIC HOVDE,CLEVELAND,0,UNITED STATES SENATOR,TAYLOR,T,CLEVELAND
ERIC HOVDE,DEER CREEK,310,UNITED STATES SENATOR,TAYLOR,T,DEER CREEK
ERIC HOVDE,FORD,0,UNITED STATES SENATOR,TAYLOR,T,FORD
ERIC HOVDE,GOODRICH,0,UNITED STATES SENATOR,TAYLOR,T,GOODRICH
ERIC HOVDE,GREENWOOD,0,UNITED STATES SENATOR,TAYLOR,T,GREENWOOD
ERIC HOVDE,GROVER,0,UNITED STATES SENATOR,TAYLOR,T,GROVER
ERIC HOVDE,HAMMEL 1 & 2,338,UNITED STATES SENATOR,TAYLOR,T,HAMMEL
ERIC HOVDE,HOLWAY,0,UNITED STATES SENATOR,TAYLOR,T,HOLWAY
ERIC HOVDE,JUMP RIVER,108,UNITED STATES SENATOR,TAYLOR,T,JUMP RIVER
ERIC HOVDE,LITTLE BLACK 1 & 2,0,UNITED STATES SENATOR,TAYLOR,T,LITTLE BLACK
ERIC HOVDE,MAPLEHURST,139,UNITED STATES SENATOR,TAYLOR,T,MAPLEHURST
ERIC HOVDE,MCKINLEY,0,UNITED STATES SENATOR,TAYLOR,T,MCKINLEY
ERIC HOVDE,MEDFORD 1 - 3,0,UNITED STATES SENATOR,TAYLOR,T,MEDFORD
ERIC HOVDE,MOLITOR,0,UNITED STATES SENATOR,TAYLOR,T,MOLITOR
PHIL ANDERSON,AURORA,0,UNITED STATES SENATOR,TAYLOR,T,AURORA
PHIL ANDERSON,BROWNING,0,UNITED STATES SENATOR,TAYLOR,T,BROWNING
PHIL ANDERSON,CHELSEA,0,UNITED STATES SENATOR,TAYLOR,T,CHELSEA
PHIL ANDERSON,CLEVELAND,0,UNITED STATES SENATOR,TAYLOR,T,CLEVELAND
PHIL ANDERSON,DEER CREEK,3,UNITED STATES SENATOR,TAYLOR,T,DEER CREEK
PHIL ANDERSON,FORD,0,UNITED STATES SENATOR,TAYLOR,T,FORD
PHIL ANDERSON,GOODRICH,0,UNITED STATES SENATOR,TAYLOR,T,GOODRICH
PHIL ANDERSON,GREENWOOD,0,UNITED STATES SENATOR,TAYLOR,T,GREENWOOD
PHIL ANDERSON,GROVER,0,UNITED STATES SENATOR,TAYLOR,T,GROVER
PHIL ANDERSON,HAMMEL 1 & 2,6,UNITED STATES SENATOR,TAYLOR,T,HAMMEL
PHIL ANDERSON,HOLWAY,0,UNITED STATES SENATOR,TAYLOR,T,HOLWAY
PHIL ANDERSON,JUMP RIVER,5,UNITED STATES SENATOR,TAYLOR,T,JUMP RIVER
PHIL ANDERSON,LITTLE BLACK 1 & 2,0,UNITED STATES SENATOR,TAYLOR,T,LITTLE BLACK
PHIL ANDERSON,MAPLEHURST,3,UNITED STATES SENATOR,TAYLOR,T,MAPLEHURST
PHIL ANDERSON,MCKINLEY,0,UNITED STATES SENATOR,TAYLOR,T,MCKINLEY
PHIL ANDERSON,MEDFORD 1 - 3,0,UNITED STATES SENATOR,TAYLOR,T,MEDFORD
PHIL ANDERSON,MOLITOR,0,UNITED STATES SENATOR,TAYLOR,T,MOLITOR
THOMAS LEAGER,AURORA,0,UNITED STATES SENATOR,TAYLOR,T,AURORA
THOMAS LEAGER,BROWNING,0,UNITED STATES SENATOR,TAYLOR,T,BROWNING
THOMAS LEAGER,CHELSEA,0,UNITED STATES SENATOR,TAYLOR,T,CHELSEA
THOMAS LEAGER,CLEVELAND,0,UNITED STATES SENATOR,TAYLOR,T,CLEVELAND
THOMAS LEAGER,DEER CREEK,7,UNITED STATES SENATOR,TAYLOR,T,DEER CREEK
THOMAS LEAGER,FORD,0,UNITED STATES SENATOR,TAYLOR,T,FORD
THOMAS LEAGER,GOODRICH,0,UNITED STATES SENATOR,TAYLOR,T,GOODRICH
THOMAS LEAGER,GREENWOOD,0,UNITED STATES SENATOR,TAYLOR,T,GREENWOOD
THOMAS LEAGER,GROVER,0,UNITED STATES SENATOR,TAYLOR,T,GROVER
THOMAS LEAGER,HAMMEL 1 & 2,6,UNITED STATES SENATOR,TAYLOR,T,HAMMEL
THOMAS LEAGER,HOLWAY,0,UNITED STATES SENATOR,TAYLOR,T,HOLWAY
THOMAS LEAGER,JUMP RIVER,1,UNITED STATES SENATOR,TAYLOR,T,JUMP RIVER
THOMAS LEAGER,LITTLE BLACK 1 & 2,0,UNITED STATES SENATOR,TAYLOR,T,LITTLE BLACK
THOMAS LEAGER,MAPLEHURST,1,UNITED STATES SENATOR,TAYLOR,T,MAPLEHURST
THOMAS LEAGER,MCKINLEY,0,UNITED STATES SENATOR,TAYLOR,T,MCKINLEY
THOMAS LEAGER,MEDFORD 1 - 3,0,UNITED STATES SENATOR,TAYLOR,T,MEDFORD
THOMAS LEAGER,MOLITOR,0,UNITED STATES SENATOR,TAYLOR,T,MOLITOR
WRITE-IN,AURORA,0,UNITED STATES SENATOR,TAYLOR,T,AURORA
WRITE-IN,BROWNING,0,UNITED STATES SENATOR,TAYLOR,T,BROWNING
WRITE-IN,CHELSEA,0,UNITED STATES SENATOR,TAYLOR,T,CHELSEA
WRITE-IN,CLEVELAND,0,UNITED STATES SENATOR,TAYLOR,T,CLEVELAND
WRITE-IN,DEER CREEK,0,UNITED STATES SENATOR,TAYLOR,T,DEER CREEK
WRITE-IN,FORD,0,UNITED STATES SENATOR,TAYLOR,T,FORD
WRITE-IN,GOODRICH,0,UNITED STATES SENATOR,TAYLOR,T,GOODRICH
WRITE-IN,GREENWOOD,0,UNITED STATES SENATOR,TAYLOR,T,GREENWOOD
WRITE-IN,GROVER,0,UNITED STATES SENATOR,TAYLOR,T,GROVER
WRITE-IN,HAMMEL 1 & 2,0,UNITED STATES SENATOR,TAYLOR,T,HAMMEL
WRITE-IN,HOLWAY,0,UNITED STATES SENATOR,TAYLOR,T,HOLWAY
WRITE-IN,JUMP RIVER,0,UNITED STATES SENATOR,TAYLOR,T,JUMP RIVER
WRITE-IN,LITTLE BLACK 1 & 2,0,UNITED STATES SENATOR,TAYLOR,T,LITTLE BLACK
WRITE-IN,MAPLEHURST,0,UNITED STATES SENATOR,TAYLOR,T,MAPLEHURST
WRITE-IN,MCKINLEY,0,UNITED STATES SENATOR,TAYLOR,T,MCKINLEY
WRITE-IN,MEDFORD 1 - 3,0,UNITED STATES SENATOR,TAYLOR,T,MEDFORD
WRITE-IN,MOLITOR,0,UNITED STATES SENATOR,TAYLOR,T,MOLITOR
TAMMY BALDWIN,PERSHING,0,UNITED STATES SENATOR,TAYLOR,T,PERSHING
TAMMY BALDWIN,RIB LAKE 1 & 2,105,UNITED STATES SENATOR,TAYLOR,T,RIB LAKE
TAMMY BALDWIN,ROOSEVELT,58,UNITED STATES SENATOR,TAYLOR,T,ROOSEVELT
TAMMY BALDWIN,TAFT,47,UNITED STATES SENATOR,TAYLOR,T,TAFT
TAMMY BALDWIN,WESTBORO,0,UNITED STATES SENATOR,TAYLOR,T,WESTBORO
TAMMY BALDWIN,VILLAGE GILMAN,0,UNITED STATES SENATOR,TAYLOR,V,GILMAN
TAMMY BALDWIN,VILLAGE LUBLIN,15,UNITED STATES SENATOR,TAYLOR,V,LUBLIN
TAMMY BALDWIN,VILLAGE RIB LAKE,0,UNITED STATES SENATOR,TAYLOR,V,RIB LAKE
TAMMY BALDWIN,VILLAGE STETSONVILLE,74,UNITED STATES SENATOR,TAYLOR,V,STETSONVILLE
TAMMY BALDWIN,C. MEDFORD 1 - 8,0,UNITED STATES SENATOR,TAYLOR,C,MEDFORD
ERIC HOVDE,PERSHING,0,UNITED STATES SENATOR,TAYLOR,T,PERSHING
ERIC HOVDE,RIB LAKE 1 & 2,327,UNITED STATES SENATOR,TAYLOR,T,RIB LAKE
ERIC HOVDE,ROOSEVELT,130,UNITED STATES SENATOR,TAYLOR,T,ROOSEVELT
ERIC HOVDE,TAFT,114,UNITED STATES SENATOR,TAYLOR,T,TAFT
ERIC HOVDE,WESTBORO,0,UNITED STATES SENATOR,TAYLOR,T,WESTBORO
ERIC HOVDE,VILLAGE GILMAN,0,UNITED STATES SENATOR,TAYLOR,V,GILMAN
ERIC HOVDE,VILLAGE LUBLIN,42,UNITED STATES SENATOR,TAYLOR,V,LUBLIN
ERIC HOVDE,VILLAGE RIB LAKE,0,UNITED STATES SENATOR,TAYLOR,V,RIB LAKE
ERIC HOVDE,VILLAGE STETSONVILLE,188,UNITED STATES SENATOR,TAYLOR,V,STETSONVILLE
ERIC HOVDE,C. MEDFORD 1 - 8,0,UNITED STATES SENATOR,TAYLOR,C,MEDFORD
PHIL ANDERSON,PERSHING,0,UNITED STATES SENATOR,TAYLOR,T,PERSHING
PHIL ANDERSON,RIB LAKE 1 & 2,5,UNITED STATES SENATOR,TAYLOR,T,RIB LAKE
PHIL ANDERSON,ROOSEVELT,4,UNITED STATES SENATOR,TAYLOR,T,ROOSEVELT
PHIL ANDERSON,TAFT,4,UNITED STATES SENATOR,TAYLOR,T,TAFT
PHIL ANDERSON,WESTBORO,0,UNITED STATES SENATOR,TAYLOR,T,WESTBORO
PHIL ANDERSON,VILLAGE GILMAN,0,UNITED STATES SENATOR,TAYLOR,V,GILMAN
PHIL ANDERSON,VILLAGE LUBLIN,1,UNITED STATES SENATOR,TAYLOR,V,LUBLIN
PHIL ANDERSON,VILLAGE RIB LAKE,0,UNITED STATES SENATOR,TAYLOR,V,RIB LAKE
PHIL ANDERSON,VILLAGE STETSONVILLE,3,UNITED STATES SENATOR,TAYLOR,V,STETSONVILLE
PHIL ANDERSON,C. MEDFORD 1 - 8,0,UNITED STATES SENATOR,TAYLOR,C,MEDFORD
THOMAS LEAGER,PERSHING,0,UNITED STATES SENATOR,TAYLOR,T,PERSHING
THOMAS LEAGER,RIB LAKE 1 & 2,10,UNITED STATES SENATOR,TAYLOR,T,RIB LAKE
THOMAS LEAGER,ROOSEVELT,3,UNITED STATES SENATOR,TAYLOR,T,ROOSEVELT
THOMAS LEAGER,TAFT,1,UNITED STATES SENATOR,TAYLOR,T,TAFT
THOMAS LEAGER,WESTBORO,0,UNITED STATES SENATOR,TAYLOR,T,WESTBORO
THOMAS LEAGER,VILLAGE GILMAN,0,UNITED STATES SENATOR,TAYLOR,V,GILMAN
THOMAS LEAGER,VILLAGE LUBLIN,2,UNITED STATES SENATOR,TAYLOR,V,LUBLIN
THOMAS LEAGER,VILLAGE RIB LAKE,0,UNITED STATES SENATOR,TAYLOR,V,RIB LAKE
THOMAS LEAGER,VILLAGE STETSONVILLE,3,UNITED STATES SENATOR,TAYLOR,V,STETSONVILLE
THOMAS LEAGER,C. MEDFORD 1 - 8,0,UNITED STATES SENATOR,TAYLOR,C,MEDFORD
WRITE-IN,PERSHING,0,UNITED STATES SENATOR,TAYLOR,T,PERSHING
WRITE-IN,RIB LAKE 1 & 2,0,UNITED STATES SENATOR,TAYLOR,T,RIB LAKE
WRITE-IN,ROOSEVELT,0,UNITED STATES SENATOR,TAYLOR,T,ROOSEVELT
WRITE-IN,TAFT,0,UNITED STATES SENATOR,TAYLOR,T,TAFT
WRITE-IN,WESTBORO,0,UNITED STATES SENATOR,TAYLOR,T,WESTBORO
WRITE-IN,VILLAGE GILMAN,0,UNITED STATES SENATOR,TAYLOR,V,GILMAN
WRITE-IN,VILLAGE LUBLIN,0,UNITED STATES SENATOR,TAYLOR,V,LUBLIN
WRITE-IN,VILLAGE RIB LAKE,0,UNITED STATES SENATOR,TAYLOR,V,RIB LAKE
WRITE-IN,VILLAGE STETSONVILLE,0,UNITED STATES SENATOR,TAYLOR,V,STETSONVILLE
WRITE-IN,C. MEDFORD 1 - 8,0,UNITED STATES SENATOR,TAYLOR,C,MEDFORD
KYLE KILBOURN,AURORA,0,D7 CONGRESS REP,TAYLOR,T,AURORA
KYLE KILBOURN,BROWNING,0,D7 CONGRESS REP,TAYLOR,T,BROWNING
KYLE KILBOURN,CHELSEA,0,D7 CONGRESS REP,TAYLOR,T,CHELSEA
KYLE KILBOURN,CLEVELAND,0,D7 CONGRESS REP,TAYLOR,T,CLEVELAND
KYLE KILBOURN,DEER CREEK,55,D7 CONGRESS REP,TAYLOR,T,DEER CREEK
KYLE KILBOURN,FORD,0,D7 CONGRESS REP,TAYLOR,T,FORD
KYLE KILBOURN,GOODRICH,0,D7 CONGRESS REP,TAYLOR,T,GOODRICH
KYLE KILBOURN,GREENWOOD,0,D7 CONGRESS REP,TAYLOR,T,GREENWOOD
KYLE KILBOURN,GROVER,0,D7 CONGRESS REP,TAYLOR,T,GROVER
KYLE KILBOURN,HAMMEL 1 & 2,90,D7 CONGRESS REP,TAYLOR,T,HAMMEL
KYLE KILBOURN,HOLWAY,0,D7 CONGRESS REP,TAYLOR,T,HOLWAY
KYLE KILBOURN,JUMP RIVER,37,D7 CONGRESS REP,TAYLOR,T,JUMP RIVER
KYLE KILBOURN,LITTLE BLACK 1 & 2,0,D7 CONGRESS REP,TAYLOR,T,LITTLE BLACK
KYLE KILBOURN,MAPLEHURST,30,D7 CONGRESS REP,TAYLOR,T,MAPLEHURST
KYLE KILBOURN,MCKINLEY,0,D7 CONGRESS REP,TAYLOR,T,MCKINLEY
KYLE KILBOURN,MEDFORD 1 - 3,0,D7 CONGRESS REP,TAYLOR,T,MEDFORD
KYLE KILBOURN,MOLITOR,0,D7 CONGRESS REP,TAYLOR,T,MOLITOR
TOM TIFFANY,AURORA,0,D7 CONGRESS REP,TAYLOR,T,AURORA
TOM TIFFANY,BROWNING,0,D7 CONGRESS REP,TAYLOR,T,BROWNING
TOM TIFFANY,CHELSEA,0,D7 CONGRESS REP,TAYLOR,T,CHELSEA
TOM TIFFANY,CLEVELAND,0,D7 CONGRESS REP,TAYLOR,T,CLEVELAND
TOM TIFFANY,DEER CREEK,328,D7 CONGRESS REP,TAYLOR,T,DEER CREEK
TOM TIFFANY,FORD,0,D7 CONGRESS REP,TAYLOR,T,FORD
TOM TIFFANY,GOODRICH,0,D7 CONGRESS REP,TAYLOR,T,GOODRICH
TOM TIFFANY,GREENWOOD,0,D7 CONGRESS REP,TAYLOR,T,GREENWOOD
TOM TIFFANY,GROVER,0,D7 CONGRESS REP,TAYLOR,T,GROVER
TOM TIFFANY,HAMMEL 1 & 2,357,D7 CONGRESS REP,TAYLOR,T,HAMMEL
TOM TIFFANY,HOLWAY,0,D7 CONGRESS REP,TAYLOR,T,HOLWAY
TOM TIFFANY,JUMP RIVER,115,D7 CONGRESS REP,TAYLOR,T,JUMP RIVER
TOM TIFFANY,LITTLE BLACK 1 & 2,0,D7 CONGRESS REP,TAYLOR,T,LITTLE BLACK
TOM TIFFANY,MAPLEHURST,144,D7 CONGRESS REP,TAYLOR,T,MAPLEHURST
TOM TIFFANY,MCKINLEY,0,D7 CONGRESS REP,TAYLOR,T,MCKINLEY
TOM TIFFANY,MEDFORD 1 - 3,0,D7 CONGRESS REP,TAYLOR,T,MEDFORD
TOM TIFFANY,MOLITOR,0,D7 CONGRESS REP,TAYLOR,T,MOLITOR
WRITE-IN,AURORA,0,D7 CONGRESS REP,TAYLOR,T,AURORA
WRITE-IN,BROWNING,0,D7 CONGRESS REP,TAYLOR,T,BROWNING
WRITE-IN,CHELSEA,0,D7 CONGRESS REP,TAYLOR,T,CHELSEA
WRITE-IN,CLEVELAND,0,D7 CONGRESS REP,TAYLOR,T,CLEVELAND
WRITE-IN,DEER CREEK,0,D7 CONGRESS REP,TAYLOR,T,DEER CREEK
WRITE-IN,FORD,0,D7 CONGRESS REP,TAYLOR,T,FORD
WRITE-IN,GOODRICH,0,D7 CONGRESS REP,TAYLOR,T,GOODRICH
WRITE-IN,GREENWOOD,0,D7 CONGRESS REP,TAYLOR,T,GREENWOOD
WRITE-IN,GROVER,0,D7 CONGRESS REP,TAYLOR,T,GROVER
WRITE-IN,HAMMEL 1 & 2,0,D7 CONGRESS REP,TAYLOR,T,HAMMEL
WRITE-IN,HOLWAY,0,D7 CONGRESS REP,TAYLOR,T,HOLWAY
WRITE-IN,JUMP RIVER,0,D7 CONGRESS REP,TAYLOR,T,JUMP RIVER
WRITE-IN,LITTLE BLACK 1 & 2,0,D7 CONGRESS REP,TAYLOR,T,LITTLE BLACK
WRITE-IN,MAPLEHURST,0,D7 CONGRESS REP,TAYLOR,T,MAPLEHURST
WRITE-IN,MCKINLEY,0,D7 CONGRESS REP,TAYLOR,T,MCKINLEY
WRITE-IN,MEDFORD 1 - 3,0,D7 CONGRESS REP,TAYLOR,T,MEDFORD
WRITE-IN,MOLITOR,0,D7 CONGRESS REP,TAYLOR,T,MOLITOR
KYLE KILBOURN,PERSHING,0,D7 CONGRESS REP,TAYLOR,T,PERSHING
KYLE KILBOURN,RIB LAKE 1 & 2,94,D7 CONGRESS REP,TAYLOR,T,RIB LAKE
KYLE KILBOURN,ROOSEVELT,51,D7 CONGRESS REP,TAYLOR,T,ROOSEVELT
KYLE KILBOURN,TAFT,38,D7 CONGRESS REP,TAYLOR,T,TAFT
KYLE KILBOURN,WESTBORO,0,D7 CONGRESS REP,TAYLOR,T,WESTBORO
KYLE KILBOURN,VILLAGE GILMAN,0,D7 CONGRESS REP,TAYLOR,V,GILMAN
KYLE KILBOURN,VILLAGE LUBLIN,8,D7 CONGRESS REP,TAYLOR,V,LUBLIN
KYLE KILBOURN,VILLAGE RIB LAKE,0,D7 CONGRESS REP,TAYLOR,V,RIB LAKE
KYLE KILBOURN,VILLAGE STETSONVILLE,67,D7 CONGRESS REP,TAYLOR,V,STETSONVILLE
KYLE KILBOURN,C. MEDFORD 1 - 8,0,D7 CONGRESS REP,TAYLOR,C,MEDFORD
TOM TIFFANY,PERSHING,0,D7 CONGRESS REP,TAYLOR,T,PERSHING
TOM TIFFANY,RIB LAKE 1 & 2,343,D7 CONGRESS REP,TAYLOR,T,RIB LAKE
TOM TIFFANY,ROOSEVELT,139,D7 CONGRESS REP,TAYLOR,T,ROOSEVELT
TOM TIFFANY,TAFT,122,D7 CONGRESS REP,TAYLOR,T,TAFT
TOM TIFFANY,WESTBORO,0,D7 CONGRESS REP,TAYLOR,T,WESTBORO
TOM TIFFANY,VILLAGE GILMAN,0,D7 CONGRESS REP,TAYLOR,V,GILMAN
TOM TIFFANY,VILLAGE LUBLIN,46,D7 CONGRESS REP,TAYLOR,V,LUBLIN
TOM TIFFANY,VILLAGE RIB LAKE,0,D7 CONGRESS REP,TAYLOR,V,RIB LAKE
TOM TIFFANY,VILLAGE STETSONVILLE,201,D7 CONGRESS REP,TAYLOR,V,STETSONVILLE
TOM TIFFANY,C. MEDFORD 1 - 8,0,D7 CONGRESS REP,TAYLOR,C,MEDFORD
WRITE-IN,PERSHING,0,D7 CONGRESS REP,TAYLOR,T,PERSHING
WRITE-IN,RIB LAKE 1 & 2,0,D7 CONGRESS REP,TAYLOR,T,RIB LAKE
WRITE-IN,ROOSEVELT,0,D7 CONGRESS REP,TAYLOR,T,ROOSEVELT
WRITE-IN,TAFT,0,D7 CONGRESS REP,TAYLOR,T,TAFT
WRITE-IN,WESTBORO,0,D7 CONGRESS REP,TAYLOR,T,WESTBORO
WRITE-IN,VILLAGE GILMAN,0,D7 CONGRESS REP,TAYLOR,V,GILMAN
WRITE-IN,VILLAGE LUBLIN,0,D7 CONGRESS REP,TAYLOR,V,LUBLIN
WRITE-IN,VILLAGE RIB LAKE,0,D7 CONGRESS REP,TAYLOR,V,RIB LAKE
WRITE-IN,VILLAGE STETSONVILLE,0,D7 CONGRESS REP,TAYLOR,V,STETSONVILLE
WRITE-IN,C. MEDFORD 1 - 8,0,D7 CONGRESS REP,TAYLOR,C,MEDFORD
KRISTI S TLUSTY,AURORA,0,DISTRICT ATTORNEY,TAYLOR,T,AURORA
KRISTI S TLUSTY,BROWNING,0,DISTRICT ATTORNEY,TAYLOR,T,BROWNING
KRISTI S TLUSTY,CHELSEA,0,DISTRICT ATTORNEY,TAYLOR,T,CHELSEA
KRISTI S TLUSTY,CLEVELAND,0,DISTRICT ATTORNEY,TAYLOR,T,CLEVELAND
KRISTI S TLUSTY,DEER CREEK,257,DISTRICT ATTORNEY,TAYLOR,T,DEER CREEK
KRISTI S TLUSTY,FORD,0,DISTRICT ATTORNEY,TAYLOR,T,FORD
KRISTI S TLUSTY,GOODRICH,0,DISTRICT ATTORNEY,TAYLOR,T,GOODRICH
KRISTI S TLUSTY,GREENWOOD,0,DISTRICT ATTORNEY,TAYLOR,T,GREENWOOD
KRISTI S TLUSTY,GROVER,0,DISTRICT ATTORNEY,TAYLOR,T,GROVER
KRISTI S TLUSTY,HAMMEL 1 & 2,326,DISTRICT ATTORNEY,TAYLOR,T,HAMMEL
KRISTI S TLUSTY,HOLWAY,0,DISTRICT ATTORNEY,TAYLOR,T,HOLWAY
KRISTI S TLUSTY,JUMP RIVER,101,DISTRICT ATTORNEY,TAYLOR,T,JUMP RIVER
KRISTI S TLUSTY,LITTLE BLACK 1 & 2,0,DISTRICT ATTORNEY,TAYLOR,T,LITTLE BLACK
KRISTI S TLUSTY,MAPLEHURST,122,DISTRICT ATTORNEY,TAYLOR,T,MAPLEHURST
KRISTI S TLUSTY,MCKINLEY,0,DISTRICT ATTORNEY,TAYLOR,T,MCKINLEY
KRISTI S TLUSTY,MEDFORD 1 - 3,0,DISTRICT ATTORNEY,TAYLOR,T,MEDFORD
KRISTI S TLUSTY,MOLITOR,0,DISTRICT ATTORNEY,TAYLOR,T,MOLITOR
WRITE-IN,AURORA,0,DISTRICT ATTORNEY,TAYLOR,T,AURORA
WRITE-IN,BROWNING,0,DISTRICT ATTORNEY,TAYLOR,T,BROWNING
WRITE-IN,CHELSEA,0,DISTRICT ATTORNEY,TAYLOR,T,CHELSEA
WRITE-IN,CLEVELAND,0,DISTRICT ATTORNEY,TAYLOR,T,CLEVELAND
WRITE-IN,DEER CREEK,0,DISTRICT ATTORNEY,TAYLOR,T,DEER CREEK
WRITE-IN,FORD,0,DISTRICT ATTORNEY,TAYLOR,T,FORD
WRITE-IN,GOODRICH,0,DISTRICT ATTORNEY,TAYLOR,T,GOODRICH
WRITE-IN,GREENWOOD,0,DISTRICT ATTORNEY,TAYLOR,T,GREENWOOD
WRITE-IN,GROVER,0,DISTRICT ATTORNEY,TAYLOR,T,GROVER
WRITE-IN,HAMMEL 1 & 2,0,DISTRICT ATTORNEY,TAYLOR,T,HAMMEL
WRITE-IN,HOLWAY,0,DISTRICT ATTORNEY,TAYLOR,T,HOLWAY
WRITE-IN,JUMP RIVER,0,DISTRICT ATTORNEY,TAYLOR,T,JUMP RIVER
WRITE-IN,LITTLE BLACK 1 & 2,0,DISTRICT ATTORNEY,TAYLOR,T,LITTLE BLACK
WRITE-IN,MAPLEHURST,0,DISTRICT ATTORNEY,TAYLOR,T,MAPLEHURST
WRITE-IN,MCKINLEY,0,DISTRICT ATTORNEY,TAYLOR,T,MCKINLEY
WRITE-IN,MEDFORD 1 - 3,0,DISTRICT ATTORNEY,TAYLOR,T,MEDFORD
WRITE-IN,MOLITOR,0,DISTRICT ATTORNEY,TAYLOR,T,MOLITOR
KRISTI S TLUSTY,PERSHING,0,DISTRICT ATTORNEY,TAYLOR,T,PERSHING
KRISTI S TLUSTY,RIB LAKE 1 & 2,281,DISTRICT ATTORNEY,TAYLOR,T,RIB LAKE
KRISTI S TLUSTY,ROOSEVELT,131,DISTRICT ATTORNEY,TAYLOR,T,ROOSEVELT
KRISTI S TLUSTY,TAFT,112,DISTRICT ATTORNEY,TAYLOR,T,TAFT
KRISTI S TLUSTY,WESTBORO,0,DISTRICT ATTORNEY,TAYLOR,T,WESTBORO
KRISTI S TLUSTY,VILLAGE GILMAN,0,DISTRICT ATTORNEY,TAYLOR,V,GILMAN
KRISTI S TLUSTY,VILLAGE LUBLIN,41,DISTRICT ATTORNEY,TAYLOR,V,LUBLIN
KRISTI S TLUSTY,VILLAGE RIB LAKE,0,DISTRICT ATTORNEY,TAYLOR,V,RIB LAKE
KRISTI S TLUSTY,VILLAGE STETSONVILLE,222,DISTRICT ATTORNEY,TAYLOR,V,STETSONVILLE
KRISTI S TLUSTY,C. MEDFORD 1 - 8,0,DISTRICT ATTORNEY,TAYLOR,C,MEDFORD
WRITE-IN,PERSHING,0,DISTRICT ATTORNEY,TAYLOR,T,PERSHING
WRITE-IN,RIB LAKE 1 & 2,0,DISTRICT ATTORNEY,TAYLOR,T,RIB LAKE
WRITE-IN,ROOSEVELT,0,DISTRICT ATTORNEY,TAYLOR,T,ROOSEVELT
WRITE-IN,TAFT,0,DISTRICT ATTORNEY,TAYLOR,T,TAFT
WRITE-IN,WESTBORO,0,DISTRICT ATTORNEY,TAYLOR,T,WESTBORO
WRITE-IN,VILLAGE GILMAN,0,DISTRICT ATTORNEY,TAYLOR,V,GILMAN
WRITE-IN,VILLAGE LUBLIN,0,DISTRICT ATTORNEY,TAYLOR,V,LUBLIN
WRITE-IN,VILLAGE RIB LAKE,0,DISTRICT ATTORNEY,TAYLOR,V,RIB LAKE
WRITE-IN,VILLAGE STETSONVILLE,0,DISTRICT ATTORNEY,TAYLOR,V,STETSONVILLE
WRITE-IN,C. MEDFORD 1 - 8,0,DISTRICT ATTORNEY,TAYLOR,C,MEDFORD
ANDRIA M FARRAND,AURORA,0,COUNTY CLERK,TAYLOR,T,AURORA
ANDRIA M FARRAND,BROWNING,0,COUNTY CLERK,TAYLOR,T,BROWNING
ANDRIA M FARRAND,CHELSEA,0,COUNTY CLERK,TAYLOR,T,CHELSEA
ANDRIA M FARRAND,CLEVELAND,0,COUNTY CLERK,TAYLOR,T,CLEVELAND
ANDRIA M FARRAND,DEER CREEK,354,COUNTY CLERK,TAYLOR,T,DEER CREEK
ANDRIA M FARRAND,FORD,0,COUNTY CLERK,TAYLOR,T,FORD
ANDRIA M FARRAND,GOODRICH,0,COUNTY CLERK,TAYLOR,T,GOODRICH
ANDRIA M FARRAND,GREENWOOD,0,COUNTY CLERK,TAYLOR,T,GREENWOOD
ANDRIA M FARRAND,GROVER,0,COUNTY CLERK,TAYLOR,T,GROVER
ANDRIA M FARRAND,HAMMEL 1 & 2,408,COUNTY CLERK,TAYLOR,T,HAMMEL
ANDRIA M FARRAND,HOLWAY,0,COUNTY CLERK,TAYLOR,T,HOLWAY
ANDRIA M FARRAND,JUMP RIVER,127,COUNTY CLERK,TAYLOR,T,JUMP RIVER
ANDRIA M FARRAND,LITTLE BLACK 1 & 2,0,COUNTY CLERK,TAYLOR,T,LITTLE BLACK
ANDRIA M FARRAND,MAPLEHURST,157,COUNTY CLERK,TAYLOR,T,MAPLEHURST
ANDRIA M FARRAND,MCKINLEY,0,COUNTY CLERK,TAYLOR,T,MCKINLEY
ANDRIA M FARRAND,MEDFORD 1 - 3,0,COUNTY CLERK,TAYLOR,T,MEDFORD
ANDRIA M FARRAND,MOLITOR,0,COUNTY CLERK,TAYLOR,T,MOLITOR
WRITE-IN,AURORA,0,COUNTY CLERK,TAYLOR,T,AURORA
WRITE-IN,BROWNING,0,COUNTY CLERK,TAYLOR,T,BROWNING
WRITE-IN,CHELSEA,0,COUNTY CLERK,TAYLOR,T,CHELSEA
WRITE-IN,CLEVELAND,0,COUNTY CLERK,TAYLOR,T,CLEVELAND
WRITE-IN,DEER CREEK,0,COUNTY CLERK,TAYLOR,T,DEER CREEK
WRITE-IN,FORD,0,COUNTY CLERK,TAYLOR,T,FORD
WRITE-IN,GOODRICH,0,COUNTY CLERK,TAYLOR,T,GOODRICH
WRITE-IN,GREENWOOD,0,COUNTY CLERK,TAYLOR,T,GREENWOOD
WRITE-IN,GROVER,0,COUNTY CLERK,TAYLOR,T,GROVER
WRITE-IN,HAMMEL 1 & 2,0,COUNTY CLERK,TAYLOR,T,HAMMEL
WRITE-IN,HOLWAY,0,COUNTY CLERK,TAYLOR,T,HOLWAY
WRITE-IN,JUMP RIVER,0,COUNTY CLERK,TAYLOR,T,JUMP RIVER
WRITE-IN,LITTLE BLACK 1 & 2,0,COUNTY CLERK,TAYLOR,T,LITTLE BLACK
WRITE-IN,MAPLEHURST,0,COUNTY CLERK,TAYLOR,T,MAPLEHURST
WRITE-IN,MCKINLEY,0,COUNTY CLERK,TAYLOR,T,MCKINLEY
WRITE-IN,MEDFORD 1 - 3,0,COUNTY CLERK,TAYLOR,T,MEDFORD
WRITE-IN,MOLITOR,0,COUNTY CLERK,TAYLOR,T,MOLITOR
ANDRIA M FARRAND,PERSHING,0,COUNTY CLERK,TAYLOR,T,PERSHING
ANDRIA M FARRAND,RIB LAKE 1 & 2,381,COUNTY CLERK,TAYLOR,T,RIB LAKE
ANDRIA M FARRAND,ROOSEVELT,166,COUNTY CLERK,TAYLOR,T,ROOSEVELT
ANDRIA M FARRAND,TAFT,147,COUNTY CLERK,TAYLOR,T,TAFT
ANDRIA M FARRAND,WESTBORO,0,COUNTY CLERK,TAYLOR,T,WESTBORO
ANDRIA M FARRAND,VILLAGE GILMAN,0,COUNTY CLERK,TAYLOR,V,GILMAN
ANDRIA M FARRAND,VILLAGE LUBLIN,57,COUNTY CLERK,TAYLOR,V,LUBLIN
ANDRIA M FARRAND,VILLAGE RIB LAKE,0,COUNTY CLERK,TAYLOR,V,RIB LAKE
ANDRIA M FARRAND,VILLAGE STETSONVILLE,241,COUNTY CLERK,TAYLOR,V,STETSONVILLE
ANDRIA M FARRAND,C. MEDFORD 1 - 8,0,COUNTY CLERK,TAYLOR,C,MEDFORD
WRITE-IN,PERSHING,0,COUNTY CLERK,TAYLOR,T,PERSHING
WRITE-IN,RIB LAKE 1 & 2,0,COUNTY CLERK,TAYLOR,T,RIB LAKE
WRITE-IN,ROOSEVELT,0,COUNTY CLERK,TAYLOR,T,ROOSEVELT
WRITE-IN,TAFT,0,COUNTY CLERK,TAYLOR,T,TAFT
WRITE-IN,WESTBORO,0,COUNTY CLERK,TAYLOR,T,WESTBORO
WRITE-IN,VILLAGE GILMAN,0,COUNTY CLERK,TAYLOR,V,GILMAN
WRITE-IN,VILLAGE LUBLIN,0,COUNTY CLERK,TAYLOR,V,LUBLIN
WRITE-IN,VILLAGE RIB LAKE,0,COUNTY CLERK,TAYLOR,V,RIB LAKE
WRITE-IN,VILLAGE STETSONVILLE,0,COUNTY CLERK,TAYLOR,V,STETSONVILLE
WRITE-IN,C. MEDFORD 1 - 8,0,COUNTY CLERK,TAYLOR,C,MEDFORD
SARAH RUTH HOLTZ,AURORA,0,COUNTY TREASURER,TAYLOR,T,AURORA
SARAH RUTH HOLTZ,BROWNING,0,COUNTY TREASURER,TAYLOR,T,BROWNING
SARAH RUTH HOLTZ,CHELSEA,0,COUNTY TREASURER,TAYLOR,T,CHELSEA
SARAH RUTH HOLTZ,CLEVELAND,0,COUNTY TREASURER,TAYLOR,T,CLEVELAND
SARAH RUTH HOLTZ,DEER CREEK,367,COUNTY TREASURER,TAYLOR,T,DEER CREEK
SARAH RUTH HOLTZ,FORD,0,COUNTY TREASURER,TAYLOR,T,FORD
SARAH RUTH HOLTZ,GOODRICH,0,COUNTY TREASURER,TAYLOR,T,GOODRICH
SARAH RUTH HOLTZ,GREENWOOD,0,COUNTY TREASURER,TAYLOR,T,GREENWOOD
SARAH RUTH HOLTZ,GROVER,0,COUNTY TREASURER,TAYLOR,T,GROVER
SARAH RUTH HOLTZ,HAMMEL 1 & 2,412,COUNTY TREASURER,TAYLOR,T,HAMMEL
SARAH RUTH HOLTZ,HOLWAY,0,COUNTY TREASURER,TAYLOR,T,HOLWAY
SARAH RUTH HOLTZ,JUMP RIVER,131,COUNTY TREASURER,TAYLOR,T,JUMP RIVER
SARAH RUTH HOLTZ,LITTLE BLACK 1 & 2,0,COUNTY TREASURER,TAYLOR,T,LITTLE BLACK
SARAH RUTH HOLTZ,MAPLEHURST,158,COUNTY TREASURER,TAYLOR,T,MAPLEHURST
SARAH RUTH HOLTZ,MCKINLEY,0,COUNTY TREASURER,TAYLOR,T,MCKINLEY
SARAH RUTH HOLTZ,MEDFORD 1 - 3,0,COUNTY TREASURER,TAYLOR,T,MEDFORD
SARAH RUTH HOLTZ,MOLITOR,0,COUNTY TREASURER,TAYLOR,T,MOLITOR
WRITE-IN,AURORA,0,COUNTY TREASURER,TAYLOR,T,AURORA
WRITE-IN,BROWNING,0,COUNTY TREASURER,TAYLOR,T,BROWNING
WRITE-IN,CHELSEA,0,COUNTY TREASURER,TAYLOR,T,CHELSEA
WRITE-IN,CLEVELAND,0,COUNTY TREASURER,TAYLOR,T,CLEVELAND
WRITE-IN,DEER CREEK,0,COUNTY TREASURER,TAYLOR,T,DEER CREEK
WRITE-IN,FORD,0,COUNTY TREASURER,TAYLOR,T,FORD
WRITE-IN,GOODRICH,0,COUNTY TREASURER,TAYLOR,T,GOODRICH
WRITE-IN,GREENWOOD,0,COUNTY TREASURER,TAYLOR,T,GREENWOOD
WRITE-IN,GROVER,0,COUNTY TREASURER,TAYLOR,T,GROVER
WRITE-IN,HAMMEL 1 & 2,0,COUNTY TREASURER,TAYLOR,T,HAMMEL
WRITE-IN,HOLWAY,0,COUNTY TREASURER,TAYLOR,T,HOLWAY
WRITE-IN,JUMP RIVER,0,COUNTY TREASURER,TAYLOR,T,JUMP RIVER
WRITE-IN,LITTLE BLACK 1 & 2,0,COUNTY TREASURER,TAYLOR,T,LITTLE BLACK
WRITE-IN,MAPLEHURST,0,COUNTY TREASURER,TAYLOR,T,MAPLEHURST
WRITE-IN,MCKINLEY,0,COUNTY TREASURER,TAYLOR,T,MCKINLEY
WRITE-IN,MEDFORD 1 - 3,0,COUNTY TREASURER,TAYLOR,T,MEDFORD
WRITE-IN,MOLITOR,0,COUNTY TREASURER,TAYLOR,T,MOLITOR
SARAH RUTH HOLTZ,PERSHING,0,COUNTY TREASURER,TAYLOR,T,PERSHING
SARAH RUTH HOLTZ,RIB LAKE 1 & 2,383,COUNTY TREASURER,TAYLOR,T,RIB LAKE
SARAH RUTH HOLTZ,ROOSEVELT,166,COUNTY TREASURER,TAYLOR,T,ROOSEVELT
SARAH RUTH HOLTZ,TAFT,152,COUNTY TREASURER,TAYLOR,T,TAFT
SARAH RUTH HOLTZ,WESTBORO,0,COUNTY TREASURER,TAYLOR,T,WESTBORO
SARAH RUTH HOLTZ,VILLAGE GILMAN,0,COUNTY TREASURER,TAYLOR,V,GILMAN
SARAH RUTH HOLTZ,VILLAGE LUBLIN,54,COUNTY TREASURER,TAYLOR,V,LUBLIN
SARAH RUTH HOLTZ,VILLAGE RIB LAKE,0,COUNTY TREASURER,TAYLOR,V,RIB LAKE
SARAH RUTH HOLTZ,VILLAGE STETSONVILLE,246,COUNTY TREASURER,TAYLOR,V,STETSONVILLE
SARAH RUTH HOLTZ,C. MEDFORD 1 - 8,0,COUNTY TREASURER,TAYLOR,C,MEDFORD
WRITE-IN,PERSHING,0,COUNTY TREASURER,TAYLOR,T,PERSHING
WRITE-IN,RIB LAKE 1 & 2,0,COUNTY TREASURER,TAYLOR,T,RIB LAKE
WRITE-IN,ROOSEVELT,0,COUNTY TREASURER,TAYLOR,T,ROOSEVELT
WRITE-IN,TAFT,0,COUNTY TREASURER,TAYLOR,T,TAFT
WRITE-IN,WESTBORO,0,COUNTY TREASURER,TAYLOR,T,WESTBORO
WRITE-IN,VILLAGE GILMAN,0,COUNTY TREASURER,TAYLOR,V,GILMAN
WRITE-IN,VILLAGE LUBLIN,0,COUNTY TREASURER,TAYLOR,V,LUBLIN
WRITE-IN,VILLAGE RIB LAKE,0,COUNTY TREASURER,TAYLOR,V,RIB LAKE
WRITE-IN,VILLAGE STETSONVILLE,0,COUNTY TREASURER,TAYLOR,V,STETSONVILLE
WRITE-IN,C. MEDFORD 1 - 8,0,COUNTY TREASURER,TAYLOR,C,MEDFORD
JAYMI S KOHN,AURORA,0,REGISTER OF DEEDS,TAYLOR,T,AURORA
JAYMI S KOHN,BROWNING,0,REGISTER OF DEEDS,TAYLOR,T,BROWNING
JAYMI S KOHN,CHELSEA,0,REGISTER OF DEEDS,TAYLOR,T,CHELSEA
JAYMI S KOHN,CLEVELAND,0,REGISTER OF DEEDS,TAYLOR,T,CLEVELAND
JAYMI S KOHN,DEER CREEK,357,REGISTER OF DEEDS,TAYLOR,T,DEER CREEK
JAYMI S KOHN,FORD,0,REGISTER OF DEEDS,TAYLOR,T,FORD
JAYMI S KOHN,GOODRICH,0,REGISTER OF DEEDS,TAYLOR,T,GOODRICH
JAYMI S KOHN,GREENWOOD,0,REGISTER OF DEEDS,TAYLOR,T,GREENWOOD
JAYMI S KOHN,GROVER,0,REGISTER OF DEEDS,TAYLOR,T,GROVER
JAYMI S KOHN,HAMMEL 1 & 2,415,REGISTER OF DEEDS,TAYLOR,T,HAMMEL
JAYMI S KOHN,HOLWAY,0,REGISTER OF DEEDS,TAYLOR,T,HOLWAY
JAYMI S KOHN,JUMP RIVER,128,REGISTER OF DEEDS,TAYLOR,T,JUMP RIVER
JAYMI S KOHN,LITTLE BLACK 1 & 2,0,REGISTER OF DEEDS,TAYLOR,T,LITTLE BLACK
JAYMI S KOHN,MAPLEHURST,158,REGISTER OF DEEDS,TAYLOR,T,MAPLEHURST
JAYMI S KOHN,MCKINLEY,0,REGISTER OF DEEDS,TAYLOR,T,MCKINLEY
JAYMI S KOHN,MEDFORD 1 - 3,0,REGISTER OF DEEDS,TAYLOR,T,MEDFORD
JAYMI S KOHN,MOLITOR,0,REGISTER OF DEEDS,TAYLOR,T,MOLITOR
WRITE-IN,AURORA,0,REGISTER OF DEEDS,TAYLOR,T,AURORA
WRITE-IN,BROWNING,0,REGISTER OF DEEDS,TAYLOR,T,BROWNING
WRITE-IN,CHELSEA,0,REGISTER OF DEEDS,TAYLOR,T,CHELSEA
WRITE-IN,CLEVELAND,0,REGISTER OF DEEDS,TAYLOR,T,CLEVELAND
WRITE-IN,DEER CREEK,0,REGISTER OF DEEDS,TAYLOR,T,DEER CREEK
WRITE-IN,FORD,0,REGISTER OF DEEDS,TAYLOR,T,FORD
WRITE-IN,GOODRICH,0,REGISTER OF DEEDS,TAYLOR,T,GOODRICH
WRITE-IN,GREENWOOD,0,REGISTER OF DEEDS,TAYLOR,T,GREENWOOD
WRITE-IN,GROVER,0,REGISTER OF DEEDS,TAYLOR,T,GROVER
WRITE-IN,HAMMEL 1 & 2,0,REGISTER OF DEEDS,TAYLOR,T,HAMMEL
WRITE-IN,HOLWAY,0,REGISTER OF DEEDS,TAYLOR,T,HOLWAY
WRITE-IN,JUMP RIVER,0,REGISTER OF DEEDS,TAYLOR,T,JUMP RIVER
WRITE-IN,LITTLE BLACK 1 & 2,0,REGISTER OF DEEDS,TAYLOR,T,LITTLE BLACK
WRITE-IN,MAPLEHURST,0,REGISTER OF DEEDS,TAYLOR,T,MAPLEHURST
WRITE-IN,MCKINLEY,0,REGISTER OF DEEDS,TAYLOR,T,MCKINLEY
WRITE-IN,MEDFORD 1 - 3,0,REGISTER OF DEEDS,TAYLOR,T,MEDFORD
WRITE-IN,MOLITOR,0,REGISTER OF DEEDS,TAYLOR,T,MOLITOR
JAYMI S KOHN,PERSHING,0,REGISTER OF DEEDS,TAYLOR,T,PERSHING
JAYMI S KOHN,RIB LAKE 1 & 2,386,REGISTER OF DEEDS,TAYLOR,T,RIB LAKE
JAYMI S KOHN,ROOSEVELT,165,REGISTER OF DEEDS,TAYLOR,T,ROOSEVELT
JAYMI S KOHN,TAFT,155,REGISTER OF DEEDS,TAYLOR,T,TAFT
JAYMI S KOHN,WESTBORO,0,REGISTER OF DEEDS,TAYLOR,T,WESTBORO
JAYMI S KOHN,VILLAGE GILMAN,0,REGISTER OF DEEDS,TAYLOR,V,GILMAN
JAYMI S KOHN,VILLAGE LUBLIN,55,REGISTER OF DEEDS,TAYLOR,V,LUBLIN
JAYMI S KOHN,VILLAGE RIB LAKE,0,REGISTER OF DEEDS,TAYLOR,V,RIB LAKE
JAYMI S KOHN,VILLAGE STETSONVILLE,251,REGISTER OF DEEDS,TAYLOR,V,STETSONVILLE
JAYMI S KOHN,C. MEDFORD 1 - 8,0,REGISTER OF DEEDS,TAYLOR,C,MEDFORD
WRITE-IN,PERSHING,0,REGISTER OF DEEDS,TAYLOR,T,PERSHING
WRITE-IN,RIB LAKE 1 & 2,0,REGISTER OF DEEDS,TAYLOR,T,RIB LAKE
WRITE-IN,ROOSEVELT,0,REGISTER OF DEEDS,TAYLOR,T,ROOSEVELT
WRITE-IN,TAFT,0,REGISTER OF DEEDS,TAYLOR,T,TAFT
WRITE-IN,WESTBORO,0,REGISTER OF DEEDS,TAYLOR,T,WESTBORO
WRITE-IN,VILLAGE GILMAN,0,REGISTER OF DEEDS,TAYLOR,V,GILMAN
WRITE-IN,VILLAGE LUBLIN,0,REGISTER OF DEEDS,TAYLOR,V,LUBLIN
WRITE-IN,VILLAGE RIB LAKE,0,REGISTER OF DEEDS,TAYLOR,V,RIB LAKE
WRITE-IN,VILLAGE STETSONVILLE,0,REGISTER OF DEEDS,TAYLOR,V,STETSONVILLE
WRITE-IN,C. MEDFORD 1 - 8,0,REGISTER OF DEEDS,TAYLOR,C,MEDFORD
WI YES,AURORA,0,STATE REFERENDUM,TAYLOR,T,AURORA
WI YES,BROWNING,0,STATE REFERENDUM,TAYLOR,T,BROWNING
WI YES,CHELSEA,0,STATE REFERENDUM,TAYLOR,T,CHELSEA
WI YES,CLEVELAND,0,STATE REFERENDUM,TAYLOR,T,CLEVELAND
WI YES,DEER CREEK,322,STATE REFERENDUM,TAYLOR,T,DEER CREEK
WI YES,FORD,0,STATE REFERENDUM,TAYLOR,T,FORD
WI YES,GOODRICH,0,STATE REFERENDUM,TAYLOR,T,GOODRICH
WI YES,GREENWOOD,0,STATE REFERENDUM,TAYLOR,T,GREENWOOD
WI YES,GROVER,0,STATE REFERENDUM,TAYLOR,T,GROVER
WI YES,HAMMEL 1 & 2,388,STATE REFERENDUM,TAYLOR,T,HAMMEL
WI YES,HOLWAY,0,STATE REFERENDUM,TAYLOR,T,HOLWAY
WI YES,JUMP RIVER,116,STATE REFERENDUM,TAYLOR,T,JUMP RIVER
WI YES,LITTLE BLACK 1 & 2,0,STATE REFERENDUM,TAYLOR,T,LITTLE BLACK
WI YES,MAPLEHURST,153,STATE REFERENDUM,TAYLOR,T,MAPLEHURST
WI YES,MCKINLEY,0,STATE REFERENDUM,TAYLOR,T,MCKINLEY
WI YES,MEDFORD 1 - 3,0,STATE REFERENDUM,TAYLOR,T,MEDFORD
WI YES,MOLITOR,0,STATE REFERENDUM,TAYLOR,T,MOLITOR
WI NO,AURORA,0,STATE REFERENDUM,TAYLOR,T,AURORA
WI NO,BROWNING,0,STATE REFERENDUM,TAYLOR,T,BROWNING
WI NO,CHELSEA,0,STATE REFERENDUM,TAYLOR,T,CHELSEA
WI NO,CLEVELAND,0,STATE REFERENDUM,TAYLOR,T,CLEVELAND
WI NO,DEER CREEK,60,STATE REFERENDUM,TAYLOR,T,DEER CREEK
WI NO,FORD,0,STATE REFERENDUM,TAYLOR,T,FORD
WI NO,GOODRICH,0,STATE REFERENDUM,TAYLOR,T,GOODRICH
WI NO,GREENWOOD,0,STATE REFERENDUM,TAYLOR,T,GREENWOOD
WI NO,GROVER,0,STATE REFERENDUM,TAYLOR,T,GROVER
WI NO,HAMMEL 1 & 2,63,STATE REFERENDUM,TAYLOR,T,HAMMEL
WI NO,HOLWAY,0,STATE REFERENDUM,TAYLOR,T,HOLWAY
WI NO,JUMP RIVER,35,STATE REFERENDUM,TAYLOR,T,JUMP RIVER
WI NO,LITTLE BLACK 1 & 2,0,STATE REFERENDUM,TAYLOR,T,LITTLE BLACK
WI NO,MAPLEHURST,25,STATE REFERENDUM,TAYLOR,T,MAPLEHURST
WI NO,MCKINLEY,0,STATE REFERENDUM,TAYLOR,T,MCKINLEY
WI NO,MEDFORD 1 - 3,0,STATE REFERENDUM,TAYLOR,T,MEDFORD
WI NO,MOLITOR,0,STATE REFERENDUM,TAYLOR,T,MOLITOR
WI YES,PERSHING,0,STATE REFERENDUM,TAYLOR,T,PERSHING
WI YES,RIB LAKE 1 & 2,345,STATE REFERENDUM,TAYLOR,T,RIB LAKE
WI YES,ROOSEVELT,161,STATE REFERENDUM,TAYLOR,T,ROOSEVELT
WI YES,TAFT,140,STATE REFERENDUM,TAYLOR,T,TAFT
WI YES,WESTBORO,0,STATE REFERENDUM,TAYLOR,T,WESTBORO
WI YES,VILLAGE GILMAN,0,STATE REFERENDUM,TAYLOR,V,GILMAN
WI YES,VILLAGE LUBLIN,47,STATE REFERENDUM,TAYLOR,V,LUBLIN
WI YES,VILLAGE RIB LAKE,0,STATE REFERENDUM,TAYLOR,V,RIB LAKE
WI YES,VILLAGE STETSONVILLE,230,STATE REFERENDUM,TAYLOR,V,STETSONVILLE
WI YES,C. MEDFORD 1 - 8,0,STATE REFERENDUM,TAYLOR,C,MEDFORD
WI NO,PERSHING,0,STATE REFERENDUM,TAYLOR,T,PERSHING
WI NO,RIB LAKE 1 & 2,67,STATE REFERENDUM,TAYLOR,T,RIB LAKE
WI NO,ROOSEVELT,27,STATE REFERENDUM,TAYLOR,T,ROOSEVELT
WI NO,TAFT,21,STATE REFERENDUM,TAYLOR,T,TAFT
WI NO,WESTBORO,0,STATE REFERENDUM,TAYLOR,T,WESTBORO
WI NO,VILLAGE GILMAN,0,STATE REFERENDUM,TAYLOR,V,GILMAN
WI NO,VILLAGE LUBLIN,11,STATE REFERENDUM,TAYLOR,V,LUBLIN
WI NO,VILLAGE RIB LAKE,0,STATE REFERENDUM,TAYLOR,V,RIB LAKE
WI NO,VILLAGE STETSONVILLE,40,STATE REFERENDUM,TAYLOR,V,STETSONVILLE
WI NO,C. MEDFORD 1 - 8,0,STATE REFERENDUM,TAYLOR,C,MEDFORD
